[{"rType":"asset","rSubType":"image","fileName":"shutterstock_519653836.jpg","fileSize":133545,"val":"mc-a243194b06be15161e611d5999831500.jpg","aid":"c-kej5JExHf","size":133545},{"rType":"asset","rSubType":"image","fileName":"cards3.jpg","fileSize":200761,"val":"mc-14c715cac88930b867660e39c0b3c59e.jpg","aid":"rNfjiD_nfFu","size":200761},{"rType":"asset","rSubType":"image","fileName":"logo_magenta_vector.png","fileSize":27734,"val":"mc-858bc880039543c30342d76af1a1d544.png","aid":"hzC_jT0oJja","size":27734},{"rType":"asset","rSubType":"image","fileName":"card_bg.jpg","fileSize":132268,"val":"mc-2a1b50a42fb522d7636f9b03da29f2e4.jpg","aid":"ct4cAAPuCsu","size":132268},{"rType":"asset","rSubType":"image","fileName":"jobs.jpg","fileSize":39108,"val":"mc-0cd4440cd7971fdaa93883cfcb9fce19.jpg","aid":"AcVFKJTEU3H","size":39108},{"rType":"asset","rSubType":"image","fileName":"waiterattable.jpg","fileSize":35882,"val":"mc-b1560f61c42d5d1076cfdb3b6fcae9d8.jpg","aid":"giUTcN7IWF1","size":35882},{"rType":"asset","rSubType":"image","fileName":"police_officer.jpg","fileSize":111111,"val":"mc-253b5d3982f3fbd5200f1e87a9bdc5a5.jpg","aid":"_A8UPSkVWTH","size":111111},{"rType":"asset","rSubType":"image","fileName":"teacher_2.jpg","fileSize":30372,"val":"mc-b916612a387d97f7394a0daaf6e2e0e0.jpg","aid":"iB0-g-HBCQ2","size":30372},{"rType":"asset","rSubType":"image","fileName":"nursee.jpg","fileSize":105333,"val":"mc-9ab3f263c858c3c7dc47b9958a3106c3.jpg","aid":"ggUDvZmoaUS","size":105333},{"rType":"asset","rSubType":"image","fileName":"dentist.jpg","fileSize":5809,"val":"mc-9b137d084a1e234f11720424c7bac906.jpg","aid":"_6cT2XxIBKy","size":5809},{"rType":"asset","rSubType":"image","fileName":"coverauthor.png","fileSize":306696,"val":"mc-4c9af61ed93557ffb595687c73a4831c.png","aid":"gc3z1kVBKS","size":306696},{"rType":"asset","rSubType":"image","fileName":"slideshow_3_mini.png","fileSize":162497,"val":"mc-89caa462cb43b72defe15ea1e7782992.png","aid":"2Ha7uk0_xL","size":162497},{"rType":"asset","rSubType":"image","fileName":"slideshow3b.png","fileSize":99104,"val":"mc-3dd56728e7f15a5ea4e4e3c57176c02e.png","aid":"7JStYSHvYI","size":99104},{"rType":"asset","rSubType":"image","fileName":"mc-316393d2c7f272f1ef64fc87317602ea.jpg","fileSize":197848,"val":"mc-cdfcf95d44f08b8efe52429b3790c913.jpg","aid":"upT_q4J-h","size":197848},{"rType":"asset","rSubType":"image","fileName":"chalkboard.jpg","fileSize":194464,"val":"mc-a8072b8bd002b43b42010eaf44f0cf2b.jpg","aid":"2PS8SxuA2iP","size":194464},{"rType":"asset","rSubType":"image","fileName":"Rosco.png","fileSize":20251,"val":"mc-dadbea96cb715321ad1a5167ba349e91.png","aid":"H9wHbJnXLs","size":20251},{"rType":"asset","rSubType":"image","fileName":"unsplash.jpg","fileSize":0,"val":"mc-288da2088d3c8fa134a9279647bcc0dc.jpg","aid":"cV79RsmFKG","size":202728},{"rType":"asset","rSubType":"image","fileName":"unsplash.jpg","fileSize":0,"val":"mc-d647c25a8048f034ae6d60ad243d4b91.jpg","aid":"E1tglrSY5w","size":217573},{"rType":"asset","rSubType":"image","fileName":"unsplash.jpg","fileSize":0,"val":"mc-f5018a8d22d4910bbaa3faf61569fc7a.jpg","aid":"MXf1vU_v4w","size":107476},{"rType":"asset","rSubType":"image","fileName":"unsplash.jpg","fileSize":0,"val":"mc-ff0e16141ce72bc367f4b2b1c91d7b7f.jpg","aid":"iOAEaCT3kh","size":228547},{"rType":"asset","rSubType":"image","fileName":"unsplash.jpg","fileSize":0,"val":"mc-2a9abdeb886369b37513e44a47275f5f.jpg","aid":"vRBCNyl2qA","size":366780},{"rType":"asset","rSubType":"image","fileName":"unsplash.jpg","fileSize":0,"val":"mc-0effaa9de8c086e8802475741886e3df.jpg","aid":"k2JOznGxAQ","size":174205},{"rType":"asset","rSubType":"image","fileName":"unsplash.jpg","fileSize":0,"val":"mc-14f00165a06b891e85cf7db9525a9559.jpg","aid":"lqN3EzpzCU","size":140033},{"rType":"asset","rSubType":"image","fileName":"unsplash.jpg","fileSize":0,"val":"mc-11b9b977668225eee9f16919d1836665.jpg","aid":"zf0d81Kbh3","size":212588},{"rType":"asset","rSubType":"image","fileName":"unsplash.jpg","fileSize":0,"val":"mc-7db525dc89d39dcb715ef22e97389a80.jpg","aid":"O-YO8QDC_q","size":56274},{"rType":"asset","rSubType":"image","fileName":"unsplash.jpg","fileSize":0,"val":"mc-e82b15a8e56f60cd8d7a718efa42fd1a.jpg","aid":"FMgoVJeA6I","size":195469},{"rType":"asset","rSubType":"image","fileName":"unsplash.jpg","fileSize":0,"val":"mc-4b527987aeb43bbd97e02be0aee423ca.jpg","aid":"jQ2kL0gqZ2","size":112674},{"rType":"asset","rSubType":"image","fileName":"unsplash.jpg","fileSize":0,"val":"mc-489e610dcedd2e89da8e133b6c6df0a7.jpg","aid":"V4QPAHtHr7","size":511555},{"rType":"asset","rSubType":"image","fileName":"unsplash.jpg","fileSize":0,"val":"mc-7db7f86590edfd9c90472914f2690028.jpg","aid":"Lqu2FxzFhvH","size":272156},{"rType":"asset","rSubType":"image","fileName":"unsplash.jpg","fileSize":0,"val":"mc-b8cb67a6185d1105057b2f7af1fea22c.jpg","aid":"TkoEOG5W_H-","size":396400},{"rType":"asset","rSubType":"image","fileName":"unsplash.jpg","fileSize":0,"val":"mc-5a5d382e7899d4a5f463a0b8740fd06b.jpg","aid":"AjUAsUI6XC-","size":335081},{"rType":"asset","rSubType":"image","fileName":"unsplash.jpg","fileSize":0,"val":"mc-6ba0e06dd0cb1ab6f4de1f944b41044b.jpg","aid":"vb_gflUhcXS","size":48067},{"rType":"asset","rSubType":"image","fileName":"unsplash.jpg","fileSize":0,"val":"mc-1a98ea1ed2cc313f97582b35a491bcf4.jpg","aid":"pjWSq4c4Vp0","size":107895},{"rType":"asset","rSubType":"image","fileName":"unsplash.jpg","fileSize":0,"val":"mc-b20760838bc4924621c6156244cdb7fe.jpg","aid":"lWAC5ZouOAu","size":157132},{"rType":"asset","rSubType":"image","fileName":"unsplash.jpg","fileSize":0,"val":"mc-4271ee41bdae1dcda534470e580e5e7b.jpg","aid":"flhs5PWy9Gj","size":211861},{"rType":"asset","rSubType":"image","fileName":"unsplash.jpg","fileSize":0,"val":"mc-e65aeead503c7d5e6958903e608dc6f5.jpg","aid":"va4aEcf6FMI","size":63921},{"rType":"asset","rSubType":"image","fileName":"unsplash.jpg","fileSize":0,"val":"mc-386be3ecc0abcc1fc8a6fde1638e7b6a.jpg","aid":"z4lMUXHEgOl","size":231160},{"rType":"asset","rSubType":"image","fileName":"unsplash.jpg","fileSize":0,"val":"mc-8a7d4d6edd726a6e9c6a14c32853c7e5.jpg","aid":"Ce-0miSPoan","size":125718},{"rType":"asset","rSubType":"image","fileName":"unsplash.jpg","fileSize":0,"val":"mc-afc8dffccf581467832d33e4385426b4.jpg","aid":"cSgDaUcJPzi","size":389145},{"rType":"asset","rSubType":"image","fileName":"unsplash.jpg","fileSize":0,"val":"mc-2497cfe22268c499072ad6e6b31afc99.jpg","aid":"iMT5klLLa7F","size":165645},{"rType":"asset","rSubType":"image","fileName":"unsplash.jpg","fileSize":0,"val":"mc-34526d9cefbd85895f7bbce7e8c495e2.jpg","aid":"SqFUWzY-8kN","size":86251},{"rType":"asset","rSubType":"image","fileName":"unsplash.jpg","fileSize":0,"val":"mc-7df046e4fe0414a9c4e037d80797d2d3.jpg","aid":"Aap5-ApQDeY","size":128941},{"rType":"asset","rSubType":"image","fileName":"photo-1615890643735-6cd26210d646 - copia.jfif","fileSize":184845,"val":"mc-c47536c46430c0e49402e91c84b2273f.jfif","aid":"7q3K5fQZk","size":184845},{"rType":"asset","rSubType":"image","fileName":"unsplash.jpg","fileSize":0,"val":"mc-aea2b675955b1ef0d2d0d5874a11f21c.jpg","aid":"6fnTexS56h","size":80632},{"rType":"asset","rSubType":"image","fileName":"unsplash.jpg","fileSize":0,"val":"mc-aea2b675955b1ef0d2d0d5874a11f21c.jpg","aid":"GXgs-icMsj","size":80632},{"rType":"asset","rSubType":"image","fileName":"video_cover1.jpg","fileSize":138477,"val":"mc-08b439053f1861e8512ccf5d18fc3a3a.jpg","aid":"2p9Ek-51na1","size":138477},{"rType":"asset","rSubType":"video","fileName":"924782906.mp4","fileSize":416848,"val":"mc-4698a8bc61390c64cdc93aefc22a6156.mp4","aid":"dq5GO0S5llj","size":416848},{"rType":"asset","rSubType":"image","fileName":"audio.jpg","fileSize":143581,"val":"mc-bd32a735332138e5241c69e318de8971.jpg","aid":"L8BChVAcZRH","size":143581},{"rType":"asset","rSubType":"image","fileName":"hero-course-creation-made-easy.png","fileSize":527466,"val":"mc-23e31125c5c040db4999d5857e867a64.png","aid":"nUXezC15_","size":527466},{"rType":"asset","rSubType":"image","fileName":"mc-316393d2c7f272f1ef64fc87317602ea.jpg","fileSize":197848,"val":"mc-316393d2c7f272f1ef64fc87317602ea.jpg","aid":"B1jpA3aOB","size":197848},{"rType":"asset","rSubType":"image","fileName":"473471.jpg","fileSize":182942,"val":"mc-edd49edaa4b73e5ad4487fe39c9f2eb0.jpg","aid":"B8pg1Lq_uXQ","size":182942},{"rType":"asset","rSubType":"image","fileName":"cards1.jpg","fileSize":183258,"val":"mc-b5250ddd8434a7d644f8d6d14ccf2c61.jpg","aid":"tGOL03fiOjk","size":183258},{"rType":"asset","rSubType":"image","fileName":"facebook_wallpaper.jpg","fileSize":33322,"val":"mc-fcbbb6220eacd952883630b502685f8a.jpg","aid":"Zt2pAeAr1kP","size":33322},{"rType":"asset","rSubType":"image","fileName":"Antes-Despues_05.png","fileSize":50509,"val":"mc-ca2f01adcbadce6846723ea8a31e3bbf.png","aid":"needHW3efu","size":50509},{"rType":"asset","rSubType":"image","fileName":"Antes-Despues_06.png","fileSize":45588,"val":"mc-15de59130664c920eff1fde58c3762f2.png","aid":"Rxc5p9S_v9","size":45588},{"rType":"asset","rSubType":"image","fileName":"crear-decoracion-luminosa.jpg","fileSize":95451,"val":"mc-bb75129f126f280acf5bd55e2f0adfad.jpg","aid":"Byj7za6uH","size":95451},{"rType":"asset","rSubType":"image","fileName":"linked_imgs_home.jpg","fileSize":143019,"val":"mc-8064dd79c2cb2bb31ee38e2d3be13bd0.jpg","aid":"H1gs7f6TOH","size":143019},{"rType":"asset","rSubType":"image","fileName":"cocina-de-gas_ampliacion.jpg","fileSize":76347,"val":"mc-604ec345e5b41ddea01c7b354ebee088.jpg","aid":"ByZimGT6OB","size":76347},{"rType":"asset","rSubType":"image","fileName":"cómo-hacer-que-un-baño-pequeño-parezca-más-grande-fácilmente.jpg","fileSize":62658,"val":"mc-1b4edce0b16a5a377542ff0ee4fe8a86.jpg","aid":"r1foQMaauH","size":62658},{"rType":"asset","rSubType":"image","fileName":"muebles-aguado-vestidor-dormitorio-3a_1508215305_1180X580_c_c_0_0.jpg","fileSize":67954,"val":"mc-3d2e225d274a3d1b66a033c82c04a7e4.jpg","aid":"ryQjmfapOB","size":67954},{"rType":"asset","rSubType":"image","fileName":"rebajas-zara-home-2017-ropa-de-cama-1024x607.jpg","fileSize":64193,"val":"mc-4087b305e5e9b70a7c4bf8a6a9313f22.jpg","aid":"SyEsmzp6dr","size":64193},{"rType":"asset","rSubType":"image","fileName":"cocina_galeria_4_config.jpg","fileSize":95922,"val":"mc-7d70be0254417a3f43725f0c0a7a6433.jpg","aid":"SkrjmzTTOB","size":95922},{"rType":"asset","rSubType":"image","fileName":"am_815612_6050459_385579.jpg","fileSize":68008,"val":"mc-25cc55df19ee310cb559bbe0d750c8d5.jpg","aid":"BkIoXMap_H","size":68008},{"rType":"asset","rSubType":"image","fileName":"terrazas-amplias.jpg","fileSize":235433,"val":"mc-cf70f4e2bd375eed848cc9251296d2e2.jpg","aid":"HkvsQfapdH","size":235433},{"rType":"asset","rSubType":"image","fileName":"salon-con-decoracion-zen.jpg","fileSize":147549,"val":"mc-9aef614068321906903df9fdf1c72b15.jpg","aid":"B1_sQGTpdr","size":147549},{"rType":"asset","rSubType":"image","fileName":"1.jpg","fileSize":179686,"val":"mc-9c888fb2104e3b70b6f70eb1a1d0e85b.jpg","aid":"H1YiQfapuS","size":179686},{"rType":"asset","rSubType":"image","fileName":"coverauthor.png","fileSize":306696,"aid":"3N9PgMo5g6","val":"mc-4c9af61ed93557ffb595687c73a4831c.png","size":306696},{"rType":"asset","rSubType":"image","fileName":"contact4.jpg","fileSize":56339,"val":"mc-865a7ae06956101f26c7c0d45ab33df8.jpg","aid":"oR_JXiBYM0","size":56339},{"rType":"asset","rSubType":"image","fileName":"link1.jpg","fileSize":146576,"val":"mc-ee53a183177da40745ec60f31bdf3042.jpg","aid":"R53S5n9YlSp","size":146576},{"rType":"asset","rSubType":"image","fileName":"unsplash.jpg","fileSize":0,"val":"mc-32addd416b45908fdf38240bbf1b4141.jpg","aid":"I08utfoBlB2","size":197261},{"rType":"asset","rSubType":"image","fileName":"unsplash.jpg","fileSize":0,"val":"mc-4b7efee9de433e23e2a25dccd4084d9a.jpg","aid":"qa76s8C50xv","size":120220},{"rType":"asset","rSubType":"image","fileName":"54.jpg","fileSize":114442,"val":"mc-076eb0873e1f5638edfd15b9ac97c6bd.jpg","aid":"af92t2O1_3","size":114442},{"rType":"asset","rSubType":"image","fileName":"66.jpg","fileSize":42234,"val":"mc-5a02b62a121d9babcd3cfd38b8c713e4.jpg","aid":"ukJKm8NPNt","size":42234},{"rType":"asset","rSubType":"image","fileName":"67.jpg","fileSize":103766,"val":"mc-be6fa8e571669c377293864cda7befa0.jpg","aid":"UHnTIRDunh","size":103766},{"rType":"asset","rSubType":"image","fileName":"65.jpg","fileSize":70906,"val":"mc-2eef87306a892e8c9beb3abf7e99db14.jpg","aid":"0dDQVw-ruW","size":70906},{"rType":"asset","rSubType":"image","fileName":"61.jpg","fileSize":113112,"val":"mc-ffc8896982acef3bce3e8f4893279b8c.jpg","aid":"KuCmeqFBfz","size":113112},{"rType":"asset","rSubType":"image","fileName":"THANKYOU.jpg","fileSize":179117,"val":"mc-442d9ec0fd3591d0b552077f366ab257.jpg","aid":"x7hZHOVgc_","size":179117},{"rType":"asset","rSubType":"image","fileName":"68.jpg","fileSize":70888,"val":"mc-30e819d807336de4fd08f75867d6108e.jpg","aid":"EaQz2eC2G3","size":70888},{"rType":"asset","rSubType":"image","fileName":"69.jpg","fileSize":108336,"val":"mc-9fce6c7ab65843317db9e0bc126c794a.jpg","aid":"V5F2wyk0Lr","size":108336},{"rType":"asset","rSubType":"image","fileName":"48.jpg","fileSize":132490,"val":"mc-4d0f2e7ab29cdbafc48403bde9459c88.jpg","aid":"CsxBk6EGJW","size":132490},{"rType":"asset","rSubType":"image","fileName":"cover_cards.jpg","fileSize":90142,"val":"mc-a26f7c91e02e2a48966e86e5d88a1a07.jpg","aid":"3kB5l8U1IG3","size":90142},{"rType":"asset","rSubType":"image","fileName":"woman8.jpg","fileSize":663617,"val":"mc-40bcd91ea2382d32f12ce4784b9b9e65.jpg","aid":"rkxSM6aOH","size":663617},{"rType":"asset","rSubType":"image","fileName":"woman10.jpg","fileSize":920838,"val":"mc-f2d745b079ba5dbcc199a69357e7959b.jpg","aid":"BJgerz6a_S","size":920838},{"rType":"asset","rSubType":"image","fileName":"hands.jpg","fileSize":191546,"val":"mc-62a49c1713271657ec99e56ada48f707.jpg","aid":"BkuVMaadB","size":191546},{"rType":"asset","rSubType":"image","fileName":"hands.jpg","fileSize":191546,"aid":"ryxdVM66OS","val":"mc-62a49c1713271657ec99e56ada48f707.jpg","size":191546},{"rType":"asset","rSubType":"image","fileName":"hands.jpg","fileSize":191546,"aid":"H1-ONfpadS","val":"mc-62a49c1713271657ec99e56ada48f707.jpg","size":191546},{"rType":"asset","rSubType":"image","fileName":"unsplash.jpg","fileSize":0,"val":"mc-b2faab05848b31fed17407b7d7ac5836.jpg","aid":"LY2IFcCaz","size":172453},{"rType":"asset","rSubType":"image","fileName":"unsplash.jpg","fileSize":0,"val":"mc-047511e8a13e36f11461aff539de0434.jpg","aid":"6rKQGAu8Do","size":313487},{"rType":"asset","rSubType":"image","fileName":"unsplash.jpg","fileSize":0,"val":"mc-fa46d947d181913d662e577b18d29702.jpg","aid":"GnGNSTBlqr","size":151213},{"rType":"asset","rSubType":"image","fileName":"20.jpg","fileSize":115841,"val":"mc-5d557460bb9fd7f0d3632caffaef99be.jpg","aid":"8Mgn3RxmLy","size":115841},{"rType":"asset","rSubType":"image","fileName":"21.jpg","fileSize":140245,"val":"mc-ef6a10e800e8ad8bf47c1ce656c92408.jpg","aid":"bIsxfupa4K","size":140245},{"rType":"asset","rSubType":"image","fileName":"22.jpg","fileSize":92680,"val":"mc-caf5c19c5959f0ef456ff8fb526bed61.jpg","aid":"PPK1u-jhUL","size":92680},{"rType":"asset","rSubType":"image","fileName":"18.jpg","fileSize":99308,"val":"mc-eae3c251ba900e19c03de9e8c7a43a3c.jpg","aid":"8fLKTgEVE5","size":99308},{"rType":"asset","rSubType":"image","fileName":"unsplash.jpg","fileSize":0,"val":"mc-63d08edf26e5cceb215db515cd7563bc.jpg","aid":"4KuAYEDlSf","size":122513},{"rType":"asset","rSubType":"image","fileName":"unsplash.jpg","fileSize":0,"val":"mc-47b2fe1a9fb26a055041ef7406d59697.jpg","aid":"kIuSpC_wVM","size":364343},{"rType":"asset","rSubType":"image","fileName":"unsplash.jpg","fileSize":0,"val":"mc-3ae1aa3d217272b420155243fa360bec.jpg","aid":"u5wkW6SSr6","size":84097},{"rType":"asset","rSubType":"image","fileName":"mc-20b9d0d67e98d0f2f2bff0cd77e4334b.jpeg","fileSize":382655,"val":"mc-20b9d0d67e98d0f2f2bff0cd77e4334b.jpeg","aid":"Hk6u1p6OS","size":382655},{"rType":"asset","rSubType":"image","fileName":"cover_abc.jpg","fileSize":140956,"val":"mc-4a21c3130fdd7c32c8e29c0ac4631b7c.jpg","aid":"qVoWN42_7Eh","size":140956},{"rType":"asset","rSubType":"image","fileName":"cover_sort2.jpg","fileSize":170349,"val":"mc-1fa513f492ad6cec5138f4fb4bf441c4.jpg","aid":"Rl-vgRtQBBX","size":170349},{"rType":"asset","rSubType":"image","fileName":"menu.gif","fileSize":797115,"val":"mc-77461fe62e5cf1e3a3223beaf1f38ac8.gif","aid":"QoJEF_KKYg","size":797115},{"rType":"asset","rSubType":"image","fileName":"unsplash.jpg","fileSize":0,"val":"mc-416b5873f5b095c3a43ec13a38b3d36d.jpg","aid":"fIhYs5u9nR","size":140840},{"rType":"asset","rSubType":"image","fileName":"link2.jpg","fileSize":165574,"val":"mc-f89e60540470d0e4ac69cdd86d1b5b12.jpg","aid":"otllf-7hGs3","size":165574},{"rType":"asset","rSubType":"image","fileName":"everest.jpg","fileSize":386046,"val":"mc-70d15cc6c33fdcdfafd437b6c691c21f.jpg","aid":"eeNVMbE2WC_","size":386046},{"rType":"asset","rSubType":"image","fileName":"1.jpg","fileSize":120143,"aid":"sXx3H0_k2K8","val":"mc-b6cc1f9cd7790b68dec18646740ddd5a.jpg","size":120143},{"rType":"asset","rSubType":"image","fileName":"unsplash.jpg","fileSize":0,"val":"mc-144d82868b36a2a849b3e6da2578b601.jpg","aid":"SwJ91W43y_","size":121861},{"rType":"asset","rSubType":"image","fileName":"unsplash.jpg","fileSize":0,"val":"mc-a9e66d46977dfd9a17e940c82e63d3a8.jpg","aid":"SG5p6x4e_q","size":51218},{"rType":"asset","rSubType":"image","fileName":"unsplash.jpg","fileSize":0,"val":"mc-d618de2021ef58dd98247de36ec2b62b.jpg","aid":"LQZZRJ5T9s","size":115803},{"rType":"asset","rSubType":"image","fileName":"unsplash.jpg","fileSize":0,"val":"mc-cd0decbba079e2c2f9300ed623a8f164.jpg","aid":"4vkMHbkec9","size":221439},{"rType":"asset","rSubType":"image","fileName":"unsplash.jpg","fileSize":0,"val":"mc-b4a94e733c7484ac66ea6ce6d4552b80.jpg","aid":"x_yE7zYPgV","size":314817},{"rType":"asset","rSubType":"audio","fileName":"voice_over.mp3","fileSize":110804,"val":"mc-c643e966205cc34f4531d6469af0d0f4.mp3","aid":"KSu-Y78swBY","size":110804},{"rType":"asset","rSubType":"image","fileName":"3.7-voice.png","fileSize":247638,"val":"mc-c1a87d470282454dc27efe5196d69da0.png","aid":"M62QjrOkF-J","size":247638},{"rType":"asset","rSubType":"image","fileName":"unsplash.jpg","fileSize":0,"val":"mc-187f29de404a277d7c746e78edb53f46.jpg","aid":"47x7531H5","size":89594},{"rType":"asset","rSubType":"image","fileName":"unsplash.jpg","fileSize":0,"val":"mc-3b01645295e52c0b6a7f0f84e389a2e5.jpg","aid":"MUE2nwOj16","size":130301},{"rType":"asset","rSubType":"image","fileName":"bg2.jpg","fileSize":312316,"val":"mc-426cdf4d617c84ef040c209492339cd9.jpg","aid":"nij9h5KT623","size":312316},{"rType":"asset","rSubType":"image","fileName":"mc-20b9d0d67e98d0f2f2bff0cd77e4334b.jpeg","fileSize":382655,"val":"mc-20b9d0d67e98d0f2f2bff0cd77e4334b.jpeg","aid":"HJv-gpTuS","size":382655},{"rType":"asset","rSubType":"image","fileName":"unsplash.jpg","fileSize":0,"val":"mc-2701be9c88116cfd60c083b32d24ed24.jpg","aid":"fK-aQPmK27","size":103671},{"rType":"asset","rSubType":"image","fileName":"unsplash.jpg","fileSize":0,"val":"mc-99c6f3251b6d0af58237534608034374.jpg","aid":"2cWRIufa2H","size":272330},{"rType":"asset","rSubType":"image","fileName":"unsplash.jpg","fileSize":0,"val":"mc-ea061335814f93e454e4cbd1ddd2f562.jpg","aid":"qeBFLOd9_H","size":148099},{"rType":"asset","rSubType":"image","fileName":"unsplash.jpg","fileSize":0,"val":"mc-2a63b99305126bf78384d1aacb87daa4.jpg","aid":"Y2m9vaFv7b","size":37640},{"rType":"asset","rSubType":"image","fileName":"unsplash.jpg","fileSize":0,"val":"mc-22cb4c2a3849707a490a81ebd1127269.jpg","aid":"4ZydoDVHII","size":45546},{"rType":"asset","rSubType":"image","fileName":"unsplash.jpg","fileSize":0,"val":"mc-b07ade45f166a321cb7d57bd57032bcf.jpg","aid":"Ax52wZwZoR","size":278503},{"rType":"asset","rSubType":"image","fileName":"unsplash.jpg","fileSize":0,"val":"mc-5769d3b113487d416f66ca75fafbc931.jpg","aid":"nKtuFFwao_","size":126807},{"rType":"asset","rSubType":"image","fileName":"unsplash.jpg","fileSize":0,"val":"mc-0b362ca0e7d6fbf72f820252014ceef9.jpg","aid":"QweQnjudFB","size":74253},{"rType":"asset","rSubType":"image","fileName":"unsplash.jpg","fileSize":0,"val":"mc-05b93122a23a61a3ef157bf045ab5296.jpg","aid":"fqVi_WTBjc","size":317905},{"rType":"asset","rSubType":"image","fileName":"unsplash.jpg","fileSize":0,"val":"mc-813fdf6fead955c9327ae39df37f9ac3.jpg","aid":"etmmAaiU2u","size":172268},{"rType":"asset","rSubType":"image","fileName":"unsplash.jpg","fileSize":0,"val":"mc-2f1242184626e0d785404ad21b32960c.jpg","aid":"FgExFefa0N","size":259438},{"rType":"asset","rSubType":"image","fileName":"unsplash.jpg","fileSize":0,"val":"mc-d1691f159c711ecd4f84f9397ac574c7.jpg","aid":"NlRh73rlLC","size":135317},{"rType":"asset","rSubType":"image","fileName":"unsplash.jpg","fileSize":0,"val":"mc-004b380690a28ca9ff6a6688a56880a8.jpg","aid":"s2IJe2mEPg","size":77605},{"rType":"asset","rSubType":"image","fileName":"unsplash.jpg","fileSize":0,"val":"mc-7bedb30aa838f6e5f54da3e0079f87ff.jpg","aid":"kr5USQPVye","size":96218},{"rType":"asset","rSubType":"image","fileName":"unsplash.jpg","fileSize":0,"val":"mc-3098835f66a2c8d61b80487a3a5eda69.jpg","aid":"X25EtaVGlDP","size":35167},{"rType":"asset","rSubType":"image","fileName":"unsplash.jpg","fileSize":0,"val":"mc-6205cb076f2d3415ce8a6cd2b4bcead3.jpg","aid":"mLhQvMiY_4t","size":71160},{"rType":"asset","rSubType":"image","fileName":"unsplash.jpg","fileSize":0,"val":"mc-009e8e24265f877eb257704b0642cd8b.jpg","aid":"sGNf8MBOXD","size":198745},{"rType":"asset","rSubType":"image","fileName":"unsplash.jpg","fileSize":0,"val":"mc-24c2de9efba782f0ab29687b765b6c6e.jpg","aid":"XKdWaFf--t","size":198119},{"rType":"asset","rSubType":"image","fileName":"unsplash.jpg","fileSize":0,"val":"mc-a6c6bdf025a46c501a8e5512d2f7879f.jpg","aid":"culkTpN8Jy","size":132437},{"rType":"asset","rSubType":"image","fileName":"unsplash.jpg","fileSize":0,"val":"mc-a4ebf8da1f5467b2b2e787645b55cba9.jpg","aid":"HkP2mmUzBx","size":173199},{"rType":"asset","rSubType":"image","fileName":"unsplash.jpg","fileSize":0,"val":"mc-a5fc5ace1ce48cd4d8fae99570e5a9e5.jpg","aid":"R50dY698Mc","size":108264},{"rType":"asset","rSubType":"image","fileName":"unsplash.jpg","fileSize":0,"val":"mc-2a7fae9476ef110fc20d15d6803c7357.jpg","aid":"KoSmjrdcQF","size":78121},{"rType":"asset","rSubType":"image","fileName":"unsplash.jpg","fileSize":0,"val":"mc-c61fbecba18be2232abaecc76caef3c0.jpg","aid":"mVrV3YVoO9","size":128539},{"rType":"asset","rSubType":"image","fileName":"unsplash.jpg","fileSize":0,"val":"mc-6d37cd1eb451d400e49c141c59d52f97.jpg","aid":"z2JKSEMsbd","size":578856},{"rType":"asset","rSubType":"image","fileName":"marks_quetion_green.jpg","fileSize":8924,"val":"mc-f4df1d7d0cacd3ea00f32c97db966ec7.jpg","aid":"M2seJzntx0","size":8924},{"rType":"asset","rSubType":"image","fileName":"unsplash.jpg","fileSize":0,"val":"mc-0b89a202607330bb70c20319afd168b1.jpg","aid":"0rOiiHrrCR","size":74440},{"rType":"asset","rSubType":"image","fileName":"unsplash.jpg","fileSize":0,"val":"mc-958fe1ed06676206fa01b21c9dedeb43.jpg","aid":"f5IeHUoSMK","size":55670},{"rType":"asset","rSubType":"image","fileName":"unsplash.jpg","fileSize":0,"val":"mc-fa8937fc79d9dc0904cfca9f7746f95f.jpg","aid":"G-SDBAR1nA","size":28744},{"rType":"asset","rSubType":"image","fileName":"unsplash.jpg","fileSize":0,"val":"mc-68025992f198ac390389a2da9aab777b.jpg","aid":"JJvjQvu_Nz","size":497428},{"rType":"asset","rSubType":"image","fileName":"unsplash.jpg","fileSize":0,"val":"mc-8bc3084656bb43aaef420d4d29f3615f.jpg","aid":"KMZFoFTR36","size":86405},{"rType":"asset","rSubType":"image","fileName":"unsplash.jpg","fileSize":0,"val":"mc-51fc85c5549abbeb604af7788a27448b.jpg","aid":"HH44NnN9Gg","size":54148},{"rType":"asset","rSubType":"image","fileName":"3.2-img-edition.png","fileSize":334369,"aid":"b3GiJiowOY7","val":"mc-735b34128797c7f18d00f1d65a5bd1e9.png","size":334369},{"rType":"asset","rSubType":"image","fileName":"vid_cover.jpg","fileSize":186156,"val":"mc-2a031dcf832820e7979a05d2f27afd05.jpg","aid":"AQZo9rj32VH","size":186156},{"rType":"asset","rSubType":"video","fileName":"722729304.mp4","fileSize":1780216,"val":"mc-585a769f460427bad91dc0a25557d105.mp4","aid":"JAc3hfsusVz","size":1780216},{"rType":"asset","rSubType":"image","fileName":"unsplash.jpg","fileSize":0,"val":"mc-cc3f23693546151a4ef56a653da59b99.jpg","aid":"96Ye3IUv7n","size":83203},{"rType":"asset","rSubType":"image","fileName":"unsplash.jpg","fileSize":0,"val":"mc-288da2088d3c8fa134a9279647bcc0dc.jpg","aid":"OUxiecRfiq","size":202728},{"rType":"asset","rSubType":"image","fileName":"unsplash.jpg","fileSize":0,"val":"mc-d647c25a8048f034ae6d60ad243d4b91.jpg","aid":"2I2hv0ZNek","size":217573},{"rType":"asset","rSubType":"image","fileName":"unsplash.jpg","fileSize":0,"val":"mc-f5018a8d22d4910bbaa3faf61569fc7a.jpg","aid":"VViqdtDWdf","size":107476},{"rType":"asset","rSubType":"image","fileName":"unsplash.jpg","fileSize":0,"val":"mc-ff0e16141ce72bc367f4b2b1c91d7b7f.jpg","aid":"0ucxSj_YRA","size":228547},{"rType":"asset","rSubType":"image","fileName":"unsplash.jpg","fileSize":0,"val":"mc-2a9abdeb886369b37513e44a47275f5f.jpg","aid":"qa43eX-SR9","size":366780},{"rType":"asset","rSubType":"image","fileName":"unsplash.jpg","fileSize":0,"val":"mc-0effaa9de8c086e8802475741886e3df.jpg","aid":"aj85QaCiZa","size":174205},{"rType":"asset","rSubType":"image","fileName":"unsplash.jpg","fileSize":0,"val":"mc-14f00165a06b891e85cf7db9525a9559.jpg","aid":"f5iPAh1u2L","size":140033},{"rType":"asset","rSubType":"image","fileName":"unsplash.jpg","fileSize":0,"val":"mc-11b9b977668225eee9f16919d1836665.jpg","aid":"tMIgJlF9Rq","size":212588},{"rType":"asset","rSubType":"image","fileName":"unsplash.jpg","fileSize":0,"val":"mc-7db525dc89d39dcb715ef22e97389a80.jpg","aid":"dGP-l5HfgW","size":56274},{"rType":"asset","rSubType":"image","fileName":"unsplash.jpg","fileSize":0,"val":"mc-e82b15a8e56f60cd8d7a718efa42fd1a.jpg","aid":"5OiUy-IZej","size":195469},{"rType":"asset","rSubType":"image","fileName":"unsplash.jpg","fileSize":0,"val":"mc-4b527987aeb43bbd97e02be0aee423ca.jpg","aid":"pJOnxYaZ36","size":112674},{"rType":"asset","rSubType":"image","fileName":"unsplash.jpg","fileSize":0,"val":"mc-489e610dcedd2e89da8e133b6c6df0a7.jpg","aid":"BRYstg0arP","size":511555},{"rType":"asset","rSubType":"image","fileName":"unsplash.jpg","fileSize":0,"val":"mc-7db7f86590edfd9c90472914f2690028.jpg","aid":"GDADjUqsCec","size":272156},{"rType":"asset","rSubType":"image","fileName":"unsplash.jpg","fileSize":0,"val":"mc-b8cb67a6185d1105057b2f7af1fea22c.jpg","aid":"giSC9uNX8n5","size":396400},{"rType":"asset","rSubType":"image","fileName":"unsplash.jpg","fileSize":0,"val":"mc-5a5d382e7899d4a5f463a0b8740fd06b.jpg","aid":"E29847FwCJ3","size":335081},{"rType":"asset","rSubType":"image","fileName":"unsplash.jpg","fileSize":0,"val":"mc-6ba0e06dd0cb1ab6f4de1f944b41044b.jpg","aid":"LsguOXcvc-s","size":48067},{"rType":"asset","rSubType":"image","fileName":"unsplash.jpg","fileSize":0,"val":"mc-1a98ea1ed2cc313f97582b35a491bcf4.jpg","aid":"IINKHV--_NE","size":107895},{"rType":"asset","rSubType":"image","fileName":"unsplash.jpg","fileSize":0,"val":"mc-b20760838bc4924621c6156244cdb7fe.jpg","aid":"rcRZx0u7R-9","size":157132},{"rType":"asset","rSubType":"image","fileName":"unsplash.jpg","fileSize":0,"val":"mc-4271ee41bdae1dcda534470e580e5e7b.jpg","aid":"4s4kfJPUyqx","size":211861},{"rType":"asset","rSubType":"image","fileName":"unsplash.jpg","fileSize":0,"val":"mc-e65aeead503c7d5e6958903e608dc6f5.jpg","aid":"d6mQLRC29T9","size":63921},{"rType":"asset","rSubType":"image","fileName":"unsplash.jpg","fileSize":0,"val":"mc-386be3ecc0abcc1fc8a6fde1638e7b6a.jpg","aid":"9Mtnj2Vn0Nf","size":231160},{"rType":"asset","rSubType":"image","fileName":"unsplash.jpg","fileSize":0,"val":"mc-8a7d4d6edd726a6e9c6a14c32853c7e5.jpg","aid":"JYndQaBIgej","size":125718},{"rType":"asset","rSubType":"image","fileName":"unsplash.jpg","fileSize":0,"val":"mc-afc8dffccf581467832d33e4385426b4.jpg","aid":"V2FtJERnSqO","size":389145},{"rType":"asset","rSubType":"image","fileName":"unsplash.jpg","fileSize":0,"val":"mc-2497cfe22268c499072ad6e6b31afc99.jpg","aid":"QbawyLKFWeG","size":165645},{"rType":"asset","rSubType":"image","fileName":"unsplash.jpg","fileSize":0,"val":"mc-34526d9cefbd85895f7bbce7e8c495e2.jpg","aid":"ds0V1q51_5w","size":86251},{"rType":"asset","rSubType":"image","fileName":"unsplash.jpg","fileSize":0,"val":"mc-7df046e4fe0414a9c4e037d80797d2d3.jpg","aid":"fhDY_Fvd8t-","size":128941},{"rType":"asset","rSubType":"image","fileName":"cards1.jpg","fileSize":183258,"val":"mc-b5250ddd8434a7d644f8d6d14ccf2c61.jpg","aid":"VBZWKPIfNKR","size":183258},{"rType":"asset","rSubType":"image","fileName":"coverauthor.png","fileSize":306696,"aid":"B-s2RjWw19","val":"mc-4c9af61ed93557ffb595687c73a4831c.png","size":306696},{"rType":"asset","rSubType":"image","fileName":"unsplash.jpg","fileSize":0,"val":"mc-a680acaabd3afb52ebdfdf7e4a3c68e2.jpg","aid":"e4yEfiFhbvV","size":193265},{"rType":"asset","rSubType":"image","fileName":"image.jpg","fileSize":596511,"val":"mc-8c8add4445d650a7bf34c7324cbeef72.jpg","aid":"MeV2puuc9nw","size":596511},{"rType":"asset","rSubType":"image","fileName":"unsplash.jpg","fileSize":0,"val":"mc-48dd0d461448ed5140d7ebd0d5a9fc76.jpg","aid":"3fqcY2e45","size":257668},{"rType":"asset","rSubType":"image","fileName":"ejemplos_maq04.jpg","fileSize":34768,"val":"mc-55a3dcf78afd3c0cf705ad29b8f44bf9.jpg","aid":"e0yUiVhLRH","size":34768},{"rType":"asset","rSubType":"image","fileName":"ejemplos_maq01.jpg","fileSize":28333,"val":"mc-e3e2b0cd1affaed1cffe2cee881899f0.jpg","aid":"F2I0L50b8f","size":28333},{"rType":"asset","rSubType":"image","fileName":"ejemplos_maq02.jpg","fileSize":61854,"val":"mc-34282395aee2bc0b14244d704bbe267a.jpg","aid":"PrWCpNhpLt","size":61854},{"rType":"asset","rSubType":"image","fileName":"ejemplos_maq03.jpg","fileSize":51782,"val":"mc-d28036aedfb7ce5e97d8b1c7f2dea371.jpg","aid":"d2QLtpzGsb","size":51782},{"rType":"asset","rSubType":"image","fileName":"ejemplos_maq05.jpg","fileSize":63432,"val":"mc-2281756936bb5b77e53c70621992c58a.jpg","aid":"S4eyxFcxct","size":63432},{"rType":"asset","rSubType":"image","fileName":"shutterstock_15593956.jpg","fileSize":814593,"val":"mc-0a7bb313f3857657c6117a6debfaf63f.jpg","aid":"r0oD2Yv-XKC","size":814593},{"rType":"asset","rSubType":"image","fileName":"110324153504_1_540x360.jpg","fileSize":18716,"val":"mc-80669e38b459a6e9a7b43d8f42bf103b.jpg","aid":"txo6pIu6WR4","size":18716},{"rType":"asset","rSubType":"image","fileName":"income-tax-calculator-2018-budget-thumb.jpg","fileSize":47190,"val":"mc-2e590f48f1524e04687ac360bb328043.jpg","aid":"L05HdwvcyNy","size":47190},{"rType":"asset","rSubType":"image","fileName":"colored-pencils-drawsketch-56a26e015f9b58b7d0ca3626.jpg","fileSize":56199,"val":"mc-8d4e76f874d5d4738be9277a3ff21393.jpg","aid":"t59TzhXGLE8","size":56199},{"rType":"asset","rSubType":"image","fileName":"moon.jpg","fileSize":21202,"val":"mc-14d012cc01bb68121f5a4e75b4a79e57.jpg","aid":"vITRghCG8qU","size":21202},{"rType":"asset","rSubType":"image","fileName":"cover_download.jpg","fileSize":103060,"val":"mc-7212d7b208a6ef207d4bcb7ddc5082b9.jpg","aid":"9O7v07rzTqe","size":103060},{"rType":"asset","rSubType":"image","fileName":"cards4.jpg","fileSize":169646,"val":"mc-07695c9572e443c4866b8dcfc90b32ac.jpg","aid":"ehhW5z8weGh","size":169646},{"rType":"asset","rSubType":"image","fileName":"cards4.jpg","fileSize":169646,"val":"mc-07695c9572e443c4866b8dcfc90b32ac.jpg","aid":"p0IttZvY5Tf","size":169646},{"rType":"asset","rSubType":"image","fileName":"unsplash.jpg","fileSize":0,"val":"mc-477544841d382be210eaa4191af3047e.jpg","aid":"uesv5efiz","size":163540},{"rType":"asset","rSubType":"image","fileName":"gallery_img.jpg","fileSize":164786,"val":"mc-355a22ea620ec51a7483a60904f6fa23.jpg","aid":"CSdUE63IC5Q","size":164786},{"rType":"asset","rSubType":"image","fileName":"cards2.jpg","fileSize":166295,"val":"mc-cf3cd1063d9dac6cc343b4f03190abcc.jpg","aid":"uuNXbYgvESF","size":166295},{"rType":"asset","rSubType":"image","fileName":"cards2.jpg","fileSize":166295,"val":"mc-cf3cd1063d9dac6cc343b4f03190abcc.jpg","aid":"KbFk8oFlMBd","size":166295},{"rType":"asset","rSubType":"image","fileName":"shutterstock_380599966_low.jpg","fileSize":208416,"val":"mc-abd877bfa84fe87b36b0e72ae40c32ce.jpg","aid":"8pIfDNLH-WD","size":208416},{"rType":"asset","rSubType":"image","fileName":"unsplash.jpg","fileSize":0,"val":"mc-086ff7a86664aad17489f7c5f59acc04.jpg","aid":"HkTOgaTuH","size":131160},{"rType":"asset","rSubType":"image","fileName":"unsplash.jpg","fileSize":0,"val":"mc-f0e451a5682465cbb0673c30145423ff.jpg","aid":"Skeaux66_S","size":161109},{"rType":"asset","rSubType":"image","fileName":"unsplash.jpg","fileSize":0,"val":"mc-f72c13a743dd9cf5518845a41389059e.jpg","aid":"B1Zpuxaaur","size":124131},{"rType":"asset","rSubType":"image","fileName":"bg.jpg","fileSize":118382,"val":"mc-abc71677f773083945c147e27b78f690.jpg","aid":"Wrofqm68mz","size":118382},{"rType":"asset","rSubType":"image","fileName":"abc_cover.jpg","fileSize":111161,"val":"mc-5f625bb544f82cb198907565d7f0d144.jpg","aid":"PnUaNZ_o7Fz","size":111161},{"rType":"asset","rSubType":"image","fileName":"info1.png","fileSize":61755,"val":"mc-094186fd82068b4ede13a9619b7831cc.png","aid":"ryX4GpT_B","size":61755},{"rType":"asset","rSubType":"image","fileName":"links.jpg","fileSize":251794,"val":"mc-c26d95de4ec51aad3263f47a10a3fccb.jpg","aid":"Ytrhq8Z_ZBE","size":251794},{"rType":"asset","rSubType":"image","fileName":"hot_spots.jpg","fileSize":107377,"val":"mc-8d905076b7fa4bdeb8d98ea6379d4147.jpg","aid":"SzVTVTaloOv","size":107377},{"rType":"asset","rSubType":"image","fileName":"unsplash.jpg","fileSize":0,"val":"mc-4dd71536fca3e049a63ad13884e8f657.jpg","aid":"28pXKNTXeZ","size":90708},{"rType":"asset","rSubType":"image","fileName":"25233.jpg","fileSize":799128,"val":"mc-c19bd1f460a7519df09e400fcc0ebad3.jpg","aid":"zYR2B7oXEy","size":799128},{"rType":"asset","rSubType":"image","fileName":"aspectos_generales.jpg","fileSize":8947,"val":"mc-a79a434b79307a5ca054e720d8583d5e.jpg","aid":"UJ4LxkrIw_","size":8947},{"rType":"asset","rSubType":"image","fileName":"mc-cc9b313ebd9ca0cf3af4f168d056be17.jpg","fileSize":94322,"val":"mc-9b68749474d72d7f5127735fb6c63cc2.jpg","aid":"SWiYLN56phw","size":94322},{"rType":"asset","rSubType":"image","fileName":"unsplash.jpg","fileSize":0,"val":"mc-04c3b45203f6fa6fb2d8ad7cc6126a59.jpg","aid":"0vorSq2cGPO","size":236538},{"rType":"asset","rSubType":"image","fileName":"o-WOMEN-IN-THE-CITY-facebook.jpg","fileSize":170451,"val":"mc-5383ed64ff4b0340221fabe29ddc513b.jpg","aid":"irnqTgwcjdK","size":170451},{"rType":"asset","rSubType":"image","fileName":"3.2-img-edition.png","fileSize":334369,"val":"mc-735b34128797c7f18d00f1d65a5bd1e9.png","aid":"xSLyfhFC3TW","size":334369},{"rType":"asset","rSubType":"image","fileName":"mc-4fcb3e6a94d348c2d97ddecc344e77ab.png","fileSize":18480,"val":"mc-984e42eb71069df58c8ac46f8260e371.png","aid":"OPcpRaNhO6T","size":18480},{"rType":"asset","rSubType":"image","fileName":"text.jpg","fileSize":56126,"val":"mc-fcffb41ab0a3e740a58be3c5284d7032.jpg","aid":"WhwUN1KM3-W","size":56126},{"rType":"asset","rSubType":"image","fileName":"90-512.png","fileSize":40584,"val":"mc-d021ea92d8bd8eee5171f9b6895e630e.png","aid":"yYFooOiJRtT","size":40584},{"rType":"asset","rSubType":"image","fileName":"Logo-Author.png","fileSize":24426,"val":"mc-c2b1603c1bcf61b5b9363d69f1a1fdbc.png","aid":"-roTu7ipf","size":24426},{"rType":"asset","rSubType":"image","fileName":"frame.jpg","fileSize":100663,"val":"mc-b53c07fa59be8efafeea6ed7277cc73c.jpg","aid":"bdxXYVeft-b","size":100663},{"rType":"asset","rSubType":"image","fileName":"shutterstock_380599966_low.jpg","fileSize":208416,"val":"mc-abd877bfa84fe87b36b0e72ae40c32ce.jpg","aid":"7DUCtlUqdnr","size":208416},{"rType":"asset","rSubType":"image","fileName":"shutterstock_176222924-1400x600.jpg","fileSize":301744,"val":"mc-6f7408b37aec51f37cbd10e09b982c0e.jpg","aid":"01hbrxhf2lG","size":301744},{"rType":"asset","rSubType":"audio","fileName":"voice.mp3","fileSize":358522,"val":"mc-706dab2e6779424a023e39267a3eb189.mp3","aid":"MA2INnDvUa3","size":358522},{"rType":"asset","rSubType":"image","fileName":"unsplash.jpg","fileSize":0,"val":"mc-a29dc26d4982f2a126bdc413993dfb61.jpg","aid":"ST_w76eUk","size":173222},{"rType":"asset","rSubType":"image","fileName":"mc-20b9d0d67e98d0f2f2bff0cd77e4334b.jpeg","fileSize":382655,"val":"mc-20b9d0d67e98d0f2f2bff0cd77e4334b.jpeg","aid":"ByDv1a6Or","size":382655},{"rType":"asset","rSubType":"image","fileName":"mc-3f0bdd7c4c16615c1abec58210e40596.jpg","fileSize":52996,"val":"mc-3f0bdd7c4c16615c1abec58210e40596.jpg","aid":"9PM_qHQhaog","size":52996},{"rType":"asset","rSubType":"application/x-zip-compressed","fileName":"images.zip","fileSize":322395,"val":"mc-220cae77cf08a8c848ad278650e854cb.zip","aid":"YJ2RgHPuhey","size":322395},{"rType":"asset","rSubType":"image","fileName":"contact2.jpg","fileSize":72206,"val":"mc-fd564c700db816369fab34de15e3664c.jpg","aid":"QwYpJ5PzRQ","size":72206},{"rType":"asset","rSubType":"image","fileName":"shutterstock_374219503_low.jpg","fileSize":370097,"val":"mc-2b1cdd250f496b7ebbda0abf0de753ac.jpg","aid":"oQ0OP36SC-7","size":370097},{"rType":"asset","rSubType":"image","fileName":"Antes-Despues_04.png","fileSize":29374,"val":"mc-c57a75ce93a7573484cf67e516d7791c.png","aid":"BifjA1ZOuF","size":29374},{"rType":"asset","rSubType":"image","fileName":"Antes-Despues_02.png","fileSize":65560,"val":"mc-2981027adba48a1f832b7d4ea520e5bd.png","aid":"tfPHP-4oZ7","size":65560},{"rType":"asset","rSubType":"image","fileName":"video.jpg","fileSize":231244,"val":"mc-50a94f4af318b9c9271924404d20aded.jpg","aid":"RRFJi8hUE_E","size":231244},{"rType":"asset","rSubType":"image","fileName":"mc-316393d2c7f272f1ef64fc87317602ea.jpg","fileSize":197848,"val":"mc-316393d2c7f272f1ef64fc87317602ea.jpg","aid":"Sk-m0ha_r","size":197848},{"rType":"asset","rSubType":"image","fileName":"author-Negative.png","fileSize":33032,"val":"mc-5997982e330cedc2e8f124a312f970e2.png","aid":"ID21arW53","size":33032},{"rType":"asset","rSubType":"image","fileName":"unsplash.jpg","fileSize":0,"val":"mc-20b2a9970c324fc94ce9f66bb7ffc8f6.jpg","aid":"ryteQ6TdH","size":254915},{"rType":"asset","rSubType":"image","fileName":"fondocurso.png","fileSize":50796,"val":"mc-38f9a6c3d3e039383514ea0d7992403f.png","aid":"-6eLz6eCL","size":50796},{"rType":"asset","rSubType":"image","fileName":"3--Elements.jpg","fileSize":131645,"val":"mc-9229164680b261c7a1c762e6d8d3de6f.jpg","aid":"3yMSz7BqYm1","size":131645},{"rType":"asset","rSubType":"image","fileName":"boxed_text.jpg","fileSize":38119,"val":"mc-d44b60e61050313ffeb76f8f6bc3796c.jpg","aid":"258l2EcLYcU","size":38119},{"rType":"asset","rSubType":"image","fileName":"unsplash.jpg","fileSize":0,"val":"mc-3b01645295e52c0b6a7f0f84e389a2e5.jpg","aid":"Ao0c6q01CI","size":130301},{"rType":"asset","rSubType":"image","fileName":"imagen.jpg","fileSize":167797,"val":"mc-73c6de6b4821f9a535bf847f9931316d.jpg","aid":"gbFGf9pmHEJ","size":167797},{"rType":"asset","rSubType":"image","fileName":"unsplash.jpg","fileSize":0,"val":"mc-515623bf1037cb9c20d704b7b43283ad.jpg","aid":"vbaG1Qr2P","size":66817},{"rType":"asset","rSubType":"image","fileName":"mc-316393d2c7f272f1ef64fc87317602ea.jpg","fileSize":197848,"val":"mc-cdfcf95d44f08b8efe52429b3790c913.jpg","aid":"l5Q126cHN","size":197848},{"rType":"asset","rSubType":"image","fileName":"unsplash.jpg","fileSize":0,"val":"mc-892ac64aacb18414f71b6d125ad31137.jpg","aid":"OX9Mh3WnS","size":123577},{"rType":"asset","rSubType":"image","fileName":"unsplash.jpg","fileSize":0,"val":"mc-d59ea53308c2ca80df8784c196a827cf.jpg","aid":"-bHjVc1uR","size":254484},{"rType":"asset","rSubType":"image","fileName":"o-IPAD-CLASSROOM-facebook.jpg","fileSize":99050,"val":"mc-e56b807bdddf0a2a8dda79a0d0e53e38.jpg","aid":"jZURakwCUJz","size":99050},{"rType":"asset","rSubType":"image","fileName":"mc-316393d2c7f272f1ef64fc87317602ea.jpg","fileSize":197848,"val":"mc-cdfcf95d44f08b8efe52429b3790c913.jpg","aid":"TiUCkIB99","size":197848},{"rType":"asset","rSubType":"image","fileName":"filmology-header.jpg","fileSize":112906,"val":"mc-77e7a098dc410dfb2bbe78a865f5788d.jpg","aid":"wYAkH0jhaPG","size":112906},{"rType":"asset","rSubType":"audio","fileName":"1L1-world-of-movies.mp3","fileSize":468637,"val":"mc-f77d13a373c8481f4dd84ada73dc0330.mp3","aid":"bDFnv7XGTb4","size":468637},{"rType":"asset","rSubType":"image","fileName":"logo-iseazyauhtor-academy.png","fileSize":21584,"val":"mc-d34dbe7990b2b9bc7254832a31d0a158.png","aid":"9qKn4MOdew","size":21584},{"rType":"asset","rSubType":"image","fileName":"shutterstock_270131159_low.jpg","fileSize":418673,"val":"mc-c18830187193f99228e98c89ce25be49.jpg","aid":"QvxVAqj6P-Q","size":418673},{"rType":"asset","rSubType":"image","fileName":"20151007C_juanri_0201.jpg","fileSize":138015,"val":"mc-4df990d64b52a4feb364812803772272.jpg","aid":"xlsD4NXX4em","size":138015},{"rType":"asset","rSubType":"image","fileName":"propiedades-beneficiosas-de-la-naranja.jpg","fileSize":37395,"val":"mc-361900cfd7560dc54b6156c27bb3888c.jpg","aid":"xC01zfg73U3","size":37395},{"rType":"asset","rSubType":"image","fileName":"images.jpg","fileSize":7976,"val":"mc-b2ad9bbb32f3aabecf3d0b777b3fe1c4.jpg","aid":"VV1n_MUFNF1","size":7976},{"rType":"asset","rSubType":"image","fileName":"proponen-dulces-de-kiwi-para-combatir-la-anemia.jpg","fileSize":25218,"val":"mc-4872a740bff419518b743f97aa0e3f63.jpg","aid":"nLjsUjxW2Bf","size":25218},{"rType":"asset","rSubType":"image","fileName":"450_1000.jpg","fileSize":95570,"val":"mc-f70afa93ff4aad2e3c7a669398be9570.jpg","aid":"qqHr_LYh2Lq","size":95570},{"rType":"asset","rSubType":"image","fileName":"1course_2.jpg","fileSize":28718,"val":"mc-3a6fea2f1f31b0c66bb1a507935c9619.jpg","aid":"QU3Fz5ty4GO","size":28718},{"rType":"asset","rSubType":"image","fileName":"00759-consejos-preparar-exquisitas-sopas.jpg","fileSize":17903,"val":"mc-8f5bfca174dfec8dde218a548fabd6f0.jpg","aid":"KoOMzkVYlWh","size":17903},{"rType":"asset","rSubType":"image","fileName":"2083037_0.jpg","fileSize":192007,"val":"mc-e8f098fe6b1b61b9801949551193a4a2.jpg","aid":"7R47GLFln8O","size":192007},{"rType":"asset","rSubType":"image","fileName":"Dorada-a-la-sal.jpg","fileSize":218381,"val":"mc-6df2335f486332e3d024ed0a02598ddf.jpg","aid":"e6pY7nFBWzR","size":218381},{"rType":"asset","rSubType":"image","fileName":"que-carne-escoger.jpg","fileSize":35531,"val":"mc-188b768fc74086d74703301c261fcc51.jpg","aid":"mLPsMdX7Ajh","size":35531},{"rType":"asset","rSubType":"image","fileName":"unsplash.jpg","fileSize":0,"aid":"UXkQfsGH5P1","val":"mc-04c3b45203f6fa6fb2d8ad7cc6126a59.jpg","size":236538},{"rType":"asset","rSubType":"image","fileName":"unsplash.jpg","fileSize":0,"val":"mc-11cd78c1abcea9ea0831b604632b78a3.jpg","aid":"fxQ3OwhNsXy","size":133018},{"rType":"asset","rSubType":"image","fileName":"unsplash.jpg","fileSize":0,"val":"mc-03389df68edf57437710b5caf5eac1af.jpg","aid":"TOFLREzWnUr","size":294767},{"rType":"asset","rSubType":"image","fileName":"unsplash.jpg","fileSize":0,"val":"mc-53dcdf32c2e5059a3cedf16cdcb26a04.jpg","aid":"xHTcpkuR_","size":87497},{"rType":"asset","rSubType":"video","fileName":"lab_comp.mp4","fileSize":6027495,"val":"mc-3a809dbc31166c87c3fba0cfc237af0a.mp4","aid":"_3fyOC5dcj","size":6027495},{"rType":"asset","rSubType":"image","fileName":"unsplash.jpg","fileSize":0,"val":"mc-131148a4369558c8d6e4defe775705c0.jpg","aid":"y_OIEcQY5l","size":70382},{"rType":"asset","rSubType":"image","fileName":"unsplash.jpg","fileSize":0,"val":"mc-91d39bf54a51b9732e1e8d7d91268046.jpg","aid":"4eGzOIM00k","size":85922},{"rType":"asset","rSubType":"image","fileName":"unsplash.jpg","fileSize":0,"val":"mc-d962b93e6954e0e9ff1c678058c1244a.jpg","aid":"ZByQhMrQNo","size":120368},{"rType":"asset","rSubType":"image","fileName":"linked_images.jpg","fileSize":175762,"val":"mc-7cf6ed813ccef749c2102f0460eb213a.jpg","aid":"grOCzG_i6Qt","size":175762},{"rType":"asset","rSubType":"image","fileName":"create_project.jpg","fileSize":23855,"val":"mc-65b357bb167593f898d390ba131bf2e7.jpg","aid":"Ct6VLak3l","size":23855},{"rType":"asset","rSubType":"image","fileName":"unique-personality.png","fileSize":98838,"val":"mc-93462e6651d3b57e42db5374cd762ac1.png","aid":"in4lLORB4","size":98838},{"rType":"asset","rSubType":"image","fileName":"easy-edition-authors.png","fileSize":22920,"val":"mc-b96994068c415ec5586674f3d3880cf4.png","aid":"_12juJF6E","size":22920},{"rType":"asset","rSubType":"image","fileName":"Businessman_tablet_computer_-_free_image_from_istockphoto.jpg","fileSize":197704,"val":"mc-0b70f889425ffd6ab568813689bc8c30.jpg","aid":"0lgaCpU7S7P","size":197704},{"rType":"asset","rSubType":"application/x-zip-compressed","fileName":"Covers.zip","fileSize":283029,"val":"mc-765a85cd35947f5264e74de85a127a84.zip","aid":"5BOD-iDh2jv","size":283029},{"rType":"asset","rSubType":"image","fileName":"cover_audio.jpg","fileSize":201699,"val":"mc-0c77601adeebdd75b15adf839fd21c96.jpg","aid":"yy9d8uunGB4","size":201699},{"rType":"asset","rSubType":"image","fileName":"eiffel.jpg","fileSize":42259,"val":"mc-1708f02a2af9411a89b5a35aa538e381.jpg","aid":"Kr0V8xscJs7","size":42259},{"rType":"asset","rSubType":"image","fileName":"eiffel.jpg","fileSize":42259,"val":"mc-1708f02a2af9411a89b5a35aa538e381.jpg","aid":"wUNlu_fSFYu","size":42259},{"rType":"asset","rSubType":"image","fileName":"eiffel.jpg","fileSize":42259,"val":"mc-1708f02a2af9411a89b5a35aa538e381.jpg","aid":"YbfxlTu78Ku","size":42259},{"rType":"asset","rSubType":"image","fileName":"3.2-img-edition.png","fileSize":334369,"val":"mc-735b34128797c7f18d00f1d65a5bd1e9.png","aid":"yVuyWHhSLix","size":334369},{"rType":"asset","rSubType":"image","fileName":"mc-20b9d0d67e98d0f2f2bff0cd77e4334b.jpeg","fileSize":382655,"val":"mc-20b9d0d67e98d0f2f2bff0cd77e4334b.jpeg","aid":"rksEJ6aur","size":382655},{"rType":"asset","rSubType":"image","fileName":"solarsystem2.gif","fileSize":2008893,"val":"mc-06313f9458961fcaf66a8d37cb8b9a2f.gif","aid":"L4hb3njh9aO","size":2008893},{"rType":"asset","rSubType":"image","fileName":"sun2.gif","fileSize":1865775,"val":"mc-4586fb6810eedcfaff8fa9f9315d3222.gif","aid":"nE09pN7G61U","size":1865775},{"rType":"asset","rSubType":"image","fileName":"earth_moon.jpg","fileSize":71022,"val":"mc-0d041b2ebb185db9053ec67cf5b6e79c.jpg","aid":"7LrDqqhVlxr","size":71022},{"rType":"asset","rSubType":"image","fileName":"saturn-planet-planet-s.jpg","fileSize":13447,"val":"mc-a26693c5a77d008c11509c9141f90252.jpg","aid":"lLkZx3Tq_1H","size":13447},{"rType":"asset","rSubType":"image","fileName":"moon2_ret.gif","fileSize":1936523,"val":"mc-a9d830a891b7e0645246b7400efafad5.gif","aid":"uyB9zTTT9sZ","size":1936523},{"rType":"asset","rSubType":"image","fileName":"shutterstock_383062339_low.jpg","fileSize":398690,"val":"mc-4dcec5bffc728657abc7e11651ae0ff7.jpg","aid":"_5Wa-c7GWOq","size":398690},{"rType":"asset","rSubType":"audio","fileName":"music1.mp3","fileSize":524430,"val":"mc-985f1d7662c3d617030209583671379e.mp3","aid":"A6ApfORcCNO","size":524430},{"rType":"asset","rSubType":"image","fileName":"mc-316393d2c7f272f1ef64fc87317602ea.jpg","fileSize":197848,"val":"mc-316393d2c7f272f1ef64fc87317602ea.jpg","aid":"SRWQNae3sN","size":197848},{"rType":"asset","rSubType":"image","fileName":"unsplash.jpg","fileSize":0,"val":"mc-86dc16bb95f7c2ef59466e4c1485ffcb.jpg","aid":"QPsUVdbvS6","size":91834},{"rType":"asset","rSubType":"image","fileName":"unsplash.jpg","fileSize":0,"val":"mc-6fc769d3c863b076fd04cafe967a6fcd.jpg","aid":"vyBTWZozQg","size":73419},{"rType":"asset","rSubType":"image","fileName":"unsplash.jpg","fileSize":0,"val":"mc-9fba6d058310dfb73fc121797f34069c.jpg","aid":"oRpkiODbB9","size":105887},{"rType":"asset","rSubType":"image","fileName":"unsplash.jpg","fileSize":0,"val":"mc-9c42cd92f3b304d476d6941f5ba91d4a.jpg","aid":"Vm2q-JOYOq","size":116497},{"rType":"asset","rSubType":"image","fileName":"create3.png","fileSize":1239566,"val":"mc-025a1c298a37834fe4e49bbd411bf8c8.png","aid":"b9CMRSS5Pv","size":1239566},{"rType":"asset","rSubType":"image","fileName":"unsplash.jpg","fileSize":0,"val":"mc-aebfd30f5cd39a5694aaed53d173aa65.jpg","aid":"oaPleqG_3W","size":194264},{"rType":"asset","rSubType":"image","fileName":"unsplash.jpg","fileSize":0,"val":"mc-4b0280a21d0b04e398253e1c0bcae23a.jpg","aid":"znCAHuD7UO","size":142087},{"rType":"asset","rSubType":"image","fileName":"unsplash.jpg","fileSize":0,"val":"mc-e0a132279b2822ec4e82a3b5bb842a1a.jpg","aid":"Tgs9RzIQgI","size":74870},{"rType":"asset","rSubType":"image","fileName":"unsplash.jpg","fileSize":0,"val":"mc-795bc0f224fa64d8d8d2c1d7b3537422.jpg","aid":"yNuKPaUlj6","size":153164},{"rType":"asset","rSubType":"image","fileName":"unsplash.jpg","fileSize":0,"val":"mc-3d5a6a8a7f2eb5232fb8c1e55b5526ad.jpg","aid":"JumNHVvtt9","size":72880},{"rType":"asset","rSubType":"image","fileName":"unsplash.jpg","fileSize":0,"val":"mc-4248ae3055b43a23b7f594c7d41e0ee9.jpg","aid":"9gapoOG7jN","size":216783},{"rType":"asset","rSubType":"image","fileName":"unsplash.jpg","fileSize":0,"val":"mc-c8bd61461bbea3d9503f9ca69b30b968.jpg","aid":"_TAdoF-Wdp","size":155044},{"rType":"asset","rSubType":"image","fileName":"celebrating mobile.jpg","fileSize":104494,"val":"mc-fb11f52e9ea589190503b5383b8f4211.jpg","aid":"xd0rx3A9SP","size":104494},{"rType":"asset","rSubType":"image","fileName":"unsplash.jpg","fileSize":0,"val":"mc-a039d79c06ad6d738e4cdba5cf1615dc.jpg","aid":"D4jLPo8xPFn","size":65618},{"rType":"asset","rSubType":"image","fileName":"unsplash.jpg","fileSize":0,"val":"mc-354d18c3beed444e580ffb91cccfd82e.jpg","aid":"w93cRVd6KN7","size":91866},{"rType":"asset","rSubType":"image","fileName":"unsplash.jpg","fileSize":0,"val":"mc-6491a668e8fe49163af61c735597e406.jpg","aid":"xB2mHlzQhfW","size":103581},{"rType":"asset","rSubType":"image","fileName":"mc-316393d2c7f272f1ef64fc87317602ea.jpg","fileSize":197848,"val":"mc-316393d2c7f272f1ef64fc87317602ea.jpg","aid":"myrNnMgVht","size":197848},{"rType":"asset","rSubType":"image","fileName":"bg.jpg","fileSize":118382,"val":"mc-abc71677f773083945c147e27b78f690.jpg","aid":"sDWv6C7idA","size":118382},{"rType":"asset","rSubType":"image","fileName":"cover_embed.jpg","fileSize":144133,"val":"mc-c41627e898d2330d28527ffe5bbac38a.jpg","aid":"uLq6vdw8N9L","size":144133},{"rType":"asset","rSubType":"image","fileName":"unsplash.jpg","fileSize":0,"aid":"OqeE67sHvR","val":"mc-6fad3e24bc7585320396fbcdbe08d16e.jpg","size":91834},{"rType":"asset","rSubType":"image","fileName":"DataAmplified2017_Paris_Background_1920x1000_v2.png","fileSize":308592,"val":"mc-d6818e546e22f42e6dbae5e2222b0448.png","aid":"U-WMchFSkK6","size":308592},{"rType":"asset","rSubType":"image","fileName":"mc-09e4a66e5f565c0db5d8f38884883dcd.jpg","fileSize":93347,"val":"mc-09e4a66e5f565c0db5d8f38884883dcd.jpg","aid":"jq993krZsKo","size":93347},{"rType":"asset","rSubType":"image","fileName":"3.7-voice2.jpg","fileSize":53030,"val":"mc-1f4c27f517fbb30ec180ae6f7f57262d.jpg","aid":"24e6zlxOrXx","size":53030},{"rType":"asset","rSubType":"image","fileName":"shutterstock_261269027-min.jpg","fileSize":123482,"val":"mc-af3b480616c34126d97ef1f77f411fe2.jpg","aid":"oWgRpm8--K7","size":123482},{"rType":"asset","rSubType":"image","fileName":"unsplash.jpg","fileSize":0,"val":"mc-8b09c4f6dcf28c9abe78f9cf6e8b27e9.jpg","aid":"IvOX49uDgx","size":119148},{"rType":"asset","rSubType":"image","fileName":"unsplash.jpg","fileSize":0,"val":"mc-8b09c4f6dcf28c9abe78f9cf6e8b27e9.jpg","aid":"BdXAVlmra9","size":119148},{"rType":"asset","rSubType":"image","fileName":"cards1.jpg","fileSize":183258,"val":"mc-b5250ddd8434a7d644f8d6d14ccf2c61.jpg","aid":"99W-3NJLHUb","size":183258},{"rType":"asset","rSubType":"image","fileName":"video_cover2.jpg","fileSize":143945,"val":"mc-e1fc978accca4f01bf58c06e533db7b4.jpg","aid":"xT3oyGLqrbo","size":143945},{"rType":"asset","rSubType":"video","fileName":"862011307.mp4","fileSize":1177788,"val":"mc-6583c6155ce185398bc6372b9ad6c658.mp4","aid":"4fulb-GH8B_","size":1177788},{"rType":"asset","rSubType":"image","fileName":"info2_sintexto (1).png","fileSize":25762,"val":"mc-c5fed5ecaf0f0afdf20219fe26fd39ac.png","aid":"SJnVfp6OH","size":25762},{"rType":"asset","rSubType":"image","fileName":"mc-316393d2c7f272f1ef64fc87317602ea.jpg","fileSize":197848,"val":"mc-316393d2c7f272f1ef64fc87317602ea.jpg","aid":"dJxQO9hMIR","size":197848},{"rType":"asset","rSubType":"image","fileName":"galeria.jpg","fileSize":259905,"val":"mc-86a71d01d01200ade4954684ce99c8ae.jpg","aid":"Ls0Dq9uqKlE","size":259905},{"rType":"asset","rSubType":"image","fileName":"bird1.png","fileSize":93138,"val":"mc-4ed1eb2e96e54bdf6e92b3b6664de7d2.png","aid":"-jj33xQoylz","size":93138},{"rType":"asset","rSubType":"image","fileName":"bird2.png","fileSize":253557,"val":"mc-f40d2174be380066adeaf81f2ed1bebe.png","aid":"Hth8AnE7fXh","size":253557},{"rType":"asset","rSubType":"image","fileName":"bird3.png","fileSize":275893,"val":"mc-3706946cea9ba01b81638bf145ba57ad.png","aid":"rA5NRvNiJTV","size":275893},{"rType":"asset","rSubType":"image","fileName":"unsplash.jpg","fileSize":0,"val":"mc-dbb6fa8ae750ea3aec811ab3f8bf0541.jpg","aid":"H22O4fMdU","size":95392},{"rType":"asset","rSubType":"image","fileName":"mc-aae5ac58748ee67da47f8216016f25cb.jpg","fileSize":37617,"val":"mc-aae5ac58748ee67da47f8216016f25cb.jpg","aid":"pRscgGTqek","size":37617},{"rType":"asset","rSubType":"image","fileName":"unsplash.jpg","fileSize":0,"val":"mc-68007bd13c462d08a556db00e6fe7051.jpg","aid":"lposQe528n","size":247005},{"rType":"asset","rSubType":"image","fileName":"unsplash.jpg","fileSize":0,"val":"mc-cab7d88c77431029b8b1ba2c12f12b50.jpg","aid":"AGSps9hE7","size":66963},{"rType":"asset","rSubType":"image","fileName":"structure_editor.jpg","fileSize":48642,"val":"mc-49bf23a69e15a943748b8d1dcc4a623f.jpg","aid":"N6Fs-Z4GHTZ","size":48642},{"rType":"asset","rSubType":"image","fileName":"structure.gif","fileSize":66558,"val":"mc-45aee5b0e8c97b0f7359da2cfea51725.gif","aid":"zIBK0K2BDdp","size":66558},{"rType":"asset","rSubType":"image","fileName":"mc-316393d2c7f272f1ef64fc87317602ea.jpg","fileSize":197848,"val":"mc-cdfcf95d44f08b8efe52429b3790c913.jpg","aid":"q4y-OIKxi","size":197848},{"rType":"asset","rSubType":"image","fileName":"boxed_text.jpg","fileSize":38119,"val":"mc-d44b60e61050313ffeb76f8f6bc3796c.jpg","aid":"78XQeuGUCng","size":38119},{"rType":"asset","rSubType":"image","fileName":"text.jpg","fileSize":56126,"val":"mc-fcffb41ab0a3e740a58be3c5284d7032.jpg","aid":"2CwrNrwPMKu","size":56126},{"rType":"asset","rSubType":"image","fileName":"3.2-img-edition.png","fileSize":334369,"aid":"biEeqf4E9R4","val":"mc-735b34128797c7f18d00f1d65a5bd1e9.png","size":334369},{"rType":"asset","rSubType":"image","fileName":"cuerpo_humano.jpg","fileSize":203430,"val":"mc-2165098c8fceb1320265ad35ea830101.jpg","aid":"heU9G3rEztT","size":203430},{"rType":"asset","rSubType":"image","fileName":"mc-316393d2c7f272f1ef64fc87317602ea.jpg","fileSize":197848,"val":"mc-cdfcf95d44f08b8efe52429b3790c913.jpg","aid":"J2OlL_hRu","size":197848},{"rType":"asset","rSubType":"image","fileName":"interface_combi.jpg","fileSize":128743,"val":"mc-cb232aba182d8cec18cbfc615b465149.jpg","aid":"xNSFT5tdNj","size":128743},{"rType":"asset","rSubType":"image","fileName":"builder.jpg","fileSize":180088,"val":"mc-cf8ea0ffaa7b8461793eab425c41b7f0.jpg","aid":"_uzlzFzVQ","size":180088},{"rType":"asset","rSubType":"image","fileName":"unsplash.jpg","fileSize":0,"val":"mc-33b61b1a32ac647c442f2db9d08cede3.jpg","aid":"gpP8gUFlS","size":74031},{"rType":"asset","rSubType":"image","fileName":"gallery1.jpg","fileSize":312126,"val":"mc-8e73104c339b706992ce540c9c19cb6f.jpg","aid":"7eHRKpymJ2M","size":312126},{"rType":"asset","rSubType":"image","fileName":"gallery2.jpg","fileSize":217812,"val":"mc-23296b11f68b7cae901e333e441e4b4e.jpg","aid":"WAodJMuBKLU","size":217812},{"rType":"asset","rSubType":"image","fileName":"gallery3.jpg","fileSize":86967,"val":"mc-a479713c2ff652c4634b87ecfc264d87.jpg","aid":"CfBQFEAleGz","size":86967},{"rType":"asset","rSubType":"image","fileName":"contact3.jpg","fileSize":40794,"val":"mc-5afb8e5455390fbb6cf28540a16bf8bd.jpg","aid":"NX6TBJsUqK","size":40794},{"rType":"asset","rSubType":"image","fileName":"3.4--image-text.jpg","fileSize":295741,"val":"mc-3cf15a2c6d3b4536ec22464705740ade.jpg","aid":"7PDQ-lx-JHA","size":295741},{"rType":"asset","rSubType":"image","fileName":"unsplash.jpg","fileSize":0,"val":"mc-69587e56b75f8c17f4c89d64b0ec426c.jpg","aid":"yc8lRQzr8","size":88778},{"rType":"asset","rSubType":"image","fileName":"Antes-Despues_01.png","fileSize":25344,"val":"mc-624fb492c15d9d6da13cb84510890fe5.png","aid":"RcC7ZUu7cO","size":25344},{"rType":"asset","rSubType":"image","fileName":"Antes-Despues_03.png","fileSize":59465,"val":"mc-408408ecfeed29d3eeff14f60acab38a.png","aid":"p9lur_sYbu","size":59465},{"rType":"asset","rSubType":"image","fileName":"3.4-img-txt.png","fileSize":140901,"val":"mc-a8c33a9c29df4275daa344401526d23b.png","aid":"CeohznNfhxZ","size":140901},{"rType":"asset","rSubType":"image","fileName":"cole-hutson-62477_mini.jpg","fileSize":533141,"val":"mc-4a82afd30002c3ce2e78cf7124efc7c2.jpg","aid":"vX7xOJQAH_E","size":533141},{"rType":"asset","rSubType":"image","fileName":"unsplash.jpg","fileSize":0,"val":"mc-83dddecc01f81f9a49370701b67fd7ce.jpg","aid":"jlxeuaW3S","size":136046},{"rType":"asset","rSubType":"image","fileName":"contact1.jpg","fileSize":67190,"val":"mc-02f86d0a4cb35e057db2e563fdbc3d89.jpg","aid":"nTH5vjiium","size":67190},{"rType":"asset","rSubType":"image","fileName":"unsplash.jpg","fileSize":0,"val":"mc-a407d458f4e9768ab808e9a8f42c70ea.jpg","aid":"LIb9QOHMqY","size":218072},{"rType":"asset","rSubType":"image","fileName":"create8.png","fileSize":163330,"val":"mc-e0f5ac0ce369ec8c4c6520ceee06b550.png","aid":"j8zWD2t05","size":163330},{"rType":"asset","rSubType":"image","fileName":"cover.jpg","fileSize":58494,"val":"mc-f68dc37b1b65250aad266beb69f2d596.jpg","aid":"nn3qVE8rd","size":58494},{"rType":"asset","rSubType":"image","fileName":"author-Negative.png","fileSize":33032,"val":"mc-5997982e330cedc2e8f124a312f970e2.png","aid":"TwLb0wqfB","size":33032},{"rType":"asset","rSubType":"image","fileName":"create5.png","fileSize":27697,"val":"mc-8663e3858f4919694057a8405892b96b.png","aid":"OHUDZxX_m","size":27697},{"rType":"asset","rSubType":"image","fileName":"Wrong-Way-Go-Back-Sign-K-7425.gif","fileSize":19360,"val":"mc-324422de32651b9a047570d7fe04fc89.gif","aid":"HyE6wlnrYS","size":19360},{"rType":"asset","rSubType":"image","fileName":"previewbutton.png","fileSize":569373,"val":"mc-d5ec268db789baf6490aadaeb8a98e80.png","aid":"uLvHnGJ31","size":569373},{"rType":"asset","rSubType":"image","fileName":"create3.png","fileSize":327910,"val":"mc-1824e8e0fed397aa303536b2f152c291.png","aid":"jiDhqlLyR","size":327910},{"rType":"asset","rSubType":"image","fileName":"create6.png","fileSize":49217,"val":"mc-918b9681963c5a829d23e1e0c71304e9.png","aid":"BXdqBdqWE","size":49217},{"rType":"asset","rSubType":"image","fileName":"preview.png","fileSize":2059865,"val":"mc-62c6fe3d8c85fd3edf864f710b8c0c44.png","aid":"Rm5lhETzN","size":2059865},{"rType":"asset","rSubType":"image","fileName":"create2.png","fileSize":318863,"val":"mc-ee9a5198d083c90f784018204ca3cb83.png","aid":"BfKiqHJge","size":318863},{"rType":"asset","rSubType":"image","fileName":"freeregister.png","fileSize":280327,"val":"mc-3654588bd285a577d74e33e405f9d83a.png","aid":"LmZb7Oc-2","size":280327},{"rType":"asset","rSubType":"image","fileName":"create4.png","fileSize":162010,"val":"mc-d2e39072e74b56d06638625c8a45caa6.png","aid":"c7j0KevaK","size":162010},{"rType":"asset","rSubType":"image","fileName":"freeregister1.png","fileSize":718651,"val":"mc-2a52badbd4977799d4d3580c19e415de.png","aid":"C6mF1ES-a","size":718651},{"rType":"asset","rSubType":"image","fileName":"create.png","fileSize":24224,"val":"mc-9e8bae89aea15d47b79b24857f7234da.png","aid":"rnL1HhdZY","size":24224},{"rType":"asset","rSubType":"image","fileName":"create7.png","fileSize":91902,"val":"mc-e2dc152ae3ec921af64bfdddf60eaec2.png","aid":"P6d6pzJ1e","size":91902}]