{"i":{"0":{"id":"0","pid":"29064","type":"project","setup":{"customColors":["#ea661d","#e50a4f","#e50a4f","#dddddd","#999999","#523321","#546422","#ff0000","#202948","#9066dd","#591b6d","#000000","#eb1c71"],"projectImage":{"pos":{"crop":{"poi":{"x":540,"y":437.5}}},"measures":{"size":{"width":1080,"height":816}},"original":{"rType":"asset","rSubType":"image","fileName":"mc-316393d2c7f272f1ef64fc87317602ea.jpg","fileSize":197848,"val":"mc-316393d2c7f272f1ef64fc87317602ea.jpg","aid":"Sk-m0ha_r"}},"projectLogo":{"pos":{"crop":{"poi":{"x":390,"y":120}}},"measures":{"size":{"width":1400,"height":240}},"original":{"rType":"asset","rSubType":"image","fileName":"author-Negative.png","fileSize":33032,"val":"mc-5997982e330cedc2e8f124a312f970e2.png","aid":"ID21arW53"}},"skinColor":"#EA661D","backgroundType":"image","customColorsDescriptionsById":{"12":{"val":"corporativo","rType":"colorLabel"}},"name":{"val":"New Course Example ","rType":"text"},"customColorsOrderedIds":["0","1","2","3","4","5","6","7","8","9","10","11","12"],"backgroundImage":{"pos":{"crop":{"poi":{"x":1080,"y":2471.5}}},"measures":{"size":{"width":2160,"height":3240}},"original":{"rType":"asset","rSubType":"image","fileName":"unsplash.jpg","fileSize":0,"val":"mc-20b2a9970c324fc94ce9f66bb7ffc8f6.jpg","aid":"ryteQ6TdH"}},"lang":"en-US","font":{"id":"nunito_rounded"},"pos":["SyxdnbL6b","S1hZCbU6b","SkPmtcFUG","4y9aFtKII","KIlKZq5dm","HJf-C7iaZ"],"customColorsNamesById":{"2":{"val":"isEazy Magenta","rType":"colorLabel"},"12":{"val":"nuevo","rType":"colorLabel"}}},"publication":{"type":"scorm12","config":{"scorm12":{"trackingMode":"comp"}}},"evaluation":{"members":{"SJr67VoaZ":{"id":"SJr67VoaZ","type":"item","size":6,"enabled":true,"cover":{"pos":{"crop":{"poi":{"x":1020,"y":540}}},"measures":{"size":{"width":1920,"height":1080}},"original":{"rType":"asset","rSubType":"image","fileName":"fondocurso.png","fileSize":50796,"val":"mc-38f9a6c3d3e039383514ea0d7992403f.png","aid":"-6eLz6eCL"}}}},"cutOff":70,"attempts":3}},"By5F025xM":{"id":"By5F025xM","type":"slide","setup":{"templateId":"303","pos":["Bkvxfk3ef","ryZXk6cxz","SJzgM13ez","void3","void4","void5","void6","void7","void8","void9","void10","void11","void12","void13","void14","void15","void16","void17","void18","void19"]}},"rkUjntQ5X":{"id":"rkUjntQ5X","type":"subsection","setup":{"pos":["SybT2tm9Q","BJV-ptX9Q","HyzykaQqX","H1_T6q-CX"],"title":{"val":"Graphs","rType":"text"}}},"gUwNv_Pqo":{"id":"gUwNv_Pqo","type":"slide","setup":{"templateId":"202","pos":["KGP-0KtNos","ZtD14tidTZ","void2","void3","void4","void5","void6","void7","void8","void9","void10","void11","void12","void13","void14","void15","void16","void17","void18","void19"]}},"rksSFjk5G":{"id":"rksSFjk5G","type":"slide","setup":{"templateId":"201","pos":["ryxiSti19f","Sy-sBKiJqG","void2","void3","void4","void5","void6","void7","void8","void9","void10","void11","void12","void13","void14","void15","void16","void17","void18","void19"]}},"By7ViX_tz":{"id":"By7ViX_tz","type":"subsection","setup":{"pos":["Skr73m_FM","Hktw0m_FM","HJDw1NOtz","BJLEKTJ9f","S14N2aJ9G"],"title":{"val":"Percentage","rType":"text"}}},"SJLJ9cK8M":{"id":"SJLJ9cK8M","type":"subsection","setup":{"pos":["HkgLk55YUM","B1QuD9LOf","B137yqHKM"],"title":{"val":"Text","rType":"text"}}},"H4nAQxrbW":{"id":"H4nAQxrbW","type":"subsection","setup":{"pos":["Az27gjw-s","X4VmTVwES","cgu_VQd6G","2iNW0D6LI"],"title":{"val":"Arrange exercise","rType":"text"}}},"HJWPmYqYUG":{"id":"HJWPmYqYUG","type":"slide","setup":{"templateId":"101","pos":["Hk5AA3t8M","void0","void2","void3","void4","void5","void6","void7","void8","void9","void10","void11","void12","void13","void14","void15","void16","void17","void18","void19"]}},"r1xM-CXiTZ":{"id":"r1xM-CXiTZ","type":"subsection","setup":{"pos":["am4hhgxX6","jrbYH-mjb"],"title":{"val":"Find us online","rType":"text"}}},"rysTY5tIz":{"id":"rysTY5tIz","type":"subsection","setup":{"pos":["rJhMnhFLz","rJtYHh40b"],"title":{"val":"Image & Text","rType":"text"}}},"rJMjt5FUf":{"id":"rJMjt5FUf","type":"subsection","setup":{"pos":["SkLfnnKIz","Hy5sD4Ip-"],"title":{"val":"Download","rType":"text"}}},"jrbYH-mjb":{"id":"jrbYH-mjb","type":"slide","setup":{"templateId":"701","pos":["void6","S1xpkrIuBz","Hk-p1SIdSz","fMTT0oMbJp","zYa-kUnnF","rJz61SUdrM","Bk7TyHUdrG","void7","void8","void9","void10","void11","void12","void13","void14","void15","void16","void17","void18","void19"]}},"S1kRrVI6W":{"id":"S1kRrVI6W","type":"slide","setup":{"templateId":"413","pos":["HJYRSNUab","SJrttTRuM","BJTjI4L6W","HkTzUEUpZ","void4","void5","void6","void7","void8","void9","void10","void11","void12","void13","void14","void15","void16","void17","void18","void19"]}},"a0hhxrOkg":{"id":"a0hhxrOkg","type":"slide","setup":{"templateId":"201","pos":["void0","mOlnORk1ar","void2","void3","void4","void5","void6","void7","void8","void9","void10","void11","void12","void13","void14","void15","void16","void17","void18","void19"]}},"SyELFrIpb":{"id":"SyELFrIpb","type":"slide","setup":{"templateId":"307","pos":["BJKItB8Tb","HktOKH8pW","ByS9tSLp-","void3","void4","void5","void6","void7","void8","void9","void10","void11","void12","void13","void14","void15","void16","void17","void18","void19"]}},"rJeP7t5FUG":{"id":"rJeP7t5FUG","type":"subsection","setup":{"pos":["S1JW32KLz","HJWPmYqYUG","BklJTXUTW"],"title":{"val":"Video","rType":"text"}}},"HkAfIq8_z":{"id":"HkAfIq8_z","type":"slide","setup":{"templateId":"201","pos":["void0","S1gRf858dM","void2","void3","void4","void5","void6","void7","void8","void9","void10","void11","void12","void13","void14","void15","void16","void17","void18","void19"]}},"ryeUxuNoTb":{"id":"ryeUxuNoTb","type":"slide","setup":{"templateId":"201","pos":["SJ92PHsTZ","void0","void2","void3","void4","void5","void6","void7","void8","void9","void10","void11","void12","void13","void14","void15","void16","void17","void18","void19"]}},"S1RsqBipZ":{"id":"S1RsqBipZ","type":"slide","setup":{"templateId":"201","pos":["Sy0qaBjT-","Hks65Sjpb","void2","void3","void4","void5","void6","void7","void8","void9","void10","void11","void12","void13","void14","void15","void16","void17","void18","void19"]}},"Hktw0m_FM":{"id":"Hktw0m_FM","type":"slide","setup":{"templateId":"301","pos":["SkvK0QOKG","BJAuCmOKz","H1p907OKf","void3","void4","void5","void6","void7","void8","void9","void10","void11","void12","void13","void14","void15","void16","void17","void18","void19"]}},"SkXb0ck9f":{"id":"SkXb0ck9f","type":"slide","setup":{"templateId":"201","pos":["S1lQZC9y5f","BJtbyiJqM","void2","void3","void4","void5","void6","void7","void8","void9","void10","void11","void12","void13","void14","void15","void16","void17","void18","void19"]}},"HJDw1NOtz":{"id":"HJDw1NOtz","type":"slide","setup":{"templateId":"301","pos":["Skxvw1NOYG","S1-PPJEdYM","SyfDP1VuKG","void3","void4","void5","void6","void7","void8","void9","void10","void11","void12","void13","void14","void15","void16","void17","void18","void19"]}},"HkX7ig0CW":{"id":"HkX7ig0CW","type":"slide","setup":{"templateId":"208","pos":["rk5LlowtG","HkaDliPFf","void2","void3","void4","void5","void6","void7","void8","void9","void10","void11","void12","void13","void14","void15","void16","void17","void18","void19"]}},"HkewRJBbQ":{"id":"HkewRJBbQ","type":"slide","setup":{"templateId":"203","pos":["HyZxD0JHWQ","SJgewR1HW7","void2","void3","void4","void5","void6","void7","void8","void9","void10","void11","void12","void13","void14","void15","void16","void17","void18","void19"]}},"HyQ7h2tIz":{"id":"HyQ7h2tIz","type":"slide","setup":{"templateId":"201","pos":["void0","rkgQ7hhKLf","void2","void3","void4","void5","void6","void7","void8","void9","void10","void11","void12","void13","void14","void15","void16","void17","void18","void19"]}},"5iUZdRz1c":{"id":"5iUZdRz1c","type":"subsection","setup":{"pos":["oS2BP3233"],"title":{"val":"Our Offices","rType":"text"}}},"Hkqr95tUf":{"id":"Hkqr95tUf","type":"subsection","setup":{"pos":["SJTVn2t8f","HkpdlTauH","ryVuTUwHf","SkUonqy9G","Sko5h2ycM"],"title":{"val":"Sort exercise","rType":"text"}}},"Hk-d16a_B":{"id":"Hk-d16a_B","type":"slide","setup":{"templateId":"202","pos":["HJeWd1TpdB","Hkb-d1a6dB","void2","void3","void4","void5","void6","void7","void8","void9","void10","void11","void12","void13","void14","void15","void16","void17","void18","void19"]}},"SydE32FUz":{"id":"SydE32FUz","type":"slide","setup":{"templateId":"201","pos":["void0","HkxONhhtLz","void2","void3","void4","void5","void6","void7","void8","void9","void10","void11","void12","void13","void14","void15","void16","void17","void18","void19"]}},"HJf-C7iaZ":{"id":"HJf-C7iaZ","type":"section","setup":{"pos":["r1xM-CXiTZ","fVGVRagHe","CUPPWUsH0","5iUZdRz1c"],"title":{"val":"Learn more about isEazy Author","rType":"text"}}},"SJTVn2t8f":{"id":"SJTVn2t8f","type":"slide","setup":{"templateId":"201","pos":["void0","ByeaEh3YIz","void2","void3","void4","void5","void6","void7","void8","void9","void10","void11","void12","void13","void14","void15","void16","void17","void18","void19"]}},"Hkimkz8TW":{"id":"Hkimkz8TW","type":"slide","setup":{"templateId":"307","pos":["HJp7JGIT-","SJDIyzUT-","Hk4ukGLp-","void3","void4","void5","void6","void7","void8","void9","void10","void11","void12","void13","void14","void15","void16","void17","void18","void19"]}},"o_CV7MIRH":{"id":"o_CV7MIRH","type":"slide","setup":{"templateId":"201","pos":["zBouNPF2UgF","aQzcuOYNGG","void2","void3","void4","void5","void6","void7","void8","void9","void10","void11","void12","void13","void14","void15","void16","void17","void18","void19"]}},"ry5CpIrKM":{"id":"ry5CpIrKM","type":"slide","setup":{"templateId":"201","pos":["Bygl08rtz","B1t40UHYz","void2","void3","void4","void5","void6","void7","void8","void9","void10","void11","void12","void13","void14","void15","void16","void17","void18","void19"]}},"1i3qEVnRq":{"id":"1i3qEVnRq","type":"subsection","setup":{"pos":["OIZx4Znw0","thUmzhmRL","cDa5JTlCI"],"title":{"val":"Trivia game","rType":"text"}}},"rkl-FE9IOM":{"id":"rkl-FE9IOM","type":"slide","setup":{"templateId":"202","pos":["Hynvjc8uf","Hkbwn5I_M","void2","void3","void4","void5","void6","void7","void8","void9","void10","void11","void12","void13","void14","void15","void16","void17","void18","void19"]}},"rkhI7Vi6-":{"id":"rkhI7Vi6-","type":"slide","setup":{"templateId":"101","pos":["SJOD7No6b","void1","void2","void3","void4","void5","void6","void7","void8","void9","void10","void11","void12","void13","void14","void15","void16","void17","void18","void19"]}},"Byczqg6xm":{"id":"Byczqg6xm","type":"slide","setup":{"templateId":"201","pos":["void0","ByxqGceaxQ","void2","void3","void4","void5","void6","void7","void8","void9","void10","void11","void12","void13","void14","void15","void16","void17","void18","void19"]}},"By2ve3BtB":{"id":"By2ve3BtB","type":"slide","setup":{"templateId":"101","pos":["SJTwl3SFS","void1","void2","void3","void4","void5","void6","void7","void8","void9","void10","void11","void12","void13","void14","void15","void16","void17","void18","void19"]}},"dXPfQEthy":{"id":"dXPfQEthy","type":"slide","setup":{"templateId":"202","pos":["-p1bNSIB-J","13FT6S13nu","void2","void3","void4","void5","void6","void7","void8","void9","void10","void11","void12","void13","void14","void15","void16","void17","void18","void19"]}},"Hy5sD4Ip-":{"id":"Hy5sD4Ip-","type":"slide","setup":{"templateId":"307","pos":["By93vVIaW","HJobeEsaW","Hy3AwVLab","ryr0kVsp-","void4","void5","void6","void7","void8","void9","void10","void11","void12","void13","void14","void15","void16","void17","void18","void19"]}},"SdpMoGq73":{"id":"SdpMoGq73","type":"slide","setup":{"templateId":"202","pos":["6ni5LbRVv","u2ero4ZCJZ","void2","void3","void4","void5","void6","void7","void8","void9","void10","void11","void12","void13","void14","void15","void16","void17","void18","void19"]}},"HyZfLAJKz":{"id":"HyZfLAJKz","type":"slide","setup":{"templateId":"101","pos":["rkWZfICJFz","void1","void2","void3","void4","void5","void6","void7","void8","void9","void10","void11","void12","void13","void14","void15","void16","void17","void18","void19"]}},"rkwTqxh0m":{"id":"rkwTqxh0m","type":"slide","setup":{"templateId":"202","pos":["rkewpqg30X","HJTMUXB14","void1","void0","void4","void5","void6","void7","void8","void9","void10","void11","void12","void13","void14","void15","void16","void17","void18","void19"]}},"BJs3dNLTb":{"id":"BJs3dNLTb","type":"slide","setup":{"templateId":"101","pos":["B1Auy0JFz","By2P-RJYf","void2","void3","void4","void5","void6","void7","void8","void9","void10","void11","void12","void13","void14","void15","void16","void17","void18","void19"]}},"H1_T6q-CX":{"id":"H1_T6q-CX","type":"slide","setup":{"templateId":"101","pos":["B1e_pp9WR7","void1","void2","void3","void4","void5","void6","void7","void8","void9","void10","void11","void12","void13","void14","void15","void16","void17","void18","void19"]}},"Hy5EKctLz":{"id":"Hy5EKctLz","type":"subsection","setup":{"pos":["rJL-33tLf","r1Jg74ITb"],"title":{"val":"Audio","rType":"text"}}},"OIZx4Znw0":{"id":"OIZx4Znw0","type":"slide","setup":{"templateId":"201","pos":["void0","656KnhAMRQ","void2","void3","void4","void5","void6","void7","void8","void9","void10","void11","void12","void13","void14","void15","void16","void17","void18","void19"]}},"Wxzr10X8YJ":{"id":"Wxzr10X8YJ","type":"subsection","setup":{"pos":["b4zqD_0mw","faWtjX-eJ"],"title":{"val":"Distribution options","rType":"text"}}},"rJtYHh40b":{"id":"rJtYHh40b","type":"slide","setup":{"templateId":"418","pos":["HyMVL3V0b","BkQqHnERW","HkEuv2E0W","HkNlPnEC-","void4","void5","void6","void7","void8","void9","void10","void11","void12","void13","void14","void15","void16","void17","void18","void19"]}},"MMXSchhdF":{"id":"MMXSchhdF","type":"subsection","setup":{"pos":["4VrWo0tux","o_CV7MIRH","dXPfQEthy"],"title":{"val":"Words game","rType":"text"}}},"cJqvoW1l9":{"id":"cJqvoW1l9","type":"subsection","setup":{"pos":["IANTXf5Ab","SdpMoGq73","nGaCB3-e7"],"title":{"val":"Memory game","rType":"text"}}},"SkLfnnKIz":{"id":"SkLfnnKIz","type":"slide","setup":{"templateId":"201","pos":["void0","rkeIMnntLM","void2","void3","void4","void5","void6","void7","void8","void9","void10","void11","void12","void13","void14","void15","void16","void17","void18","void19"]}},"IANTXf5Ab":{"id":"IANTXf5Ab","type":"slide","setup":{"templateId":"201","pos":["void0","qk1GJkOH42","void2","void3","void4","void5","void6","void7","void8","void9","void10","void11","void12","void13","void14","void15","void16","void17","void18","void19"]}},"SkQ7BrUTW":{"id":"SkQ7BrUTW","type":"slide","setup":{"templateId":"303","pos":["Sks9MtLgX","HkcXSSIpb","rktqzYLeQ","void3","void4","void5","void6","void7","void8","void9","void10","void11","void12","void13","void14","void15","void16","void17","void18","void19"]}},"KIlKZq5dm":{"id":"KIlKZq5dm","type":"section","setup":{"pos":["_57EFHpEa4"],"title":{"val":"Exclusive features","rType":"text"}}},"SybT2tm9Q":{"id":"SybT2tm9Q","type":"slide","setup":{"templateId":"201","pos":["void0","SJxba3tm9Q","void2","void3","void4","void5","void6","void7","void8","void9","void10","void11","void12","void13","void14","void15","void16","void17","void18","void19"]}},"CUPPWUsH0":{"id":"CUPPWUsH0","type":"subsection","setup":{"pos":["Je_mfDuVY"],"title":{"val":"Academy","rType":"text"}}},"cgu_VQd6G":{"id":"cgu_VQd6G","type":"slide","setup":{"templateId":"202","pos":["lmW_u0s7eA","5eFLLLfjKI","void2","void3","void4","void5","void6","void7","void8","void9","void10","void11","void12","void13","void14","void15","void16","void17","void18","void19"]}},"rJWF45L_G":{"id":"rJWF45L_G","type":"subsection","setup":{"pos":["HkAfIq8_z","rkl-FE9IOM"],"title":{"val":"Voice-Over","rType":"text"}}},"r1gGnnYUG":{"id":"r1gGnnYUG","type":"slide","setup":{"templateId":"201","pos":["void0","rJlxGhhKUM","void2","void3","void4","void5","void6","void7","void8","void9","void10","void11","void12","void13","void14","void15","void16","void17","void18","void19"]}},"faWtjX-eJ":{"id":"faWtjX-eJ","type":"slide","setup":{"templateId":"509","pos":["62ZsgBwQ68","mN5ZORYEj","phJqJKa6g","Do-3kR3VA","ZHYhAVUBA","void5","void6","void7","void8","void9","void10","void11","void12","void13","void14","void15","void16","void17","void18","void19"]}},"rkJ43nYIz":{"id":"rkJ43nYIz","type":"slide","setup":{"templateId":"201","pos":["void0","rkg1N23YLG","void2","void3","void4","void5","void6","void7","void8","void9","void10","void11","void12","void13","void14","void15","void16","void17","void18","void19"]}},"thUmzhmRL":{"id":"thUmzhmRL","type":"slide","setup":{"templateId":"202","pos":["nq4h1T7RfP","bLl6dZpKav","void2","void3","void4","void5","void6","void7","void8","void9","void10","void11","void12","void13","void14","void15","void16","void17","void18","void19"]}},"SJ3EG6aOS":{"id":"SJ3EG6aOS","type":"slide","setup":{"templateId":"202","pos":["ryg3VM6a_S","SJb24z6Tdr","void2","void3","void4","void5","void6","void7","void8","void9","void10","void11","void12","void13","void14","void15","void16","void17","void18","void19"]}},"BklJTXUTW":{"id":"BklJTXUTW","type":"slide","setup":{"templateId":"401","pos":["BkltW48Tb","By-Ab4IaW","S1b3z48pZ","HJ2s-E8ab","void4","void5","void6","void7","void8","void9","void10","void11","void12","void13","void14","void15","void16","void17","void18","void19"]}},"rkKcOhV7X":{"id":"rkKcOhV7X","type":"subsection","setup":{"pos":["bKm5C8L0d","qdbhtvIUX","gUwNv_Pqo","8Je8E6seG"],"title":{"val":"Alphabet game","rType":"text"}}},"BklrM66dS":{"id":"BklrM66dS","type":"slide","setup":{"templateId":"101","pos":["S1lxrzap_B","SybxrMp6_H","void2","void3","void4","void5","void6","void7","void8","void9","void10","void11","void12","void13","void14","void15","void16","void17","void18","void19"]}},"xCziBLLlQ":{"id":"xCziBLLlQ","type":"subsection","setup":{"pos":["8GrLU5aXq","EBeRHWd7e","E4jXGMAWP"],"title":{"val":"Match exercise","rType":"text"}}},"BJV-ptX9Q":{"id":"BJV-ptX9Q","type":"slide","setup":{"templateId":"306","pos":["BJQNbpFQ9Q","Syz4-atQcQ","S17MaFmqm","r1T-25mq7","void4","void5","void6","void7","void8","void9","void10","void11","void12","void13","void14","void15","void16","void17","void18","void19"]}},"H1xeO3ZLab":{"id":"H1xeO3ZLab","type":"subsection","setup":{"pos":["HkWeO3ZLpZ"],"title":{"val":"Contents menu\n","rType":"text"}}},"HyoVFqKUz":{"id":"HyoVFqKUz","type":"subsection","setup":{"pos":["r1gGnnYUG","S1kRrVI6W"],"title":{"val":"Links","rType":"text"}}},"BJLEKTJ9f":{"id":"BJLEKTJ9f","type":"slide","setup":{"templateId":"401","pos":["rk8qFpycz","Hytz5pkcz","B1_G9TJqM","B1PwKp1qz","void4","void5","void6","void7","void8","void9","void10","void11","void12","void13","void14","void15","void16","void17","void18","void19"]}},"HJfaoxTxX":{"id":"HJfaoxTxX","type":"slide","setup":{"templateId":"202","pos":["S1WGpoe6xm","BJZknlpl7","void2","void3","void4","void5","void6","void7","void8","void9","void10","void11","void12","void13","void14","void15","void16","void17","void18","void19"]}},"rkNj-WaeQ":{"id":"rkNj-WaeQ","type":"slide","setup":{"templateId":"101","pos":["SyWEjZWTlQ","void1","void2","void3","void4","void5","void6","void7","void8","void9","void10","void11","void12","void13","void14","void15","void16","void17","void18","void19"]}},"ryVuTUwHf":{"id":"ryVuTUwHf","type":"slide","setup":{"templateId":"203","pos":["SyTn68vHf","SJg4_aIwBG","void2","void3","void4","void5","void6","void7","void8","void9","void10","void11","void12","void13","void14","void15","void16","void17","void18","void19"]}},"_57EFHpEa4":{"id":"_57EFHpEa4","type":"subsection","setup":{"pos":["0cTLPtuVJ","3fB99T8gnQ"],"title":{"val":"Increase the productivity   of your authors","rType":"text"}}},"rkedSBI6b":{"id":"rkedSBI6b","type":"slide","setup":{"templateId":"101","pos":["HJ33SHU6b","rybFSBLp-","void2","void3","void4","void5","void6","void7","void8","void9","void10","void11","void12","void13","void14","void15","void16","void17","void18","void19"]}},"HkgLk55YUM":{"id":"HkgLk55YUM","type":"slide","setup":{"templateId":"201","pos":["void0","BkLRjnY8M","void2","void3","void4","void5","void6","void7","void8","void9","void10","void11","void12","void13","void14","void15","void16","void17","void18","void19"]}},"ByY8r25xG":{"id":"ByY8r25xG","type":"slide","setup":{"templateId":"203","pos":["BybTS3cxG","BJPvH2qeG","void2","void3","void4","void5","void6","void7","void8","void9","void10","void11","void12","void13","void14","void15","void16","void17","void18","void19"]}},"Skr73m_FM":{"id":"Skr73m_FM","type":"slide","setup":{"templateId":"201","pos":["void0","S1eSQnQdFz","void2","void3","void4","void5","void6","void7","void8","void9","void10","void11","void12","void13","void14","void15","void16","void17","void18","void19"]}},"4VrWo0tux":{"id":"4VrWo0tux","type":"slide","setup":{"templateId":"201","pos":["void0","Ym85hLZ73a","void2","void3","void4","void5","void6","void7","void8","void9","void10","void11","void12","void13","void14","void15","void16","void17","void18","void19"]}},"HkyP16pdB":{"id":"HkyP16pdB","type":"slide","setup":{"templateId":"202","pos":["S1lyDk6pOS","SJ-kDk6aOH","void2","void3","void4","void5","void6","void7","void8","void9","void10","void11","void12","void13","void14","void15","void16","void17","void18","void19"]}},"HJ0J5HLpb":{"id":"HJ0J5HLpb","type":"slide","setup":{"templateId":"101","pos":["ByEl9rI6-","void1","void2","void3","void4","void5","void6","void7","void8","void9","void10","void11","void12","void13","void14","void15","void16","void17","void18","void19"]}},"S1JW32KLz":{"id":"S1JW32KLz","type":"slide","setup":{"templateId":"201","pos":["void0","SkgJZn3Y8M","void2","void3","void4","void5","void6","void7","void8","void9","void10","void11","void12","void13","void14","void15","void16","void17","void18","void19"]}},"vuFkodxh8":{"id":"vuFkodxh8","type":"slide","setup":{"templateId":"101","pos":["wMPQ5gUx8Q","wIbpUHWTHq","void2","void3","void4","void5","void6","void7","void8","void9","void10","void11","void12","void13","void14","void15","void16","void17","void18","void19"]}},"H1ybqxTxm":{"id":"H1ybqxTxm","type":"subsection","setup":{"pos":["Byczqg6xm","HJfaoxTxX","rkNj-WaeQ","HkewRJBbQ"],"title":{"val":"Fill the Blanks exercise","rType":"text"}}},"HyWINjkcG":{"id":"HyWINjkcG","type":"slide","setup":{"templateId":"306","pos":["rJXQBikcf","BJ8TNoJ9f","Hk8UriJqM","void3","void4","void5","void6","void7","void8","void9","void10","void11","void12","void13","void14","void15","void16","void17","void18","void19"]}},"r1l1cffITZ":{"id":"r1l1cffITZ","type":"slide","setup":{"templateId":"201","pos":["void0","By6jffITW","void2","void3","void4","void5","void6","void7","void8","void9","void10","void11","void12","void13","void14","void15","void16","void17","void18","void19"]}},"4y9aFtKII":{"id":"4y9aFtKII","type":"section","setup":{"pos":["Wxzr10X8YJ"],"title":{"val":"Distribution","rType":"text"}}},"X4VmTVwES":{"id":"X4VmTVwES","type":"slide","setup":{"templateId":"339","pos":["LKu5YMP4cM","uyjzjpimGY","XEN-UaqBcA","void3","void4","void5","void6","void7","void8","void9","void10","void11","void12","void13","void14","void15","void16","void17","void18","void19"]}},"rksr55Y8G":{"id":"rksr55Y8G","type":"subsection","setup":{"pos":["B14r32t8G","SyELFrIpb","HJ0J5HLpb","SJVPqr8pb"],"title":{"val":"Embed\n","rType":"text"}}},"BJVx33K8G":{"id":"BJVx33K8G","type":"slide","setup":{"templateId":"201","pos":["void0","rkgEgnhFIG","void2","void3","void4","void5","void6","void7","void8","void9","void10","void11","void12","void13","void14","void15","void16","void17","void18","void19"]}},"rkXVf6T_B":{"id":"rkXVf6T_B","type":"slide","setup":{"templateId":"201","pos":["SJg74Gp6ur","By-XEG6aur","void2","void3","void4","void5","void6","void7","void8","void9","void10","void11","void12","void13","void14","void15","void16","void17","void18","void19"]}},"Sk-hbRWLT-":{"id":"Sk-hbRWLT-","type":"slide","setup":{"templateId":"201","pos":["void0","Sk1PlMUTZ","void2","void3","void4","void5","void6","void7","void8","void9","void10","void11","void12","void13","void14","void15","void16","void17","void18","void19"]}},"l7tkDW33F":{"id":"l7tkDW33F","type":"slide","setup":{"templateId":"401","pos":["I4UH5rHSIV","XEgS4Nw93f","vvRAzBbZJE","3227Stnjvx","void4","void5","void6","void7","void8","void9","void10","void11","void12","void13","void14","void15","void16","void17","void18","void19"]}},"qdbhtvIUX":{"id":"qdbhtvIUX","type":"slide","setup":{"templateId":"201","pos":["void0","1itKa_RNk3","void2","void3","void4","void5","void6","void7","void8","void9","void10","void11","void12","void13","void14","void15","void16","void17","void18","void19"]}},"8GrLU5aXq":{"id":"8GrLU5aXq","type":"slide","setup":{"templateId":"201","pos":["void0","Mzh7GXe8xT","void2","void3","void4","void5","void6","void7","void8","void9","void10","void11","void12","void13","void14","void15","void16","void17","void18","void19"]}},"S14N2aJ9G":{"id":"S14N2aJ9G","type":"slide","setup":{"templateId":"201","pos":["SJcN3Tk5M","rJlK261qG","void2","void3","void4","void5","void6","void7","void8","void9","void10","void11","void12","void13","void14","void15","void16","void17","void18","void19"]}},"HkWeO3ZLpZ":{"id":"HkWeO3ZLpZ","type":"slide","setup":{"templateId":"701","pos":["3oMtYKthL","BJzCpZLpZ","rJfNDEs6b","BJgEhBU6Z","kWWOTU_w_","5s2R550NU","HJ5eY7jaZ","void7","void8","void9","void10","void11","void12","void13","void14","void15","void16","void17","void18","void19"]}},"Je_mfDuVY":{"id":"Je_mfDuVY","type":"slide","setup":{"templateId":"313","pos":["p0sdrwRIl1","Lk-khy7y8q","KlwUhDGSXU","void3","void4","void5","void6","void7","void8","void9","void10","void11","void12","void13","void14","void15","void16","void17","void18","void19"]}},"SkUonqy9G":{"id":"SkUonqy9G","type":"slide","setup":{"templateId":"201","pos":["ByJuT5kqz","H1bjaqkcz","void2","void3","void4","void5","void6","void7","void8","void9","void10","void11","void12","void13","void14","void15","void16","void17","void18","void19"]}},"SyxdnbL6b":{"id":"SyxdnbL6b","type":"section","setup":{"pos":["H1xeO3ZLab"],"title":{"val":"isEazy Author contents","rType":"text"}}},"HyzykaQqX":{"id":"HyzykaQqX","type":"slide","setup":{"templateId":"401","pos":["Bkez1k67cm","B1RbJaQ57","SkGz1kTQ97","Sk8eyaQq7","void4","void5","void6","void7","void8","void9","void10","void11","void12","void13","void14","void15","void16","void17","void18","void19"]}},"S1hZCbU6b":{"id":"S1hZCbU6b","type":"section","setup":{"pos":["HJx3WCWL6W","HJ8eO4jab"],"title":{"val":"First steps with isEazy Author","rType":"text"}}},"rkDiqg2CX":{"id":"rkDiqg2CX","type":"slide","setup":{"templateId":"201","pos":["void0","BJgvi9e2AQ","void2","void3","void4","void5","void6","void7","void8","void9","void10","void11","void12","void13","void14","void15","void16","void17","void18","void19"]}},"nGaCB3-e7":{"id":"nGaCB3-e7","type":"slide","setup":{"templateId":"101","pos":["w4yo9_AkXb","void1","void2","void3","void4","void5","void6","void7","void8","void9","void10","void11","void12","void13","void14","void15","void16","void17","void18","void19"]}},"cDa5JTlCI":{"id":"cDa5JTlCI","type":"slide","setup":{"templateId":"101","pos":["oC5pek9O8Q","mkRByJjw7a","void2","void3","void4","void5","void6","void7","void8","void9","void10","void11","void12","void13","void14","void15","void16","void17","void18","void19"]}},"HyMF9ACdf":{"id":"HyMF9ACdf","type":"slide","setup":{"templateId":"201","pos":["void0","rkgMKq00dG","void2","void3","void4","void5","void6","void7","void8","void9","void10","void11","void12","void13","void14","void15","void16","void17","void18","void19"]}},"SkPmtcFUG":{"id":"SkPmtcFUG","type":"section","setup":{"pos":["Sky9zzITZ","SJLJ9cK8M","SyqJcqFLM","HyoVFqKUz","rysTY5tIz","HymRF9KIf","SJsAtctIG","H1MT95KLG","H1OfdqAdf","rySVqghAX","rJeP7t5FUG","pP5IIO0KR","Hy5EKctLz","rJWF45L_G","BJYH55tUM","Hkqr95tUf","H1ybqxTxm","xCziBLLlQ","H4nAQxrbW","rkKcOhV7X","1i3qEVnRq","jsQcHECHw","cJqvoW1l9","MMXSchhdF","By7ViX_tz","rkUjntQ5X","rksr55Y8G","rJMjt5FUf"],"title":{"val":"Interactive elements","rType":"text"}}},"HkpdlTauH":{"id":"HkpdlTauH","type":"slide","setup":{"templateId":"202","pos":["rylaueTaur","SJ-6Olpaur","void2","void3","void4","void5","void6","void7","void8","void9","void10","void11","void12","void13","void14","void15","void16","void17","void18","void19"]}},"BJYH55tUM":{"id":"BJYH55tUM","type":"subsection","setup":{"pos":["SydE32FUz","rksSFjk5G","rkedSBI6b","HyWINjkcG"],"title":{"val":"ABC exercise","rType":"text"}}},"rJL-33tLf":{"id":"rJL-33tLf","type":"slide","setup":{"templateId":"201","pos":["void0","SJl8-nhF8z","void2","void3","void4","void5","void6","void7","void8","void9","void10","void11","void12","void13","void14","void15","void16","void17","void18","void19"]}},"HJwb8oR_f":{"id":"HJwb8oR_f","type":"slide","setup":{"templateId":"403","pos":["SJAHdjROf","rks-qoAOM","Sk4QcjRuG","HyImqi0OG","void4","void5","void6","void7","void8","void9","void10","void11","void12","void13","void14","void15","void16","void17","void18","void19"]}},"SJDexM8pZ":{"id":"SJDexM8pZ","type":"slide","setup":{"templateId":"201","pos":["rkPZUNoTb","SJW-eGUaZ","void0","void3","void4","void5","void6","void7","void8","void9","void10","void11","void12","void13","void14","void15","void16","void17","void18","void19"]}},"Hyt9-stIf":{"id":"Hyt9-stIf","type":"slide","setup":{"templateId":"101","pos":["SyWtqWsKLG","void1","HJGY9WsK8G","void3","void4","void5","void6","void7","void8","void9","void10","void11","void12","void13","void14","void15","void16","void17","void18","void19"]}},"SJSzyTpdB":{"id":"SJSzyTpdB","type":"slide","setup":{"templateId":"209","pos":["r1lrfy6pdS","H1bSfJ6puH","void2","void3","void4","void5","void6","void7","void8","void9","void10","void11","void12","void13","void14","void15","void16","void17","void18","void19"]}},"H1OfdqAdf":{"id":"H1OfdqAdf","type":"subsection","setup":{"pos":["HyMF9ACdf","ryi7GapuS","rkXVf6T_B","SJ3EG6aOS","ByDEGa6OH","HJx_zdqA_z","BklrM66dS","ry5CpIrKM","H1oVTr8Yf","By2ve3BtB"],"title":{"val":"Linked scenes","rType":"text"}}},"fVGVRagHe":{"id":"fVGVRagHe","type":"subsection","setup":{"pos":["l7tkDW33F","sZs683eSO"],"title":{"val":"Video tutorials","rType":"text"}}},"b4zqD_0mw":{"id":"b4zqD_0mw","type":"slide","setup":{"templateId":"201","pos":["jS22WUWQSv","void1","void2","void3","void4","void5","void6","void7","void8","void9","void10","void11","void12","void13","void14","void15","void16","void17","void18","void19"]}},"am4hhgxX6":{"id":"am4hhgxX6","type":"slide","setup":{"templateId":"201","pos":["t574gC5tEf","void1","void2","void3","void4","void5","void6","void7","void8","void9","void10","void11","void12","void13","void14","void15","void16","void17","void18","void19"]}},"E4jXGMAWP":{"id":"E4jXGMAWP","type":"slide","setup":{"templateId":"101","pos":["Tn-nRrJlbM","void0","void2","void3","void4","void5","void6","void7","void8","void9","void10","void11","void12","void13","void14","void15","void16","void17","void18","void19"]}},"B14r32t8G":{"id":"B14r32t8G","type":"slide","setup":{"templateId":"201","pos":["void0","rkgEHh2Y8G","void2","void3","void4","void5","void6","void7","void8","void9","void10","void11","void12","void13","void14","void15","void16","void17","void18","void19"]}},"Sky9zzITZ":{"id":"Sky9zzITZ","type":"subsection","setup":{"pos":["r1l1cffITZ"],"title":{"val":"Introduction","rType":"text"}}},"3fB99T8gnQ":{"id":"3fB99T8gnQ","type":"slide","setup":{"templateId":"201","pos":["CxivGCTSq","XvI06DFED4","void2","void3","void4","void5","void6","void7","void8","void9","void10","void11","void12","void13","void14","void15","void16","void17","void18","void19"]}},"H1oVTr8Yf":{"id":"H1oVTr8Yf","type":"slide","setup":{"templateId":"201","pos":["void0","HyXcfI8KG","void2","void3","void4","void5","void6","void7","void8","void9","void10","void11","void12","void13","void14","void15","void16","void17","void18","void19"]}},"HJ8eO4jab":{"id":"HJ8eO4jab","type":"subsection","setup":{"pos":["ryeUxuNoTb","BJrfOBoaZ","S1RsqBipZ"],"title":{"val":"Projects management","rType":"text"}}},"SJVPqr8pb":{"id":"SJVPqr8pb","type":"slide","setup":{"templateId":"202","pos":["rJpwcrLp-","Hyc_5BUpb","void2","void3","void4","void5","void6","void7","void8","void9","void10","void11","void12","void13","void14","void15","void16","void17","void18","void19"]}},"H1VL1C1tM":{"id":"H1VL1C1tM","type":"slide","setup":{"templateId":"301","pos":["B1X4Ik0yYM","S1z4LyCyKz","B1WNIJCJtf","void3","void4","void5","void6","void7","void8","void9","void10","void11","void12","void13","void14","void15","void16","void17","void18","void19"]}},"B1nYA-8pW":{"id":"B1nYA-8pW","type":"slide","setup":{"templateId":"201","pos":["BJfh0-8TW","HJQpHjKUz","BJvqAbIab","void3","void4","void5","void6","void7","void8","void9","void10","void11","void12","void13","void14","void15","void16","void17","void18","void19"]}},"BJrfOBoaZ":{"id":"BJrfOBoaZ","type":"slide","setup":{"templateId":"201","pos":["SyQzTHj6b","rkretSipb","void2","void3","void4","void5","void6","void7","void8","void9","void10","void11","void12","void13","void14","void15","void16","void17","void18","void19"]}},"EBeRHWd7e":{"id":"EBeRHWd7e","type":"slide","setup":{"templateId":"202","pos":["y1htXAmPdF","JuSRZAZuKe","void0","void3","void4","void5","void6","void7","void8","void9","void10","void11","void12","void13","void14","void15","void16","void17","void18","void19"]}},"O8N1D9bsk":{"id":"O8N1D9bsk","type":"slide","setup":{"templateId":"201","pos":["Svkx2LuBLD","gb3ent5Vvh","void2","void3","void4","void5","void6","void7","void8","void9","void10","void11","void12","void13","void14","void15","void16","void17","void18","void19"]}},"H1MT95KLG":{"id":"H1MT95KLG","type":"subsection","setup":{"pos":["rkJ43nYIz","ByY8r25xG","HkX7ig0CW"],"title":{"val":"Hot spots","rType":"text"}}},"0cTLPtuVJ":{"id":"0cTLPtuVJ","type":"slide","setup":{"templateId":"201","pos":["4LHzfN_syi","void1","void2","void3","void4","void5","void6","void7","void8","void9","void10","void11","void12","void13","void14","void15","void16","void17","void18","void19"]}},"HytX33tLG":{"id":"HytX33tLG","type":"slide","setup":{"templateId":"201","pos":["void0","BJxKQh3tLz","void2","void3","void4","void5","void6","void7","void8","void9","void10","void11","void12","void13","void14","void15","void16","void17","void18","void19"]}},"SyqJcqFLM":{"id":"SyqJcqFLM","type":"subsection","setup":{"pos":["BJVx33K8G","HJwb8oR_f"],"title":{"val":"Image\n","rType":"text"}}},"jsQcHECHw":{"id":"jsQcHECHw","type":"subsection","setup":{"pos":["a0hhxrOkg","O8N1D9bsk","vuFkodxh8"],"title":{"val":"Swipe game","rType":"text"}}},"bKm5C8L0d":{"id":"bKm5C8L0d","type":"slide","setup":{"templateId":"201","pos":["void0","yDxJyhTPqt","void2","void3","void4","void5","void6","void7","void8","void9","void10","void11","void12","void13","void14","void15","void16","void17","void18","void19"]}},"S1kMuVoa-":{"id":"S1kMuVoa-","type":"slide","setup":{"templateId":"201","pos":["rkuGOEoaW","HkWEpNgLz","void2","void3","void4","void5","void6","void7","void8","void9","void10","void11","void12","void13","void14","void15","void16","void17","void18","void19"]}},"Sko5h2ycM":{"id":"Sko5h2ycM","type":"slide","setup":{"templateId":"101","pos":["BJzgpnkqz","void1","void2","void3","void4","void5","void6","void7","void8","void9","void10","void11","void12","void13","void14","void15","void16","void17","void18","void19"]}},"oS2BP3233":{"id":"oS2BP3233","type":"slide","setup":{"templateId":"401","pos":["mhn0cdbMnD","3NHwLCO6lH","PohSAhH7fu","QCgscoAw1m","void4","void5","void6","void7","void8","void9","void10","void11","void12","void13","void14","void15","void16","void17","void18","void19"]}},"B1QuD9LOf":{"id":"B1QuD9LOf","type":"slide","setup":{"templateId":"307","pos":["rJgTD5L_f","HyLcw5LdG","H1yf_q8OM","void3","void4","void5","void6","void7","void8","void9","void10","void11","void12","void13","void14","void15","void16","void17","void18","void19"]}},"sZs683eSO":{"id":"sZs683eSO","type":"slide","setup":{"templateId":"401","pos":["bQF-aH4dwo","YsqkMKeh8M","_hre5HvLXz","GazvuyBL7v","void4","void5","void6","void7","void8","void9","void10","void11","void12","void13","void14","void15","void16","void17","void18","void19"]}},"Az27gjw-s":{"id":"Az27gjw-s","type":"slide","setup":{"templateId":"201","pos":["void0","Iek7D8zAfJ","void2","void3","void4","void5","void6","void7","void8","void9","void10","void11","void12","void13","void14","void15","void16","void17","void18","void19"]}},"ByDEGa6OH":{"id":"ByDEGa6OH","type":"slide","setup":{"templateId":"101","pos":["rJd4MTauH","void1","void2","void3","void4","void5","void6","void7","void8","void9","void10","void11","void12","void13","void14","void15","void16","void17","void18","void19"]}},"rJhMnhFLz":{"id":"rJhMnhFLz","type":"slide","setup":{"templateId":"201","pos":["void0","B1xhfnnFUM","void2","void3","void4","void5","void6","void7","void8","void9","void10","void11","void12","void13","void14","void15","void16","void17","void18","void19"]}},"8qvHn4RRN":{"id":"8qvHn4RRN","type":"slide","setup":{"templateId":"201","pos":["void0","roi5coVZ_g","void2","void3","void4","void5","void6","void7","void8","void9","void10","void11","void12","void13","void14","void15","void16","void17","void18","void19"]}},"pP5IIO0KR":{"id":"pP5IIO0KR","type":"subsection","setup":{"pos":["8qvHn4RRN","A2Xsf25tV"],"title":{"val":"Interactive video","rType":"text"}}},"S1CFn35xf":{"id":"S1CFn35xf","type":"slide","setup":{"templateId":"101","pos":["H1tnnh9gG","void1","void2","void3","void4","void5","void6","void7","void8","void9","void10","void11","void12","void13","void14","void15","void16","void17","void18","void19"]}},"SJsAtctIG":{"id":"SJsAtctIG","type":"subsection","setup":{"pos":["HytX33tLG","SkQ7BrUTW","HyZfLAJKz","S1CFn35xf","By5F025xM"],"title":{"val":"Gallery\n","rType":"text"}}},"HJx_zdqA_z":{"id":"HJx_zdqA_z","type":"slide","setup":{"templateId":"201","pos":["void0","By3nwHHtf","void2","void3","void4","void5","void6","void7","void8","void9","void10","void11","void12","void13","void14","void15","void16","void17","void18","void19"]}},"BraJTWeDy":{"id":"BraJTWeDy","type":"slide","setup":{"templateId":"403","pos":["xHWmwDLXOf","43bN_uCd7R","KsUbeK4UNv","C8KJyCQOgz","void4","void5","void6","void7","void8","void9","void10","void11","void12","void13","void14","void15","void16","void17","void18","void19"]}},"r1Jg74ITb":{"id":"r1Jg74ITb","type":"slide","setup":{"templateId":"306","pos":["BJ97mV8TZ","Hy6XNV8T-","BkxEXVUpW","void3","void4","void5","void6","void7","void8","void9","void10","void11","void12","void13","void14","void15","void16","void17","void18","void19"]}},"rySVqghAX":{"id":"rySVqghAX","type":"subsection","setup":{"pos":["rkDiqg2CX","SJSzyTpdB","HkyP16pdB","Hk-d16a_B","rkwTqxh0m"],"title":{"val":"Animated Infographics ","rType":"text"}}},"HymRF9KIf":{"id":"HymRF9KIf","type":"subsection","setup":{"pos":["HyQ7h2tIz","BJs3dNLTb","SkXb0ck9f","H1VL1C1tM","BraJTWeDy"],"title":{"val":"Cards","rType":"text"}}},"A2Xsf25tV":{"id":"A2Xsf25tV","type":"slide","setup":{"templateId":"202","pos":["mIf85TEKr","aveK08aSr0","void2","void3","void4","void5","void6","void7","void8","void9","void10","void11","void12","void13","void14","void15","void16","void17","void18","void19"]}},"8Je8E6seG":{"id":"8Je8E6seG","type":"slide","setup":{"templateId":"101","pos":["Tk4CJk1b-V","eHofLsoNhJO","void2","void3","void4","void5","void6","void7","void8","void9","void10","void11","void12","void13","void14","void15","void16","void17","void18","void19"]}},"B137yqHKM":{"id":"B137yqHKM","type":"slide","setup":{"templateId":"306","pos":["SkuKSTwFf","SkOcETwYz","r1pfHpDYz","void3","void4","void5","void6","void7","void8","void9","void10","void11","void12","void13","void14","void15","void16","void17","void18","void19"]}},"HJx3WCWL6W":{"id":"HJx3WCWL6W","type":"subsection","setup":{"pos":["Sk-hbRWLT-","rkhI7Vi6-","B1nYA-8pW","Hyt9-stIf","Hkimkz8TW","S1kMuVoa-","SJDexM8pZ"],"title":{"val":"General aspects of the tool","rType":"text"}}},"2iNW0D6LI":{"id":"2iNW0D6LI","type":"slide","setup":{"templateId":"101","pos":["fcIoeV49dM","h72IAqN0GK","void2","void3","void4","void5","void6","void7","void8","void9","void10","void11","void12","void13","void14","void15","void16","void17","void18","void19"]}},"ryi7GapuS":{"id":"ryi7GapuS","type":"slide","setup":{"templateId":"101","pos":["BkgjQf66_B","void1","void2","void3","void4","void5","void6","void7","void8","void9","void10","void11","void12","void13","void14","void15","void16","void17","void18","void19"]}}},"v":"1"}