{"i":{"Hk-d16a_B":{"id":"Hk-d16a_B","type":"slide","setup":{"bg":{"selectedKey":"image","fill":{"opac":1,"rgb":"#fff"},"img":{"filt":{"opac":70,"gray":100,"blur":0,"tint":{"rgb":"#000000","opac":0}},"pos":{"type":"crop","fit":{"bg":{"color":{"rgb":"#FFF","opac":100}},"vali":"center","hali":"center"},"crop":{"poi":{"x":697,"y":524.5}}},"measures":{"size":{"width":1400,"height":1018}},"orig":{"rType":"asset","rSubType":"image","fileName":"mc-20b9d0d67e98d0f2f2bff0cd77e4334b.jpeg","fileSize":382655,"val":"mc-20b9d0d67e98d0f2f2bff0cd77e4334b.jpeg","aid":"Hk6u1p6OS"}}},"transparentBg":{"selectedKey":false},"bord":{"size":0,"rad":0}}},"Hkb-d1a6dB":{"id":"Hkb-d1a6dB","type":"interactive","subtype":"interactiveInfographics","setup":{"type":{"selectedKey":2},"cover":{"selectedKey":"fill","fill":{"opac":0,"rgb":"#FFF"}},"elem":{"i":{"H1T79udm4":{"type":"element","id":"H1T79udm4","color":{"opac":1,"rgb":"#ff6600"},"icon":{"selectedKey":11},"title":{"rType":"text","val":"Your step 1"},"desc":{"rType":"text","val":"  Explain it!"},"extendedDesc":{"visible":true,"text":{"rType":"text","val":"Aliquam eget nisi sit amet enim ultricies fringilla. Vivamus at hendrerit felis. Morbi vitae consectetur quam. Aenean venenatis lectus vitae euismod hendrerit. "}}},"Bk405u_XN":{"type":"element","id":"Bk405u_XN","color":{"opac":1,"rgb":"#009688"},"icon":{"selectedKey":11,"visible":true},"title":{"rType":"text","val":"Your step 6"},"desc":{"rType":"text","val":"Explain it!"},"extendedDesc":{"visible":true,"text":{"rType":"text","val":"Aliquam eget nisi sit amet enim ultricies fringilla. Vivamus at hendrerit felis. Morbi vitae consectetur quam. Aenean venenatis lectus vitae euismod hendrerit. "}}},"Sk8Aq__XV":{"type":"element","id":"Sk8Aq__XV","color":{"opac":1,"rgb":"#eccc06"},"icon":{"selectedKey":11},"title":{"rType":"text","val":"Your step 3"},"desc":{"rType":"text","val":"  Explain it!"},"extendedDesc":{"visible":true,"text":{"rType":"text","val":"Aliquam eget nisi sit amet enim ultricies fringilla. Vivamus at hendrerit felis. Morbi vitae consectetur quam. Aenean venenatis lectus vitae euismod hendrerit. "}}},"SJtR5dO74":{"type":"element","id":"SJtR5dO74","color":{"opac":1,"rgb":"#ff3371"},"icon":{"selectedKey":11},"title":{"rType":"text","val":"Your step 4"},"desc":{"rType":"text","val":"Explain it!"},"extendedDesc":{"visible":true,"text":{"rType":"text","val":"Morbi vitae consectetur quam. Aenean venenatis lectus vitae euismod hendrerit. "}}},"rkcCqdd7E":{"type":"element","id":"rkcCqdd7E","color":{"opac":1,"rgb":"#82a419"},"icon":{"selectedKey":11},"title":{"rType":"text","val":"Your step 2"},"desc":{"rType":"text","val":"Explain it!"},"extendedDesc":{"visible":true,"text":{"rType":"text","val":"Vivamus at hendrerit felis. Morbi vitae consectetur quam. Aenean venenatis lectus vitae euismod hendrerit. "}}},"rJeHsN1NV":{"type":"element","id":"rJeHsN1NV","color":{"opac":1,"rgb":"#007199"},"icon":{"selectedKey":11},"title":{"rType":"text","val":"Your step 5"},"desc":{"rType":"text","val":"Explain it!"},"extendedDesc":{"visible":true,"text":{"rType":"text","val":"Morbi vitae consectetur quam. Aenean venenatis lectus vitae euismod hendrerit. "}}}},"p":["H1T79udm4","rkcCqdd7E","Sk8Aq__XV","SJtR5dO74","rJeHsN1NV","Bk405u_XN"]},"showNumeration":{"visible":false}}},"HJeWd1TpdB":{"id":"HJeWd1TpdB","type":"interactive","subtype":"interactiveRichText","setup":{"frmeTp":{"selectedKey":"noneFrame"},"bg":{"fill":{"opac":1,"rgb":"#fff"}},"rType":"richtext","hali":"","vali":"middle","txt":{"rType":"richtext","val":{"ops":[{"insert":"STEPS","attributes":{"color":"#e50a4f"}},{"insert":"\n","attributes":{"size":"medium"}},{"insert":"\n","attributes":{"size":"small"}},{"insert":"Method","attributes":{"color":"#000000","bold":true}},{"insert":"\n","attributes":{"size":"huge"}},{"insert":"is king","attributes":{"color":"#000000","bold":true}},{"insert":"\n\n","attributes":{"size":"huge"}},{"insert":"Aenean luctus rhoncus lacus, nec consectetur magna suscipit et. Praesent sodales quam lorem, a viverra ex vulputate id. Fusce lobortis lacinia sem, vel egestas enim aliquam et. ","attributes":{"color":"#666666"}},{"insert":"\n","attributes":{"size":"normal"}}]}},"paddV1":30,"frmeColo":{"color":{"opac":1,"rgb":"#000000"}}}}},"v":"1"}