{"i":{"SybT2tm9Q":{"id":"SybT2tm9Q","type":"slide","setup":{"transparentBg":{"selectedKey":false},"bord":{"size":0,"rad":0},"bg":{"selectedKey":"image","fill":{"opac":1,"rgb":"#FFF"},"img":{"filt":{"opac":100,"gray":0,"blur":0,"tint":{"rgb":"#FFF","opac":0}},"pos":{"type":"crop","fit":{"bg":{"color":{"rgb":"#FFF","opac":100}},"vali":"center","hali":"center"},"crop":{"poi":{"x":1703,"y":1115}}},"measures":{"size":{"width":3327,"height":2230}},"orig":{"rType":"asset","rSubType":"image","fileName":"shutterstock_380599966_low.jpg","fileSize":208416,"val":"mc-abd877bfa84fe87b36b0e72ae40c32ce.jpg","aid":"8pIfDNLH-WD"}}}}},"SJxba3tm9Q":{"id":"SJxba3tm9Q","type":"interactive","subtype":"interactiveRichText","setup":{"bg":{"fill":{"opac":0.7,"rgb":"#000000"}},"txt":{"rType":"richtext","val":{"ops":[{"attributes":{"color":"#ffffff"},"insert":"Graphic"},{"insert":"\n","attributes":{"size":"huge"}}]}},"rType":"richtext","hali":"center","vali":"middle","frmeTp":{"selectedKey":"noneFrame"},"frmeColo":{"color":{"opac":1,"rgb":"#666"}}}}},"v":"1"}