{"i":{"BJLEKTJ9f":{"id":"BJLEKTJ9f","type":"slide","setup":{"transparentBg":{"selectedKey":false},"bord":{"size":15,"rad":0},"bg":{"selectedKey":"image","fill":{"opac":1,"rgb":"#FFF"},"img":{"filt":{"opac":100,"gray":0,"blur":0,"tint":{"rgb":"#000000","opac":0.5}},"pos":{"type":"crop","fit":{"bg":{"color":{"rgb":"#FFF","opac":100}},"vali":"center","hali":"center"},"crop":{"poi":{"x":447,"y":249}}},"measures":{"size":{"width":1000,"height":500}},"orig":{"rType":"asset","rSubType":"image","fileName":"o-WOMEN-IN-THE-CITY-facebook.jpg","fileSize":170451,"val":"mc-5383ed64ff4b0340221fabe29ddc513b.jpg","aid":"irnqTgwcjdK"}}}}},"Hytz5pkcz":{"id":"Hytz5pkcz","type":"interactive","subtype":"interactivePercentage","setup":{"format":{"selectedKey":2},"value":41,"mainColor":{"opac":0.5,"rgb":"#e50a4f"},"bgColor":{"opac":0,"rgb":"#FFFFFF"}}},"B1_G9TJqM":{"id":"B1_G9TJqM","type":"interactive","subtype":"interactiveRichText","setup":{"frmeTp":{"selectedKey":"leftLine"},"bg":{"fill":{"opac":0.4,"rgb":"#000000"}},"frmeColo":{"color":{"opac":1,"rgb":"#82a419"}},"txt":{"rType":"richtext","val":{"ops":[{"insert":"42%","attributes":{"bold":true,"color":"#82a419"}},{"insert":" "},{"insert":"of companies say that online learning has led to increased revenues","attributes":{"color":"#ffffff"}},{"insert":"\n","attributes":{"size":"large"}}]}},"rType":"richtext","hali":"center","vali":"middle"}},"rk8qFpycz":{"id":"rk8qFpycz","type":"interactive","subtype":"interactivePercentage","setup":{"format":{"selectedKey":2},"value":42,"mainColor":{"opac":0.5,"rgb":"#82a419"},"bgColor":{"opac":0,"rgb":"#FFFFFF"}}},"B1PwKp1qz":{"id":"B1PwKp1qz","type":"interactive","subtype":"interactiveRichText","setup":{"frmeTp":{"selectedKey":"leftLine"},"bg":{"fill":{"opac":0.39,"rgb":"#000000"}},"frmeColo":{"color":{"opac":1,"rgb":"#ff3371"}},"txt":{"rType":"richtext","val":{"ops":[{"insert":"More than ","attributes":{"color":"#ffffff"}},{"insert":"41%","attributes":{"color":"#ff3371","bold":true}},{"insert":" of the Fortune 500 corporations are using some technological tool to offer e-learning training to their workers.","attributes":{"color":"#ffffff"}},{"insert":"\n","attributes":{"size":"large"}}]}},"rType":"richtext","hali":"center","vali":"middle"}}},"v":"1"}