{"i":{"Hyt9-stIf":{"id":"Hyt9-stIf","type":"slide","setup":{"transparentBg":{"selectedKey":false},"bord":{"size":0,"rad":0},"bg":{"selectedKey":"fill","fill":{"opac":1,"rgb":"#dddddd"}}}},"HJGY9WsK8G":{"id":"HJGY9WsK8G","type":"interactive","subtype":"interactiveRichText","setup":{"bg":{"fill":{"opac":0.2,"rgb":"#FFF"}},"txt":{"rType":"richtext","val":{"ops":[{"insert":"\n"}]}},"rType":"richtext","vali":"bottom"}},"SyWtqWsKLG":{"id":"SyWtqWsKLG","type":"interactive","subtype":"interactiveCard","setup":{"front":{"selectedKey":"image","fill":{"opac":1,"rgb":"#FFF"},"img":{"filt":{"opac":100,"gray":0,"blur":0,"tint":{"rgb":"#FFF","opac":0}},"pos":{"type":"fit","fit":{"bg":{"color":{"rgb":"#FFF","opac":100}},"vali":"center","hali":"center"},"crop":{"poi":{"x":690,"y":450}}},"measures":{"size":{"width":1600,"height":900}},"orig":{"rType":"asset","rSubType":"image","fileName":"interface_combi.jpg","fileSize":128743,"val":"mc-cb232aba182d8cec18cbfc615b465149.jpg","aid":"xNSFT5tdNj"}}},"back":{"selectedKey":"image","fill":{"opac":1,"rgb":"#FFF"},"img":{"filt":{"opac":100,"gray":0,"blur":0,"tint":{"rgb":"#FFF","opac":0}},"pos":{"type":"fit","fit":{"bg":{"color":{"rgb":"#000000","opac":100}},"vali":"center","hali":"left"},"crop":{"poi":{"x":687,"y":351}}},"measures":{"size":{"width":1567,"height":810}},"orig":{"rType":"asset","rSubType":"image","fileName":"builder.jpg","fileSize":180088,"val":"mc-cf8ea0ffaa7b8461793eab425c41b7f0.jpg","aid":"_uzlzFzVQ"}}},"animation":{"selectedKey":"rotateV"}}}},"v":"1"}