{"i":{"rkwTqxh0m":{"id":"rkwTqxh0m","type":"slide","setup":{"transparentBg":{"selectedKey":false},"bord":{"size":4,"rad":0},"bg":{"selectedKey":"image","fill":{"opac":1,"rgb":"#FFF"},"img":{"filt":{"opac":100,"gray":0,"blur":0,"tint":{"rgb":"#ffffff","opac":0.58}},"pos":{"type":"crop","fit":{"bg":{"color":{"rgb":"#FFF","opac":100}},"vali":"center","hali":"center"},"crop":{"poi":{"x":697,"y":524.5}}},"measures":{"size":{"width":1400,"height":1018}},"orig":{"rType":"asset","rSubType":"image","fileName":"mc-20b9d0d67e98d0f2f2bff0cd77e4334b.jpeg","fileSize":382655,"val":"mc-20b9d0d67e98d0f2f2bff0cd77e4334b.jpeg","aid":"HJv-gpTuS"}}}}},"rkewpqg30X":{"id":"rkewpqg30X","type":"interactive","subtype":"interactiveRichText","setup":{"frmeTp":{"selectedKey":"noneFrame"},"bg":{"fill":{"opac":1,"rgb":"#ffffff"}},"txt":{"rType":"richtext","val":{"ops":[{"insert":"Animated Infographics ","attributes":{"color":"#000000","bold":true}},{"insert":"\n","attributes":{"size":"large"}},{"insert":"\n","attributes":{"size":"huge"}},{"insert":"Can you picture being able to effortlessly represent all kinds of concepts using infographics? ","attributes":{"color":"#666666"}},{"insert":"\n\n"},{"insert":"It’s possible with ","attributes":{"color":"#666666"}},{"insert":"isEazy","attributes":{"color":"#666666","bold":true}},{"insert":": Enjoy this new animated resource and make users fall in love with your content. You have three infographic formats to choose from: ","attributes":{"color":"#666666"}},{"insert":"panels","attributes":{"color":"#666666","bold":true}},{"insert":", ","attributes":{"color":"#666666"}},{"insert":"pyramid","attributes":{"color":"#666666","bold":true}},{"insert":" and ","attributes":{"color":"#666666"}},{"insert":"sectors","attributes":{"color":"#666666","bold":true}},{"insert":".","attributes":{"color":"#666666"}},{"insert":"\n\n"},{"insert":"If you need to describe the element at greater length you can use this section, which will be shown in the infographic through a + button that will appear when you have enabled this text.","attributes":{"color":"#666666"}},{"insert":"\n"}]}},"rType":"richtext","padd":35,"hali":"","paddV1":15,"vali":"middle"}},"HJTMUXB14":{"id":"HJTMUXB14","type":"interactive","subtype":"interactiveEmbed","setup":{"embed":{"url":"https://youtu.be/9whuuj7efB4","iframeUrl":"https://www.youtube.com/embed/9whuuj7efB4?rel=0&amp;showinfo=0","service":"YouTube","thumbnail":"https://i.ytimg.com/vi/9whuuj7efB4/mqdefault.jpg"}}}},"v":"1"}