{"i":{"H1oVTr8Yf":{"id":"H1oVTr8Yf","type":"slide","setup":{"transparentBg":{"selectedKey":false},"bord":{"size":17,"rad":0},"bg":{"selectedKey":"image","fill":{"opac":1,"rgb":"#FFF"},"img":{"filt":{"opac":100,"gray":0,"blur":0,"tint":{"rgb":"#FFF","opac":0}},"pos":{"type":"crop","fit":{"bg":{"color":{"rgb":"#FFF","opac":100}},"vali":"center","hali":"center"},"crop":{"poi":{"x":763,"y":500}}},"measures":{"size":{"width":1920,"height":1000}},"orig":{"rType":"asset","rSubType":"image","fileName":"DataAmplified2017_Paris_Background_1920x1000_v2.png","fileSize":308592,"val":"mc-d6818e546e22f42e6dbae5e2222b0448.png","aid":"U-WMchFSkK6"}}}}},"HyXcfI8KG":{"id":"HyXcfI8KG","type":"interactive","subtype":"interactiveLinkedImages","setup":{"imgs":{"i":{"rk4qzL8tM":{"type":"image","id":"rk4qzL8tM","style":{"selectedKey":"textOverlapping"},"txtBg":{"fill":{"opac":0.5,"rgb":"#000"}},"bg":{"selectedKey":"image","img":{"filt":{"opac":100,"gray":0,"blur":0,"tint":{"rgb":"#FFF","opac":0}},"pos":{"type":"crop","fit":{"bg":{"color":{"rgb":"#FFF","opac":100}},"vali":"center","hali":"center"},"crop":{"poi":{"x":179,"y":869}}},"measures":{"size":{"width":335,"height":1000}},"orig":{"rType":"asset","rSubType":"image","fileName":"eiffel.jpg","fileSize":42259,"val":"mc-1708f02a2af9411a89b5a35aa538e381.jpg","aid":"Kr0V8xscJs7"}}},"desc":{"rType":"richtext","val":{"ops":[{"insert":"Eiffel Tower","attributes":{"color":"#ffffff"}},{"insert":"\n","attributes":{"size":"huge"}},{"insert":"\n","attributes":{"size":"medium"}}]},"vali":"bottom"},"e":{"i":{"B1vkQUItG":{"type":"element","id":"B1vkQUItG","link":{"val":"r1QRML8tM"},"animation":{"selectedKey":"down"},"pos":{"x":491,"y":92},"icon":{"selectedKey":6},"size":{"selectedKey":"m"},"iconColor":{"opac":1,"rgb":"#eccc06"}}},"p":["B1vkQUItG"]},"name":{"rType":"text","val":"Base"}},"r1QRML8tM":{"type":"image","id":"r1QRML8tM","style":{"selectedKey":"textOverlapping"},"txtBg":{"fill":{"opac":0.55,"rgb":"#000"}},"bg":{"selectedKey":"image","img":{"filt":{"opac":100,"gray":0,"blur":0,"tint":{"rgb":"#FFF","opac":0}},"pos":{"type":"crop","fit":{"bg":{"color":{"rgb":"#FFF","opac":100}},"vali":"center","hali":"center"},"crop":{"poi":{"x":164,"y":465}}},"measures":{"size":{"width":335,"height":1000}},"orig":{"rType":"asset","rSubType":"image","fileName":"eiffel.jpg","fileSize":42259,"val":"mc-1708f02a2af9411a89b5a35aa538e381.jpg","aid":"wUNlu_fSFYu"}}},"name":{"rType":"text","val":"Medio"},"e":{"i":{"H1cHm8Itz":{"type":"element","id":"H1cHm8Itz","link":{"val":"rk4qzL8tM"},"animation":{"selectedKey":"up"},"pos":{"x":496,"y":928},"icon":{"selectedKey":7},"size":{"selectedKey":"m"},"iconColor":{"opac":1,"rgb":"#eccc06"}},"HJ2D78IKM":{"type":"element","id":"HJ2D78IKM","link":{"val":"HJcJVLUFf"},"animation":{"selectedKey":"down"},"pos":{"x":487,"y":60},"icon":{"selectedKey":6},"size":{"selectedKey":"m"},"iconColor":{"opac":1,"rgb":"#eccc06"}}},"p":["HJ2D78IKM","H1cHm8Itz"]},"desc":{"rType":"richtext","val":{"ops":[{"insert":"The ","attributes":{"bold":true,"color":"#ffffff"}},{"insert":"Eiffel Tower","attributes":{"bold":true,"color":"#e50a4f"}},{"insert":" is a wrought iron lattice tower on the Champ de Mars in Paris, France. ","attributes":{"bold":true,"color":"#ffffff"}},{"insert":"\n\n","attributes":{"size":"large"}},{"insert":"It is named after the engineer Gustave Eiffel, whose company designed and built the tower.","attributes":{"bold":true,"color":"#ffffff"}},{"insert":"\n","attributes":{"size":"large"}}]},"padd":55}},"HJcJVLUFf":{"type":"image","id":"HJcJVLUFf","style":{"selectedKey":"textOverlapping"},"txtBg":{"fill":{"opac":0.55,"rgb":"#000"}},"bg":{"selectedKey":"image","img":{"filt":{"opac":100,"gray":0,"blur":0,"tint":{"rgb":"#FFF","opac":0}},"pos":{"type":"crop","fit":{"bg":{"color":{"rgb":"#FFF","opac":100}},"vali":"center","hali":"center"},"crop":{"poi":{"x":160,"y":0}}},"measures":{"size":{"width":335,"height":1000}},"orig":{"rType":"asset","rSubType":"image","fileName":"eiffel.jpg","fileSize":42259,"val":"mc-1708f02a2af9411a89b5a35aa538e381.jpg","aid":"YbfxlTu78Ku"}}},"name":{"rType":"text","val":"Torre"},"e":{"i":{"Hk_7NUUFz":{"type":"element","id":"Hk_7NUUFz","link":{"val":"r1QRML8tM"},"animation":{"selectedKey":"up"},"pos":{"x":487,"y":932},"icon":{"selectedKey":7},"size":{"selectedKey":"m"},"iconColor":{"opac":1,"rgb":"#eccc06"}}},"p":["Hk_7NUUFz"]},"desc":{"rType":"richtext","val":{"ops":[{"insert":"Constructed from 1887- 89 as the entrance to the 1889 World's Fair, it was initially criticized by some of France's leading artists and intellectuals for its design, but it has become a global cultural ","attributes":{"bold":true,"color":"#ffffff"}},{"insert":"icon of France","attributes":{"bold":true,"color":"#ff3371"}},{"insert":".","attributes":{"bold":true,"color":"#ffffff"}},{"insert":"\n","attributes":{"size":"large"}}]},"padd":40}}},"p":["rk4qzL8tM","r1QRML8tM","HJcJVLUFf"]}}}},"v":"1"}