{"i":{"HyzykaQqX":{"id":"HyzykaQqX","type":"slide","setup":{"transparentBg":{"selectedKey":false},"bord":{"size":13,"rad":10},"bg":{"selectedKey":"image","fill":{"opac":1,"rgb":"#FFF"},"img":{"filt":{"opac":100,"gray":0,"blur":0,"tint":{"rgb":"#000000","opac":0}},"pos":{"type":"crop","fit":{"bg":{"color":{"rgb":"#FFF","opac":100}},"vali":"center","hali":"center"},"crop":{"poi":{"x":545,"y":355.5}}},"measures":{"size":{"width":1080,"height":715}},"orig":{"rType":"asset","rSubType":"image","fileName":"unsplash.jpg","fileSize":0,"aid":"UXkQfsGH5P1","val":"mc-04c3b45203f6fa6fb2d8ad7cc6126a59.jpg"}}}}},"SkGz1kTQ97":{"id":"SkGz1kTQ97","type":"interactive","subtype":"interactiveGraphic","setup":{"format":{"selectedKey":2},"bgColor":{"opac":0.2,"rgb":"#000000"},"values":{"i":{"H1oGpFQ9m":{"type":"value","id":"H1oGpFQ9m","value":39,"color":{"opac":1,"rgb":"#82a419"},"name":{"rType":"text","val":"Extremely Important"}},"r1oB6Kmq7":{"type":"value","id":"r1oB6Kmq7","value":27,"color":{"opac":1,"rgb":"#eccc06"},"name":{"rType":"text","val":"Very important"}},"rkm6h3m5m":{"type":"value","id":"rkm6h3m5m","value":21,"color":{"opac":1,"rgb":"#ff6600"},"name":{"rType":"text","val":"Moderately important"}},"H1vA2hQcQ":{"type":"value","id":"H1vA2hQcQ","value":11,"color":{"opac":1,"rgb":"#007199"},"name":{"rType":"text","val":"Slghtly iimportant"}},"SkY8p27q7":{"type":"value","id":"SkY8p27q7","value":2,"color":{"opac":1,"rgb":"#8b1418"},"name":{"rType":"text","val":"Not important"}}},"p":["H1oGpFQ9m","r1oB6Kmq7","rkm6h3m5m","H1vA2hQcQ","SkY8p27q7"]}}},"Bkez1k67cm":{"id":"Bkez1k67cm","type":"interactive","subtype":"interactiveRichText","setup":{"frmeTp":{"selectedKey":"noneFrame"},"bg":{"fill":{"opac":0.35,"rgb":"#ffffff"}},"frmeColo":{"color":{"opac":0.2,"rgb":"#591b6d"}},"txt":{"rType":"richtext","val":{"ops":[{"insert":"How important is ","attributes":{"color":"#666666"}},{"insert":"online learning","attributes":{"bold":true,"color":"#82a419"}},{"insert":" for your institution","attributes":{"color":"#666666"}},{"insert":"\n","attributes":{"size":"huge"}},{"insert":"long-term","attributes":{"color":"#666666"}},{"insert":"\n","attributes":{"size":"huge"}}]}},"rType":"richtext","hali":"center","vali":"middle"}},"Sk8eyaQq7":{"id":"Sk8eyaQq7","type":"interactive","subtype":"interactiveGraphic","setup":{"format":{"selectedKey":3},"bgColor":{"opac":0.2,"rgb":"#000000"},"values":{"i":{"H1oGpFQ9m":{"type":"value","id":"H1oGpFQ9m","value":39,"color":{"opac":1,"rgb":"#82a419"},"name":{"rType":"text","val":"Extremely Important"}},"r1oB6Kmq7":{"type":"value","id":"r1oB6Kmq7","value":27,"color":{"opac":1,"rgb":"#eccc06"},"name":{"rType":"text","val":"Very important"}},"rkm6h3m5m":{"type":"value","id":"rkm6h3m5m","value":21,"color":{"opac":1,"rgb":"#ff6600"},"name":{"rType":"text","val":"Moderately important"}},"H1vA2hQcQ":{"type":"value","id":"H1vA2hQcQ","value":11,"color":{"opac":1,"rgb":"#007199"},"name":{"rType":"text","val":"Slghtly iimportant"}},"SkY8p27q7":{"type":"value","id":"SkY8p27q7","value":2,"color":{"opac":1,"rgb":"#8b1418"},"name":{"rType":"text","val":"Not important"}}},"p":["H1oGpFQ9m","r1oB6Kmq7","rkm6h3m5m","H1vA2hQcQ","SkY8p27q7"]}}},"B1RbJaQ57":{"id":"B1RbJaQ57","type":"interactive","subtype":"interactiveGraphic","setup":{"format":{"selectedKey":1},"bgColor":{"opac":0.2,"rgb":"#000000"},"values":{"i":{"H1oGpFQ9m":{"type":"value","id":"H1oGpFQ9m","value":39,"color":{"opac":1,"rgb":"#82a419"},"name":{"rType":"text","val":"Extremely Important"}},"r1oB6Kmq7":{"type":"value","id":"r1oB6Kmq7","value":27,"color":{"opac":1,"rgb":"#eccc06"},"name":{"rType":"text","val":"Very important"}},"rkm6h3m5m":{"type":"value","id":"rkm6h3m5m","value":21,"color":{"opac":1,"rgb":"#ff6600"},"name":{"rType":"text","val":"Moderately important"}},"H1vA2hQcQ":{"type":"value","id":"H1vA2hQcQ","value":11,"color":{"opac":1,"rgb":"#007199"},"name":{"rType":"text","val":"Slghtly iimportant"}},"SkY8p27q7":{"type":"value","id":"SkY8p27q7","value":2,"color":{"opac":1,"rgb":"#8b1418"},"name":{"rType":"text","val":"Not important"}}},"p":["H1oGpFQ9m","r1oB6Kmq7","rkm6h3m5m","H1vA2hQcQ","SkY8p27q7"]}}}},"v":"1"}