{"i":{"BklrM66dS":{"id":"BklrM66dS","type":"slide","setup":{"transparentBg":{"selectedKey":false},"bord":{"size":0,"rad":0},"bg":{"selectedKey":"fill","fill":{"opac":1,"rgb":"#FFF"},"img":{"filt":{"opac":100,"gray":0,"blur":0,"tint":{"rgb":"#fff","opac":0}},"pos":{"type":"crop","fit":{"bg":{"color":{"rgb":"#FFF","opac":100}},"vali":"center","hali":"center"},"crop":{"poi":{"x":582,"y":462}}},"measures":{"size":{"width":1080,"height":717}}}}}},"S1lxrzap_B":{"id":"S1lxrzap_B","type":"interactive","subtype":"interactiveLinkedImages","setup":{"imgs":{"i":{"BJYTwSSKM":{"bg":{"selectedKey":"image","img":{"filt":{"opac":100,"gray":0,"blur":0,"tint":{"rgb":"#FFF","opac":0}},"pos":{"type":"fit","fit":{"bg":{"color":{"rgb":"#FFF","opac":1}},"vali":"top","hali":"center"},"crop":{"poi":{"x":3049.5,"y":2286.5}},"mask":{"shape":1}},"measures":{"size":{"width":6100,"height":4800}},"orig":{"rType":"asset","rSubType":"image","fileName":"woman8.jpg","fileSize":663617,"val":"mc-40bcd91ea2382d32f12ce4784b9b9e65.jpg","aid":"rkxSM6aOH"}}},"e":{"i":{"Hkf8uHSYG":{"type":"element","id":"Hkf8uHSYG","link":{"val":"S13edSBFz","selectedKey":"image"},"animation":{"selectedKey":"fade"},"pos":{"x":117,"y":352},"icon":{"selectedKey":3},"size":{"selectedKey":"m"},"iconColor":{"opac":1,"rgb":"#666666"}},"BJeOuHHKG":{"type":"element","id":"BJeOuHHKG","link":{"val":"S13edSBFz","selectedKey":"image"},"animation":{"selectedKey":"fade"},"pos":{"x":816,"y":654},"icon":{"selectedKey":3},"size":{"selectedKey":"m"},"iconColor":{"opac":1,"rgb":"#666666"}},"r1TKuSHtz":{"type":"element","id":"r1TKuSHtz","link":{"val":"r15Z_rSYf","selectedKey":"image"},"animation":{"selectedKey":"left"},"pos":{"x":645,"y":69},"icon":{"selectedKey":3},"size":{"selectedKey":"m"},"iconColor":{"opac":1,"rgb":"#666666"}}},"p":["Hkf8uHSYG","r1TKuSHtz","BJeOuHHKG"]},"name":{"rType":"text","val":"Question 1"},"style":{"selectedKey":"textLabels"},"desc":{"rType":"richtext","val":{"ops":[{"insert":"\n","attributes":{"size":"large"}},{"insert":"\n","attributes":{"size":"medium"}}]},"hali":"left","padd":65,"paddV1":60},"t":{"i":{"BkUFtq2ur":{"type":"text","id":"BkUFtq2ur","pos":{"x":0,"y":840},"style":{"selectedKey":"boxed"},"size":{"selectedKey":"xl"},"color":{"opac":0.94,"rgb":"#666666"},"desc":{"rType":"richtext","val":{"ops":[{"insert":"What attitude corresponds","attributes":{"color":"#ffffff"}},{"insert":"\n","attributes":{"size":"largeTitle"}},{"insert":"\"We are empathic\"?","attributes":{"color":"#ffffff"}},{"insert":"\n","attributes":{"size":"largeTitle"}}]}}},"rJSsYq3OH":{"type":"text","id":"rJSsYq3OH","pos":{"x":21,"y":50},"style":{"selectedKey":"roundedBoxed"},"size":{"selectedKey":"s"},"color":{"opac":0.8,"rgb":"#009688"},"desc":{"rType":"richtext","val":{"ops":[{"insert":"I explain to my clients how new digital solutions can help them make better decisions.","attributes":{"color":"#ffffff"}},{"insert":"\n","attributes":{"size":"medium"}}]}}},"Bkpy593ur":{"type":"text","id":"Bkpy593ur","pos":{"x":667,"y":19},"style":{"selectedKey":"roundedBoxed"},"size":{"selectedKey":"m"},"color":{"opac":0.8,"rgb":"#009688"},"desc":{"rType":"richtext","val":{"ops":[{"insert":"I take the time necessary to explain to my clients how new digital solutions can help them make better decisions.","attributes":{"color":"#ffffff"}},{"insert":"\n","attributes":{"size":"medium"}}]}}},"HyVm99nuS":{"type":"text","id":"HyVm99nuS","pos":{"x":663,"y":390},"style":{"selectedKey":"roundedBoxed"},"size":{"selectedKey":"m"},"color":{"opac":0.8,"rgb":"#009688"},"desc":{"rType":"richtext","val":{"ops":[{"insert":"I take the time necessary to explain to my clients which decision is the best for ","attributes":{"color":"#ffffff"}},{"attributes":{"size":"medium"},"insert":"\n"},{"insert":"both of us.","attributes":{"color":"#ffffff"}},{"insert":"\n","attributes":{"size":"medium"}}]}}}},"p":["BkUFtq2ur","rJSsYq3OH","Bkpy593ur","HyVm99nuS"]},"txtBg":{"fill":{"opac":0,"rgb":"#fff"}},"type":"image","id":"BJYTwSSKM"},"S13edSBFz":{"type":"image","id":"S13edSBFz","style":{"selectedKey":"textOverlapping"},"txtBg":{"fill":{"opac":0.8,"rgb":"#8b1418"}},"bg":{"selectedKey":"image"},"name":{"rType":"text","val":"Answer 1 - Wrong"},"desc":{"rType":"richtext","val":{"ops":[{"insert":"Sorry, wrong answer. ","attributes":{"color":"#ffffff"}},{"insert":"\n\n","attributes":{"size":"large"}},{"insert":"We must take the time to explain to customers how new digital solutions can help them make better decisions.","attributes":{"color":"#ffffff"}},{"insert":"\n","attributes":{"size":"medium"}}]},"padd":53,"hali":"left","paddV1":70},"e":{"i":{"Bk4TOSHKf":{"type":"element","id":"Bk4TOSHKf","link":{"val":"BJYTwSSKM","selectedKey":"image"},"animation":{"selectedKey":"fade"},"pos":{"x":965,"y":63},"icon":{"selectedKey":18},"size":{"selectedKey":"m"},"iconColor":{"opac":1,"rgb":"#ffffff"}}},"p":["Bk4TOSHKf"]}},"r15Z_rSYf":{"type":"image","id":"r15Z_rSYf","style":{"selectedKey":"textOverlapping"},"txtBg":{"fill":{"opac":0.8,"rgb":"#82a419"}},"bg":{"selectedKey":"image"},"name":{"rType":"text","val":"Answer 1 - OK"},"desc":{"rType":"richtext","val":{"ops":[{"insert":"That’s right!","attributes":{"color":"#ffffff"}},{"insert":"\n\n","attributes":{"size":"huge"}}]}},"e":{"i":{"BkoZFSrFG":{"type":"element","id":"BkoZFSrFG","link":{"val":"H1FMdHBFG"},"animation":{"selectedKey":"fade"},"pos":{"x":491,"y":616},"icon":{"selectedKey":8},"size":{"selectedKey":"l"},"iconColor":{"opac":1,"rgb":"#fff"}}},"p":["BkoZFSrFG"]}},"H1FMdHBFG":{"bg":{"selectedKey":"image","img":{"filt":{"opac":100,"gray":0,"blur":0,"tint":{"rgb":"#FFF","opac":0}},"pos":{"type":"fit","fit":{"bg":{"color":{"rgb":"#007199","opac":0}},"vali":"bottom","hali":"right"},"crop":{"poi":{"x":2900,"y":2174.5}},"mask":{"shape":1}},"measures":{"size":{"width":5800,"height":5800}},"orig":{"rType":"asset","rSubType":"image","fileName":"woman10.jpg","fileSize":920838,"val":"mc-f2d745b079ba5dbcc199a69357e7959b.jpg","aid":"BJgerz6a_S"}}},"e":{"i":{"H1CPFrHYf":{"type":"element","id":"H1CPFrHYf","link":{"val":"HkgSdHHYf","selectedKey":"image"},"animation":{"selectedKey":"left"},"pos":{"x":440,"y":371},"icon":{"selectedKey":3},"size":{"selectedKey":"m"},"iconColor":{"opac":1,"rgb":"#666666"}},"r1XFFBSKz":{"type":"element","id":"r1XFFBSKz","link":{"val":"rkjXdBBtz","selectedKey":"image"},"animation":{"selectedKey":"fade"},"pos":{"x":447,"y":604},"icon":{"selectedKey":3},"size":{"selectedKey":"m"},"iconColor":{"opac":1,"rgb":"#666666"}},"ByocFrBFM":{"type":"element","id":"ByocFrBFM","link":{"val":"rkjXdBBtz","selectedKey":"image"},"animation":{"selectedKey":"fade"},"pos":{"x":447,"y":849},"icon":{"selectedKey":3},"size":{"selectedKey":"m"},"iconColor":{"opac":1,"rgb":"#666666"}}},"p":["H1CPFrHYf","r1XFFBSKz","ByocFrBFM"]},"name":{"rType":"text","val":"Question 2"},"style":{"selectedKey":"textLabels"},"desc":{"rType":"richtext","val":{"ops":[{"insert":"\n","attributes":{"size":"large"}}]},"hali":"left","padd":64,"paddV1":60},"t":{"i":{"Hy12h53_S":{"type":"text","id":"Hy12h53_S","pos":{"x":0,"y":57},"style":{"selectedKey":"noBoxed"},"size":{"selectedKey":"xl"},"color":{"opac":1,"rgb":"#007199"},"desc":{"rType":"richtext","val":{"ops":[{"insert":"Which of the following attitudes is related to \"We have integrity\"?","attributes":{"color":"#666666"}},{"insert":"\n","attributes":{"size":"large"}}]}}},"H1GepqhOB":{"type":"text","id":"H1GepqhOB","pos":{"x":0,"y":264},"style":{"selectedKey":"boxed"},"size":{"selectedKey":"l"},"color":{"opac":1,"rgb":"#009688"},"desc":{"rType":"richtext","val":{"ops":[{"insert":"When customers request a product, I explain all the pros and all the cons so that they understand it and make the decision that best suits them.","attributes":{"color":"#ffffff"}},{"insert":"\n","attributes":{"size":"normal"}}]},"paddV1":5}},"rJ4t6c3_r":{"type":"text","id":"rJ4t6c3_r","pos":{"x":0,"y":497},"style":{"selectedKey":"boxed"},"size":{"selectedKey":"l"},"color":{"opac":1,"rgb":"#009688"},"desc":{"rType":"richtext","val":{"ops":[{"insert":"When customers request a product, I highlight the pros and try to hide the cons, so that they can decide what suits them best.","attributes":{"color":"#ffffff"}},{"insert":"\n","attributes":{"size":"normal"}}]},"paddV1":5}},"SkMiaq3Or":{"type":"text","id":"SkMiaq3Or","pos":{"x":0,"y":740},"style":{"selectedKey":"boxed"},"size":{"selectedKey":"l"},"color":{"opac":1,"rgb":"#009688"},"desc":{"rType":"richtext","val":{"ops":[{"insert":"When customers request a product, we provide them with the printed information so they can make the decision that best suits them without wasting our time.","attributes":{"color":"#ffffff"}},{"insert":"\n","attributes":{"size":"normal"}}]},"paddV1":5}}},"p":["Hy12h53_S","H1GepqhOB","rJ4t6c3_r","SkMiaq3Or"]},"txtBg":{"fill":{"opac":0.9,"rgb":"#fff"}},"type":"image","id":"H1FMdHBFG"},"rkjXdBBtz":{"type":"image","id":"rkjXdBBtz","style":{"selectedKey":"textOverlapping"},"txtBg":{"fill":{"opac":0.8,"rgb":"#8b1418"}},"bg":{"selectedKey":"image"},"name":{"rType":"text","val":"Answer 2 - Wrong"},"desc":{"rType":"richtext","val":{"ops":[{"insert":"Sorry, wrong answer. ","attributes":{"color":"#ffffff"}},{"insert":"\n","attributes":{"size":"large"}},{"insert":"\n","attributes":{"size":"medium"}},{"insert":"When we make a mistake, we must admit it to the customer and be quick and agile when offering solutions, without recommending partial or false remedies.","attributes":{"color":"#ffffff"}},{"insert":"\n","attributes":{"size":"medium"}}]},"padd":55,"hali":"left"},"e":{"i":{"SyZJ9SrKz":{"type":"element","id":"SyZJ9SrKz","link":{"val":"H1FMdHBFG","selectedKey":"image"},"animation":{"selectedKey":"fade"},"pos":{"x":972,"y":50},"icon":{"selectedKey":18},"size":{"selectedKey":"m"},"iconColor":{"opac":1,"rgb":"#ffffff"}}},"p":["SyZJ9SrKz"]}},"HkgSdHHYf":{"type":"image","id":"HkgSdHHYf","style":{"selectedKey":"textOverlapping"},"txtBg":{"fill":{"opac":0.8,"rgb":"#82a419"}},"bg":{"selectedKey":"image"},"name":{"rType":"text","val":"Answer 2 - OK"},"desc":{"rType":"richtext","val":{"ops":[{"insert":"That’s right!","attributes":{"color":"#ffffff"}},{"insert":"\n","attributes":{"size":"huge"}}]}},"e":{"i":{"BJQ4qSHtG":{"type":"element","id":"BJQ4qSHtG","link":{"val":"BJYTwSSKM"},"animation":{"selectedKey":"fade"},"pos":{"x":496,"y":608},"icon":{"selectedKey":10},"size":{"selectedKey":"l"},"iconColor":{"opac":1,"rgb":"#fff"}}},"p":["BJQ4qSHtG"]}}},"p":["BJYTwSSKM","S13edSBFz","r15Z_rSYf","H1FMdHBFG","rkjXdBBtz","HkgSdHHYf"]}}},"SybxrMp6_H":{"id":"SybxrMp6_H","type":"interactive","subtype":"interactiveRichText","setup":{"frmeTp":{"selectedKey":"noneFrame"},"bg":{"fill":{"opac":0,"rgb":"#FFF"}}}}},"v":"1"}