{"i":{"HJDw1NOtz":{"id":"HJDw1NOtz","type":"slide","setup":{"transparentBg":{"selectedKey":false},"bord":{"size":15,"rad":0},"bg":{"selectedKey":"image","fill":{"opac":1,"rgb":"#FFF"},"img":{"filt":{"opac":100,"gray":0,"blur":0,"tint":{"rgb":"#FFF","opac":0}},"pos":{"type":"crop","fit":{"bg":{"color":{"rgb":"#FFF","opac":100}},"vali":"center","hali":"center"},"crop":{"poi":{"x":425,"y":281.5}}},"measures":{"size":{"width":900,"height":563}},"orig":{"rType":"asset","rSubType":"image","fileName":"facebook_wallpaper.jpg","fileSize":33322,"val":"mc-fcbbb6220eacd952883630b502685f8a.jpg","aid":"Zt2pAeAr1kP"}}}}},"SyfDP1VuKG":{"id":"SyfDP1VuKG","type":"interactive","subtype":"interactivePercentage","setup":{"format":{"selectedKey":6},"value":46,"mainColor":{"opac":0.4,"rgb":"#82a419"},"bgColor":{"opac":0,"rgb":"#FFFFFF"}}},"S1-PPJEdYM":{"id":"S1-PPJEdYM","type":"interactive","subtype":"interactiveRichText","setup":{"frmeTp":{"selectedKey":"noneFrame"},"bg":{"fill":{"opac":0,"rgb":"#FFF"}},"frmeColo":{"color":{"opac":1,"rgb":"#666"}},"txt":{"rType":"richtext","val":{"ops":[{"insert":"Facebook user activity","attributes":{"color":"#ffffff"}},{"insert":"\n\n\n\n","attributes":{"size":"large"}}]}},"rType":"richtext","vali":"bottom","hali":"center"}},"Skxvw1NOYG":{"id":"Skxvw1NOYG","type":"interactive","subtype":"interactivePercentage","setup":{"format":{"selectedKey":5},"value":40,"mainColor":{"opac":0.5,"rgb":"#e50a4f"},"bgColor":{"opac":0,"rgb":"#FFFFFF"}}}},"v":"1"}