{"i":{"r1l1cffITZ":{"id":"r1l1cffITZ","type":"slide","setup":{"transparentBg":{"selectedKey":false},"bord":{"size":0,"rad":0},"bg":{"selectedKey":"image","fill":{"opac":1,"rgb":"#FFF"},"img":{"filt":{"opac":100,"gray":0,"blur":0,"tint":{"rgb":"#FFF","opac":0}},"pos":{"type":"crop","fit":{"bg":{"color":{"rgb":"#FFF","opac":100}},"vali":"center","hali":"center"},"crop":{"poi":{"x":621,"y":405}}},"measures":{"size":{"width":1440,"height":810}},"orig":{"rType":"asset","rSubType":"image","fileName":"3--Elements.jpg","fileSize":131645,"val":"mc-9229164680b261c7a1c762e6d8d3de6f.jpg","aid":"3yMSz7BqYm1"}}}}},"By6jffITW":{"id":"By6jffITW","type":"interactive","subtype":"interactiveRichText","setup":{"bg":{"fill":{"opac":0.6,"rgb":"#000000"}},"txt":{"rType":"richtext","val":{"ops":[{"insert":"Interactive elements","attributes":{"color":"#ffffff"}},{"insert":"\n","attributes":{"size":"huge"}}]}},"rType":"richtext","vali":"middle","hali":"center","frmeTp":{"selectedKey":"noneFrame"}}}},"v":"1"}