{"i":{"ByY8r25xG":{"id":"ByY8r25xG","type":"slide","setup":{"transparentBg":{"selectedKey":false},"bord":{"size":0,"rad":0},"bg":{"selectedKey":"fill","fill":{"opac":1,"rgb":"#FFF"}}}},"BybTS3cxG":{"id":"BybTS3cxG","type":"interactive","subtype":"interactiveHotSpots","setup":{"background":{"selectedKey":"image","img":{"filt":{"opac":100,"gray":0,"blur":0,"tint":{"rgb":"#FFF","opac":0}},"pos":{"type":"fit","fit":{"bg":{"color":{"rgb":"#FFF","opac":100}},"vali":"center","hali":"center"},"crop":{"poi":{"x":500,"y":360}}},"measures":{"size":{"width":1000,"height":910}},"orig":{"rType":"asset","rSubType":"image","fileName":"image.jpg","fileSize":596511,"val":"mc-8c8add4445d650a7bf34c7324cbeef72.jpg","aid":"MeV2puuc9nw"}}},"points":{"i":{"SkaCH3clM":{"type":"point","id":"SkaCH3clM","spotPosition":{"x":136,"y":299},"icon":{"selectedKey":8},"size":{"selectedKey":"m"},"iconColor":{"opac":1,"rgb":"#000"},"text":{"rType":"text","val":"Biceps"}},"BJOQ825gz":{"type":"point","id":"BJOQ825gz","spotPosition":{"x":516,"y":175},"icon":{"selectedKey":8},"size":{"selectedKey":"m"},"iconColor":{"opac":1,"rgb":"#000"},"text":{"rType":"text","val":"Trapezius"}},"S1nII3clG":{"type":"point","id":"S1nII3clG","spotPosition":{"x":472,"y":318},"icon":{"selectedKey":8},"size":{"selectedKey":"m"},"iconColor":{"opac":1,"rgb":"#000"},"text":{"rType":"text","val":"Triceps"}},"SJ4KI2qez":{"type":"point","id":"SJ4KI2qez","spotPosition":{"x":268,"y":607},"icon":{"selectedKey":8},"size":{"selectedKey":"m"},"iconColor":{"opac":1,"rgb":"#000"},"text":{"rType":"text","val":"Quadriceps"}},"HkRcIn9xf":{"type":"point","id":"HkRcIn9xf","spotPosition":{"x":268,"y":242},"icon":{"selectedKey":8},"size":{"selectedKey":"m"},"iconColor":{"opac":1,"rgb":"#000"},"text":{"rType":"text","val":"Pectorales"}},"rk138hqlG":{"type":"point","id":"rk138hqlG","spotPosition":{"x":848,"y":223},"icon":{"selectedKey":8},"size":{"selectedKey":"m"},"iconColor":{"opac":1,"rgb":"#000"},"text":{"rType":"text","val":"Deltoid"}},"rJcSvn5ez":{"type":"point","id":"rJcSvn5ez","spotPosition":{"x":32,"y":43},"icon":{"selectedKey":10},"size":{"selectedKey":"m"},"iconColor":{"opac":1,"rgb":"#82a419"},"text":{"rType":"text","val":"Click on each of the icons to discover the name of the muscles"}}},"p":["SkaCH3clM","BJOQ825gz","S1nII3clG","SJ4KI2qez","HkRcIn9xf","rk138hqlG","rJcSvn5ez"]}}},"BJPvH2qeG":{"id":"BJPvH2qeG","type":"interactive","subtype":"interactiveImageText","setup":{"style":{"selectedKey":"overlapping"},"animation":{"selectedKey":false},"txtBg":{"fill":{"opac":0.77,"rgb":"#000"}},"bg":{"img":{"filt":{"opac":100,"gray":0,"blur":0,"tint":{"rgb":"#FFF","opac":0}},"pos":{"type":"crop","fit":{"bg":{"color":{"rgb":"#FFF","opac":100}},"vali":"center","hali":"center"},"crop":{"poi":{"x":424,"y":392}}},"measures":{"size":{"width":850,"height":940}},"orig":{"rType":"asset","rSubType":"image","fileName":"cuerpo_humano.jpg","fileSize":203430,"val":"mc-2165098c8fceb1320265ad35ea830101.jpg","aid":"heU9G3rEztT"}}},"txt":{"rType":"richtext","val":{"ops":[{"insert":"Hots Spots","attributes":{"color":"#ffffff"}},{"insert":"\n","attributes":{"size":"large"}},{"insert":"- ","attributes":{"color":"#ff3371"}},{"insert":"\n","attributes":{"size":"huge"}},{"insert":"There is an interactive element aimed at identifying specific parts of an image such as countries on a map or the different strata of a volcano. Students may find it helpful to use the function to uncover a series of points on a coloured background. The creative uses of this element are very broad. ","attributes":{"color":"#ffffff"}},{"insert":"\n\n","attributes":{"size":"normal"}},{"insert":"Choose the background on which you wish to place the points of interest.","attributes":{"color":"#ffffff"}},{"insert":"\n","attributes":{"size":"normal"}},{"insert":"\n","attributes":{"size":"huge"}},{"insert":"\n"}]}},"rType":"richtext","padd":49,"hali":"left"}}},"v":"1"}