{"i":{"By5F025xM":{"id":"By5F025xM","type":"slide","setup":{"transparentBg":{"selectedKey":false},"bord":{"size":15,"rad":0},"bg":{"selectedKey":"image","fill":{"opac":1,"rgb":"#FFF"},"img":{"filt":{"opac":100,"gray":0,"blur":0,"tint":{"rgb":"#FFF","opac":0}},"pos":{"type":"crop","fit":{"bg":{"color":{"rgb":"#FFF","opac":100}},"vali":"center","hali":"center"},"crop":{"poi":{"x":846,"y":356}}},"measures":{"size":{"width":1654,"height":700}},"orig":{"rType":"asset","rSubType":"image","fileName":"shutterstock_519653836.jpg","fileSize":133545,"val":"mc-a243194b06be15161e611d5999831500.jpg","aid":"c-kej5JExHf"}}}}},"SJzgM13ez":{"id":"SJzgM13ez","type":"interactive","subtype":"interactiveRichText","setup":{"bg":{"fill":{"opac":0,"rgb":"#FFF"}}}},"Bkvxfk3ef":{"id":"Bkvxfk3ef","type":"interactive","subtype":"interactiveRichText","setup":{"bg":{"fill":{"opac":0,"rgb":"#FFF"}}}},"ryZXk6cxz":{"id":"ryZXk6cxz","type":"interactive","subtype":"interactiveCoverFlow","setup":{"style":{"selectedKey":"textOverlapping"},"imgs":{"i":{"rkSXkp9gM":{"type":"image","id":"rkSXkp9gM","txtBg":{"fill":{"opac":0,"rgb":"#000"}},"img":{"filt":{"opac":100,"gray":0,"blur":0,"tint":{"rgb":"#FFF","opac":0}},"pos":{"type":"crop","fit":{"bg":{"color":{"rgb":"#FFF","opac":100}},"vali":"center","hali":"center"},"crop":{"poi":{"orig":{"x":50,"y":50},"cust":{"x":50,"y":50}}}}},"desc":{"rType":"richtext","val":{"ops":[{"insert":"Talent wins games, ","attributes":{"color":"#ffffff"}},{"insert":"\n","attributes":{"size":"large"}},{"insert":"but teamwork and intelligence ","attributes":{"color":"#ffffff"}},{"insert":"\n","attributes":{"size":"large"}},{"insert":"win championships.","attributes":{"color":"#ffffff"}},{"insert":"\n","attributes":{"size":"large"}},{"insert":"\n"},{"insert":"Michael Jordan","attributes":{"color":"#ffffff","italic":true}},{"insert":"\n"}]}}},"ByCYJaqlz":{"type":"image","id":"ByCYJaqlz","txtBg":{"fill":{"opac":0,"rgb":"#000"}},"img":{"filt":{"opac":100,"gray":0,"blur":0,"tint":{"rgb":"#FFF","opac":0}},"pos":{"type":"crop","fit":{"bg":{"color":{"rgb":"#FFF","opac":100}},"vali":"center","hali":"center"},"crop":{"poi":{"orig":{"x":50,"y":50},"cust":{"x":50,"y":50}}}}},"desc":{"rType":"richtext","val":{"ops":[{"insert":"Alone we can do so little, ","attributes":{"color":"#ffffff"}},{"insert":"\n","attributes":{"size":"large"}},{"insert":"together we can do so much.","attributes":{"color":"#ffffff"}},{"insert":"\n","attributes":{"size":"large"}},{"insert":"\n"},{"insert":"Helen Keller","attributes":{"color":"#ffffff","italic":true}},{"insert":"\n"},{"insert":"\n","attributes":{"size":"medium"}}]}}},"Sy-expqlG":{"type":"image","id":"Sy-expqlG","txtBg":{"fill":{"opac":0,"rgb":"#000"}},"img":{"filt":{"opac":100,"gray":0,"blur":0,"tint":{"rgb":"#FFF","opac":0}},"pos":{"type":"crop","fit":{"bg":{"color":{"rgb":"#FFF","opac":100}},"vali":"center","hali":"center"},"crop":{"poi":{"orig":{"x":50,"y":50},"cust":{"x":50,"y":50}}}}},"desc":{"rType":"richtext","val":{"ops":[{"insert":"Coming together is a beginning","attributes":{"color":"#ffffff"}},{"insert":"\n","attributes":{"size":"large"}},{"insert":"Keeping together is progress","attributes":{"color":"#ffffff"}},{"insert":"\n","attributes":{"size":"large"}},{"insert":"Working together is success","attributes":{"color":"#ffffff"}},{"insert":"\n","attributes":{"size":"large"}},{"insert":"\n"},{"insert":"Henry Ford","attributes":{"color":"#ffffff","italic":true}},{"insert":"\n"},{"insert":"\n","attributes":{"size":"medium"}}]}}}},"p":["rkSXkp9gM","ByCYJaqlz","Sy-expqlG"]}}}},"v":"1"}