{"i":{"bKm5C8L0d":{"id":"bKm5C8L0d","type":"slide","setup":{"frmeColo":{"color":{"opac":1,"rgb":"#666"}},"bord":{"size":0,"rad":0},"bg":{"selectedKey":"image","fill":{"opac":1,"rgb":"#FFF"},"img":{"filt":{"opac":100,"gray":0,"blur":0,"tint":{"rgb":"#FFF","opac":0}},"pos":{"type":"crop","fit":{"bg":{"color":{"rgb":"#FFF","opac":100}},"vali":"center","hali":"center"},"crop":{"poi":{"x":540,"y":371.5}}},"measures":{"size":{"width":1080,"height":771}},"orig":{"rType":"asset","rSubType":"image","fileName":"unsplash.jpg","fileSize":0,"val":"mc-cab7d88c77431029b8b1ba2c12f12b50.jpg","aid":"AGSps9hE7"}}},"transparentBg":{"selectedKey":false}}},"yDxJyhTPqt":{"id":"yDxJyhTPqt","type":"interactive","subtype":"interactiveRichText","setup":{"bg":{"fill":{"opac":0.7,"rgb":"#000000"}},"txt":{"rType":"richtext","val":{"ops":[{"attributes":{"color":"#ffffff"},"insert":"Games"},{"insert":"\n","attributes":{"size":"huge"}}]}},"rType":"richtext","hali":"center","vali":"middle","frmeTp":{"selectedKey":"noneFrame"}}}},"v":"1"}