{"i":{"a0hhxrOkg":{"id":"a0hhxrOkg","type":"slide","setup":{"frmeColo":{"color":{"opac":1,"rgb":"#666"}},"bord":{"size":0,"rad":0},"bg":{"selectedKey":"image","fill":{"opac":1,"rgb":"#FFF"},"img":{"filt":{"opac":100,"gray":0,"blur":0,"tint":{"rgb":"#FFF","opac":0}},"pos":{"type":"crop","fit":{"bg":{"color":{"rgb":"#FFF","opac":100}},"vali":"center","hali":"center"},"crop":{"poi":{"x":506,"y":811}}},"measures":{"size":{"width":1080,"height":1620}},"orig":{"rType":"asset","rSubType":"image","fileName":"photo-1615890643735-6cd26210d646 - copia.jfif","fileSize":184845,"val":"mc-c47536c46430c0e49402e91c84b2273f.jfif","aid":"7q3K5fQZk"}}},"transparentBg":{"selectedKey":false}}},"mOlnORk1ar":{"id":"mOlnORk1ar","type":"interactive","subtype":"interactiveRichText","setup":{"bg":{"fill":{"opac":0.7,"rgb":"#000000"}},"txt":{"rType":"richtext","val":{"ops":[{"attributes":{"color":"#ffffff"},"insert":"Swipe game"},{"insert":"\n","attributes":{"size":"huge"}}]}},"rType":"richtext","hali":"center","vali":"middle","frmeTp":{"selectedKey":"noneFrame"}}}},"v":"1"}