{"i":{"r1gGnnYUG":{"id":"r1gGnnYUG","type":"slide","setup":{"transparentBg":{"selectedKey":false},"bord":{"size":0,"rad":0},"bg":{"selectedKey":"image","fill":{"opac":1,"rgb":"#FFF"},"img":{"filt":{"opac":100,"gray":0,"blur":0,"tint":{"rgb":"#FFF","opac":0}},"pos":{"type":"crop","fit":{"bg":{"color":{"rgb":"#FFF","opac":100}},"vali":"center","hali":"center"},"crop":{"poi":{"x":595,"y":525}}},"measures":{"size":{"width":1200,"height":800}},"orig":{"rType":"asset","rSubType":"image","fileName":"links.jpg","fileSize":251794,"val":"mc-c26d95de4ec51aad3263f47a10a3fccb.jpg","aid":"Ytrhq8Z_ZBE"}}}}},"rJlxGhhKUM":{"id":"rJlxGhhKUM","type":"interactive","subtype":"interactiveRichText","setup":{"bg":{"fill":{"opac":0.7,"rgb":"#000000"}},"txt":{"rType":"richtext","val":{"ops":[{"insert":"Links","attributes":{"color":"#ffffff"}},{"insert":"\n","attributes":{"size":"huge"}}]}},"rType":"richtext","hali":"center","vali":"middle"}}},"v":"1"}