{"i":{"HkX7ig0CW":{"id":"HkX7ig0CW","type":"slide","setup":{"transparentBg":{"selectedKey":false},"bord":{"size":0,"rad":0},"bg":{"selectedKey":"fill","fill":{"opac":1,"rgb":"#FFF"}}}},"HkaDliPFf":{"id":"HkaDliPFf","type":"interactive","subtype":"interactiveImageText","setup":{"style":{"selectedKey":"overlapping"},"animation":{"selectedKey":false},"txtBg":{"fill":{"opac":0.5,"rgb":"#ea661d"}},"bg":{"img":{"filt":{"opac":100,"gray":0,"blur":0,"tint":{"rgb":"#FFF","opac":0}},"pos":{"type":"crop","fit":{"bg":{"color":{"rgb":"#FFF","opac":100}},"vali":"center","hali":"center"},"crop":{"poi":{"x":429,"y":273}}},"measures":{"size":{"width":1200,"height":515}},"orig":{"rType":"asset","rSubType":"image","fileName":"mc-cc9b313ebd9ca0cf3af4f168d056be17.jpg","fileSize":94322,"val":"mc-9b68749474d72d7f5127735fb6c63cc2.jpg","aid":"SWiYLN56phw"}}},"txt":{"rType":"richtext","val":{"ops":[{"insert":"Do you know these dog breeds?","attributes":{"color":"#ffffff","bold":true}},{"insert":"\n","attributes":{"size":"huge"}}]}},"rType":"richtext","hali":"center","vali":"middle"}},"rk5LlowtG":{"id":"rk5LlowtG","type":"interactive","subtype":"interactiveHotSpots","setup":{"background":{"selectedKey":"image","img":{"filt":{"opac":100,"gray":0,"blur":0,"tint":{"rgb":"#FFF","opac":0}},"pos":{"type":"crop","fit":{"bg":{"color":{"rgb":"#FFF","opac":100}},"vali":"center","hali":"center"},"crop":{"poi":{"x":448.5,"y":141}}},"measures":{"size":{"width":750,"height":282}},"orig":{"rType":"asset","rSubType":"image","fileName":"mc-09e4a66e5f565c0db5d8f38884883dcd.jpg","fileSize":93347,"val":"mc-09e4a66e5f565c0db5d8f38884883dcd.jpg","aid":"jq993krZsKo"}}},"points":{"i":{"BkYaeoPFf":{"type":"point","id":"BkYaeoPFf","spotPosition":{"x":177,"y":302},"icon":{"selectedKey":2},"size":{"selectedKey":"m"},"iconColor":{"opac":1,"rgb":"#ea661d"},"text":{"rType":"text","val":"Chow Chow"}},"B1AybsDtG":{"type":"point","id":"B1AybsDtG","spotPosition":{"x":329,"y":494},"icon":{"selectedKey":2},"size":{"selectedKey":"m"},"iconColor":{"opac":1,"rgb":"#ea661d"},"text":{"rType":"text","val":"Shih Tzu"}},"S1v-WjPYf":{"type":"point","id":"S1v-WjPYf","spotPosition":{"x":568,"y":440},"icon":{"selectedKey":2},"size":{"selectedKey":"m"},"iconColor":{"opac":1,"rgb":"#ea661d"},"text":{"rType":"text","val":"Basset Hound"}},"Skcm-ivYG":{"type":"point","id":"Skcm-ivYG","spotPosition":{"x":711,"y":547},"icon":{"selectedKey":2},"size":{"selectedKey":"m"},"iconColor":{"opac":1,"rgb":"#ea661d"},"text":{"rType":"text","val":"Teckel"}},"rkBSWivtG":{"type":"point","id":"rkBSWivtG","spotPosition":{"x":875,"y":238},"icon":{"selectedKey":2},"size":{"selectedKey":"m"},"iconColor":{"opac":1,"rgb":"#ea661d"},"text":{"rType":"text","val":"Bearded Collie"}}},"p":["BkYaeoPFf","B1AybsDtG","S1v-WjPYf","Skcm-ivYG","rkBSWivtG"]}}}},"v":"1"}