{"i":{"HytX33tLG":{"id":"HytX33tLG","type":"slide","setup":{"transparentBg":{"selectedKey":false},"bord":{"size":0,"rad":0},"bg":{"selectedKey":"image","fill":{"opac":1,"rgb":"#FFF"},"img":{"filt":{"opac":100,"gray":0,"blur":0,"tint":{"rgb":"#FFF","opac":0}},"pos":{"type":"crop","fit":{"bg":{"color":{"rgb":"#FFF","opac":100}},"vali":"center","hali":"center"},"crop":{"poi":{"x":711.5,"y":466}}},"measures":{"size":{"width":1400,"height":932}},"orig":{"rType":"asset","rSubType":"image","fileName":"galeria.jpg","fileSize":259905,"val":"mc-86a71d01d01200ade4954684ce99c8ae.jpg","aid":"Ls0Dq9uqKlE"}}}}},"BJxKQh3tLz":{"id":"BJxKQh3tLz","type":"interactive","subtype":"interactiveRichText","setup":{"bg":{"fill":{"opac":0.7,"rgb":"#000000"}},"txt":{"rType":"richtext","val":{"ops":[{"insert":"Gallery","attributes":{"color":"#ffffff"}},{"insert":"\n","attributes":{"size":"huge"}}]}},"rType":"richtext","hali":"center","vali":"middle"}}},"v":"1"}