{"i":{"S1kRrVI6W":{"id":"S1kRrVI6W","type":"slide","setup":{"transparentBg":{"selectedKey":false},"bord":{"size":0,"rad":0},"bg":{"selectedKey":"fill","fill":{"opac":0,"rgb":"#ffffff"},"img":{"filt":{"opac":100,"gray":0,"blur":0,"tint":{"rgb":"#FFF","opac":0}},"pos":{"type":"crop","fit":{"bg":{"color":{"rgb":"#FFF","opac":100}},"vali":"center","hali":"center"},"crop":{"poi":{"orig":{"x":50,"y":50},"cust":{"x":50,"y":50}}}}}}}},"HJYRSNUab":{"id":"HJYRSNUab","type":"interactive","subtype":"interactiveRichText","setup":{"bg":{"fill":{"opac":0.34,"rgb":"#dddddd"}},"txt":{"rType":"richtext","val":{"ops":[{"insert":"Link","attributes":{"color":"#000000","bold":true}},{"insert":"\n","attributes":{"size":"large"}},{"insert":"\n","attributes":{"size":"small"}},{"insert":"With this element you can link content with two operation modes:","attributes":{"color":"#999999"}},{"insert":"\n"},{"insert":"\n","attributes":{"size":"small"}},{"insert":"\n"}]}},"rType":"richtext","padd":37,"vali":"top","hali":"right"}},"BJTjI4L6W":{"id":"BJTjI4L6W","type":"interactive","subtype":"interactiveLink","setup":{"link":{"selectedKey":"internal","internal":{"val":"HkWeO3ZLpZ"}},"bg":{"selectedKey":"image","fill":{"opac":0.8,"rgb":"#000"},"img":{"filt":{"opac":100,"gray":0,"blur":0,"tint":{"rgb":"#8b1418","opac":0.5}},"pos":{"type":"crop","fit":{"bg":{"color":{"rgb":"#FFF","opac":100}},"vali":"center","hali":"center"},"crop":{"poi":{"x":449,"y":342}}},"measures":{"size":{"width":800,"height":800}},"orig":{"rType":"asset","rSubType":"image","fileName":"link1.jpg","fileSize":146576,"val":"mc-ee53a183177da40745ec60f31bdf3042.jpg","aid":"R53S5n9YlSp"}}},"title":{"rType":"text","val":"Back to CourseMap (internal)"}}},"HkTzUEUpZ":{"id":"HkTzUEUpZ","type":"interactive","subtype":"interactiveLink","setup":{"link":{"selectedKey":"external","external":{"val":"https://iseazy.com/"}},"bg":{"selectedKey":"image","fill":{"opac":0.8,"rgb":"#000"},"img":{"filt":{"opac":100,"gray":0,"blur":0,"tint":{"rgb":"#000000","opac":0.5}},"pos":{"type":"crop","fit":{"bg":{"color":{"rgb":"#FFF","opac":100}},"vali":"center","hali":"center"},"crop":{"poi":{"x":400,"y":392}}},"measures":{"size":{"width":800,"height":800}},"orig":{"rType":"asset","rSubType":"image","fileName":"link2.jpg","fileSize":165574,"val":"mc-f89e60540470d0e4ac69cdd86d1b5b12.jpg","aid":"otllf-7hGs3"}}},"title":{"rType":"text","val":"Visit isEazy.com (external)"}}},"SJrttTRuM":{"id":"SJrttTRuM","type":"interactive","subtype":"interactiveRichText","setup":{"bg":{"fill":{"opac":0,"rgb":"#FFF"}},"txt":{"rType":"richtext","val":{"ops":[{"insert":"External","attributes":{"color":"#666666","bold":true}},{"insert":":","attributes":{"color":"#666666"}},{"insert":" Allows you to link external content to a course introducing its URL. When the student clicks on the link it opens in a new tab of the browser.","attributes":{"color":"#999999"}},{"insert":"\n"},{"insert":"\n","attributes":{"size":"small"}},{"insert":"Internal","attributes":{"color":"#666666","bold":true}},{"insert":": ","attributes":{"color":"#666666"}},{"insert":"Jumps to another slide of the course. In this case the browsing is done inside the window of the course as if the trainee would have access to the linked content through the menu or by the browsing controls. Consider that if you have configured a link to a slide and later you delete the slide, the link would become useless. Nevertheless, you can move the slide from its position and the link will remain linked to the slide you selected.","attributes":{"color":"#999999"}},{"insert":"\n"}]}},"rType":"richtext","padd":37,"vali":"top"}}},"v":"1"}