{"i":{"rkJ43nYIz":{"id":"rkJ43nYIz","type":"slide","setup":{"transparentBg":{"selectedKey":false},"bord":{"size":0,"rad":0},"bg":{"selectedKey":"image","fill":{"opac":1,"rgb":"#FFF"},"img":{"filt":{"opac":100,"gray":0,"blur":0,"tint":{"rgb":"#FFF","opac":0}},"pos":{"type":"crop","fit":{"bg":{"color":{"rgb":"#FFF","opac":100}},"vali":"center","hali":"center"},"crop":{"poi":{"x":640,"y":324}}},"measures":{"size":{"width":1152,"height":648}},"orig":{"rType":"asset","rSubType":"image","fileName":"hot_spots.jpg","fileSize":107377,"val":"mc-8d905076b7fa4bdeb8d98ea6379d4147.jpg","aid":"SzVTVTaloOv"}}}}},"rkg1N23YLG":{"id":"rkg1N23YLG","type":"interactive","subtype":"interactiveRichText","setup":{"bg":{"fill":{"opac":0.7,"rgb":"#000000"}},"txt":{"rType":"richtext","val":{"ops":[{"insert":"Hot spots","attributes":{"color":"#ffffff"}},{"insert":"\n","attributes":{"size":"huge"}}]}},"rType":"richtext","hali":"center","vali":"middle","frmeTp":{"selectedKey":"noneFrame"},"frmeColo":{"color":{"opac":1,"rgb":"#666"}}}}},"v":"1"}