{"i":{"S1JW32KLz":{"id":"S1JW32KLz","type":"slide","setup":{"transparentBg":{"selectedKey":false},"bord":{"size":0,"rad":0},"bg":{"selectedKey":"image","fill":{"opac":1,"rgb":"#FFF"},"img":{"filt":{"opac":100,"gray":0,"blur":0,"tint":{"rgb":"#FFF","opac":0}},"pos":{"type":"crop","fit":{"bg":{"color":{"rgb":"#FFF","opac":100}},"vali":"center","hali":"center"},"crop":{"poi":{"x":614,"y":437}}},"measures":{"size":{"width":1200,"height":800}},"orig":{"rType":"asset","rSubType":"image","fileName":"video.jpg","fileSize":231244,"val":"mc-50a94f4af318b9c9271924404d20aded.jpg","aid":"RRFJi8hUE_E"}}}}},"SkgJZn3Y8M":{"id":"SkgJZn3Y8M","type":"interactive","subtype":"interactiveRichText","setup":{"bg":{"fill":{"opac":0.7,"rgb":"#000000"}},"txt":{"rType":"richtext","val":{"ops":[{"insert":"Video","attributes":{"color":"#ffffff"}},{"insert":"\n","attributes":{"size":"huge"}}]}},"rType":"richtext","hali":"center","vali":"middle"}}},"v":"1"}