{"i":{"BJVx33K8G":{"id":"BJVx33K8G","type":"slide","setup":{"transparentBg":{"selectedKey":false},"bord":{"size":0,"rad":0},"bg":{"selectedKey":"image","fill":{"opac":1,"rgb":"#FFF"},"img":{"filt":{"opac":100,"gray":0,"blur":0,"tint":{"rgb":"#FFF","opac":0}},"pos":{"type":"crop","fit":{"bg":{"color":{"rgb":"#FFF","opac":100}},"vali":"center","hali":"center"},"crop":{"poi":{"x":662,"y":699}}},"measures":{"size":{"width":1400,"height":935}},"orig":{"rType":"asset","rSubType":"image","fileName":"imagen.jpg","fileSize":167797,"val":"mc-73c6de6b4821f9a535bf847f9931316d.jpg","aid":"gbFGf9pmHEJ"}}}}},"rkgEgnhFIG":{"id":"rkgEgnhFIG","type":"interactive","subtype":"interactiveRichText","setup":{"bg":{"fill":{"opac":0.7,"rgb":"#000000"}},"txt":{"rType":"richtext","val":{"ops":[{"insert":"Image","attributes":{"color":"#ffffff"}},{"insert":"\n","attributes":{"size":"huge"}}]}},"rType":"richtext","hali":"center","vali":"middle"}}},"v":"1"}