{"i":{"HkewRJBbQ":{"id":"HkewRJBbQ","type":"slide","setup":{"transparentBg":{"selectedKey":false},"bord":{"size":0,"rad":0},"bg":{"selectedKey":"fill","fill":{"opac":1,"rgb":"#FFF"}}}},"SJgewR1HW7":{"id":"SJgewR1HW7","type":"interactive","subtype":"interactiveRichText","setup":{"bg":{"fill":{"opac":0.2,"rgb":"#FFF"}},"txt":{"rType":"richtext","val":{"ops":[{"attributes":{"color":"#e50a4f"},"insert":"EXERCISES"},{"attributes":{"size":"medium"},"insert":"\n\n"},{"insert":"Adding the text and the words that the student will have to complete is very easy","attributes":{"bold":true,"color":"#000000"}},{"insert":"\n","attributes":{"size":"medium"}},{"insert":"\n"},{"insert":"Simply write the text directly in the text box that appears in the side editor, and using opening and closing brackets ","attributes":{"color":"#999999"}},{"insert":"[ ]","attributes":{"color":"#000000","bold":true}},{"insert":" specify those words that you want the user to complete. ","attributes":{"color":"#999999"}},{"insert":"\n\n"},{"insert":"These words will appear randomly in the exercise’s drop-down menu.","attributes":{"color":"#999999"}},{"insert":"\n"}]}},"rType":"richtext","padd":39,"frmeTp":{"selectedKey":"noneFrame"},"frmeColo":{"color":{"opac":1,"rgb":"#666"}},"vali":"middle"}},"HyZxD0JHWQ":{"id":"HyZxD0JHWQ","type":"interactive","subtype":"interactiveFillBlanks","setup":{"cover":{"selectedKey":"image","img":{"filt":{"opac":100,"gray":0,"blur":0,"tint":{"rgb":"#202948","opac":0.38}},"pos":{"type":"crop","fit":{"bg":{"color":{"rgb":"#FFF","opac":100}},"vali":"center","hali":"center"},"crop":{"poi":{"x":577,"y":522}}},"measures":{"size":{"width":1080,"height":720}},"orig":{"rType":"asset","rSubType":"image","fileName":"unsplash.jpg","fileSize":0,"val":"mc-11cd78c1abcea9ea0831b604632b78a3.jpg","aid":"fxQ3OwhNsXy"}}},"img":{"filt":{"opac":100,"gray":0,"blur":0,"tint":{"rgb":"#FFF","opac":0}},"pos":{"type":"crop","fit":{"bg":{"color":{"rgb":"#FFF","opac":100}},"vali":"center","hali":"center"},"crop":{"poi":{"x":552,"y":360}}},"measures":{"size":{"width":1080,"height":720}}},"desc":{"rType":"text","val":"Fill these sentences with: \nsince, for or ago"},"text":{"rType":"text","val":"1. I have waited [for] the bus for ages.\n2. The phone hasn't stopped ringing [since] I arrived here this morning.\n3. They got married two years [ago], so they have been married [for] two years.\n4. How long have you had your car [for]?\n5. I haven't seen Michael [since] Monday.\n6. The children have played in the garden [for] a while.\n7. He lost his job three months [ago]. So, he has been unemployed [since] August.\n8. When did you last speak to Jane? Two days [ago], at the gym.\n9. Paul has made lots of friends [since] he moved to Madrid.\n10. It hasn't stopped raining [since] last night!"},"format":{"selectedKey":"input-text"}}}},"v":"1"}