{"i":{"l7tkDW33F":{"id":"l7tkDW33F","type":"slide","setup":{"bg":{"selectedKey":"image","fill":{"opac":1,"rgb":"#e50a4f"},"img":{"filt":{"opac":50,"gray":0,"blur":0,"tint":{"rgb":"#FFF","opac":0,"useGradient":true,"gradient":{"angle":315,"opac":0,"stops":[{"color":"#EB1C79","pos":0},{"color":"#630ba6","pos":100}]}}},"pos":{"type":"crop","fit":{"bg":{"color":{"rgb":"#FFF","opac":100}},"vali":"center","hali":"center"},"crop":{"poi":{"x":540,"y":437.5}}},"measures":{"size":{"width":1080,"height":816}},"orig":{"rType":"asset","rSubType":"image","fileName":"mc-316393d2c7f272f1ef64fc87317602ea.jpg","fileSize":197848,"val":"mc-cdfcf95d44f08b8efe52429b3790c913.jpg","aid":"l5Q126cHN"}},"gradient":{"angle":0,"opac":1,"stops":[{"color":"#000000","pos":0},{"color":"#000000","pos":100}]}},"transparentBg":{"selectedKey":false},"bord":{"size":6,"rad":0}}},"3227Stnjvx":{"id":"3227Stnjvx","type":"interactive","subtype":"interactiveEmbed","setup":{"embed":{"url":"https://www.youtube.com/watch?v=xwK9Mi02bkk","iframeUrl":"//cdn.iframe.ly/api/iframe?url=https%3A%2F%2Fwww.youtube.com%2Fwatch%3Fv%3DxwK9Mi02bkk&amp;key=7ad3e8783279bdbd7573dd1281baf0fb","service":"YouTube","thumbnail":"https://i.ytimg.com/vi/xwK9Mi02bkk/mqdefault.jpg"}}},"XEgS4Nw93f":{"id":"XEgS4Nw93f","type":"interactive","subtype":"interactiveEmbed","setup":{"embed":{"url":"https://www.youtube.com/watch?v=oqr2PUiWlBQ&t=1s","iframeUrl":"//cdn.iframe.ly/api/iframe?url=https%3A%2F%2Fwww.youtube.com%2Fwatch%3Fv%3Doqr2PUiWlBQ&amp;key=7ad3e8783279bdbd7573dd1281baf0fb","service":"YouTube","thumbnail":"https://i.ytimg.com/vi/oqr2PUiWlBQ/mqdefault.jpg"}}},"vvRAzBbZJE":{"id":"vvRAzBbZJE","type":"interactive","subtype":"interactiveEmbed","setup":{"embed":{"url":"https://www.youtube.com/watch?v=6whyE1was-o","iframeUrl":"//cdn.iframe.ly/api/iframe?url=https%3A%2F%2Fwww.youtube.com%2Fwatch%3Fv%3D6whyE1was-o&amp;key=7ad3e8783279bdbd7573dd1281baf0fb","service":"YouTube","thumbnail":"https://i.ytimg.com/vi/6whyE1was-o/maxresdefault.jpg"}}},"I4UH5rHSIV":{"id":"I4UH5rHSIV","type":"interactive","subtype":"interactiveRichText","setup":{"frmeTp":{"selectedKey":"noneFrame"},"bg":{"fill":{"opac":0,"rgb":"#000000"}},"frmeColo":{"color":{"opac":0.54,"rgb":"#666666"}},"rType":"richtext","hali":"center","vali":"middle","txt":{"rType":"richtext","val":{"ops":[{"insert":"isEazy Author","attributes":{"color":"#e50a4f","bold":true}},{"insert":"\n","attributes":{"size":"huge"}},{"insert":"\n","attributes":{"size":"small"}},{"insert":"IN JUST 1 MINUTE","attributes":{"color":"#e50a4f"}},{"insert":"\n"}]}}}}},"v":"1"}