{"i":{"BJrfOBoaZ":{"id":"BJrfOBoaZ","type":"slide","setup":{"transparentBg":{"selectedKey":false},"bord":{"size":0,"rad":0},"bg":{"selectedKey":"fill","fill":{"opac":1,"rgb":"#FFF"}}}},"rkretSipb":{"id":"rkretSipb","type":"interactive","subtype":"interactiveRichText","setup":{"bg":{"fill":{"opac":0.2,"rgb":"#FFF"}},"txt":{"rType":"richtext","val":{"ops":[{"insert":"List of projects","attributes":{"bold":true,"color":"#000000"}},{"insert":"\n","attributes":{"size":"large"}},{"insert":"\n"},{"insert":"After accessing the platform you will enter the list of projects. Initially we show you the first ","attributes":{"color":"#999999"}},{"insert":"15 projects","attributes":{"bold":true,"color":"#666666"}},{"insert":", but you can load the rest using the ","attributes":{"color":"#999999"}},{"insert":"More projects","attributes":{"color":"#333333","bold":true}},{"insert":". \n\n\n"},{"insert":"Creation of projects","attributes":{"bold":true,"color":"#000000"}},{"insert":"\n","attributes":{"size":"large"}},{"insert":"\n","attributes":{"size":"normal"}},{"insert":"It is very easy! To create a new one, you only have to click on the button  ","attributes":{"color":"#999999"}},{"insert":"+ NEW PROJECT","attributes":{"color":"#666666","bold":true}},{"insert":"\n","attributes":{"size":"normal"}},{"insert":"\n"},{"insert":"Then, you will automatically have access to select a template it and you can start editing. The newest projects are immediately added after the creation button.","attributes":{"color":"#999999"}},{"insert":"\n\n"}]}},"rType":"richtext","vali":"middle","padd":64,"frmeTp":{"selectedKey":"noneFrame"}}},"SyQzTHj6b":{"id":"SyQzTHj6b","type":"interactive","subtype":"interactiveCard","setup":{"front":{"selectedKey":"image","fill":{"opac":1,"rgb":"#FFF"},"img":{"filt":{"opac":100,"gray":0,"blur":0,"tint":{"rgb":"#FFF","opac":0}},"pos":{"type":"crop","fit":{"bg":{"color":{"rgb":"#666666","opac":0.15}},"vali":"center","hali":"center"},"crop":{"poi":{"x":155,"y":128}},"mask":{"poi":{"x":146,"y":246},"shape":9},"zoom":28},"measures":{"size":{"width":810,"height":567}},"orig":{"rType":"asset","rSubType":"image","fileName":"create_project.jpg","fileSize":23855,"val":"mc-65b357bb167593f898d390ba131bf2e7.jpg","aid":"Ct6VLak3l"}}},"back":{"selectedKey":"image","fill":{"opac":1,"rgb":"#FFF"},"img":{"filt":{"opac":100,"gray":0,"blur":0,"tint":{"rgb":"#FFF","opac":0}},"pos":{"type":"crop","fit":{"bg":{"color":{"rgb":"#FFF","opac":100}},"vali":"center","hali":"center"},"crop":{"poi":{"x":414,"y":360}}},"measures":{"size":{"width":828,"height":815}},"orig":{"rType":"asset","rSubType":"image","fileName":"unique-personality.png","fileSize":98838,"val":"mc-93462e6651d3b57e42db5374cd762ac1.png","aid":"in4lLORB4"}}},"animation":{"selectedKey":"rotateH"}}}},"v":"1"}