{"i":{"vuFkodxh8":{"id":"vuFkodxh8","type":"slide","setup":{"bg":{"selectedKey":"fill","fill":{"opac":1,"rgb":"#a28454"}},"transparentBg":{"selectedKey":false},"bord":{"size":0,"rad":0}}},"wMPQ5gUx8Q":{"id":"wMPQ5gUx8Q","type":"interactive","subtype":"interactiveSwipe","setup":{"cover":{"selectedKey":"image","img":{"filt":{"opac":80,"gray":0,"blur":0,"tint":{"rgb":"#a28454","opac":0.6,"blendMode":"multiply"}},"pos":{"type":"crop","fit":{"bg":{"color":{"rgb":"#FFF","opac":100}},"vali":"center","hali":"center"},"crop":{"poi":{"x":552,"y":244},"bg":{"color":{"rgb":"#409868","opac":0}}}},"measures":{"size":{"width":1080,"height":720}},"orig":{"rType":"asset","rSubType":"image","fileName":"unsplash.jpg","fileSize":0,"val":"mc-b2faab05848b31fed17407b7d7ac5836.jpg","aid":"LY2IFcCaz"}}},"desc":{"rType":"text","val":"\nAre the following sentences correct?\n\n"},"optA":{"fill":{"opac":0.7,"rgb":"#a28454"},"desc":{"rType":"text","val":"Correct"},"quest":{"i":{"B1gBT-l8m":{"type":"question","id":"B1gBT-l8m","text":{"rType":"text","val":"Does lifting weights help you lose weight and build muscle?"},"img":{"filt":{"opac":100,"gray":100,"blur":0,"tint":{"rgb":"#a28454","opac":0.7}},"pos":{"type":"crop","fit":{"bg":{"color":{"rgb":"#FFF","opac":100}},"vali":"center","hali":"center"},"crop":{"poi":{"x":484,"y":680}}},"measures":{"size":{"width":1080,"height":1622}},"orig":{"rType":"asset","rSubType":"image","fileName":"unsplash.jpg","fileSize":0,"val":"mc-047511e8a13e36f11461aff539de0434.jpg","aid":"6rKQGAu8Do"}}},"r1LHaZlUX":{"type":"question","id":"r1LHaZlUX","text":{"rType":"text","val":"Does the practice of exercise create addiction?"},"img":{"filt":{"opac":100,"gray":100,"blur":0,"tint":{"rgb":"#a28454","opac":0.7,"blendMode":"multiply"}},"pos":{"type":"crop","fit":{"bg":{"color":{"rgb":"#FFF","opac":100}},"vali":"center","hali":"center"},"crop":{"poi":{"x":507,"y":406}}},"measures":{"size":{"width":1080,"height":721}},"orig":{"rType":"asset","rSubType":"image","fileName":"unsplash.jpg","fileSize":0,"val":"mc-fa46d947d181913d662e577b18d29702.jpg","aid":"GnGNSTBlqr"}}},"HkJIa-lLQ":{"type":"question","id":"HkJIa-lLQ","text":{"rType":"text","val":"Does body fat increase with age?"},"img":{"filt":{"opac":100,"gray":100,"blur":0,"tint":{"rgb":"#a28454","opac":0.7,"blendMode":"multiply"}},"pos":{"type":"crop","fit":{"bg":{"color":{"rgb":"#FFF","opac":100}},"vali":"center","hali":"center"},"crop":{"poi":{"x":582,"y":293}}},"measures":{"size":{"width":900,"height":600}},"orig":{"rType":"asset","rSubType":"image","fileName":"20.jpg","fileSize":115841,"val":"mc-5d557460bb9fd7f0d3632caffaef99be.jpg","aid":"8Mgn3RxmLy"}}},"rJPIpZg8Q":{"type":"question","id":"rJPIpZg8Q","text":{"rType":"text","val":"You can get good results if your diet is balanced"},"img":{"filt":{"opac":100,"gray":100,"blur":0,"tint":{"rgb":"#a28454","opac":0.7,"blendMode":"multiply"}},"pos":{"type":"crop","fit":{"bg":{"color":{"rgb":"#FFF","opac":100}},"vali":"center","hali":"center"},"crop":{"poi":{"x":508,"y":300}}},"measures":{"size":{"width":900,"height":600}},"orig":{"rType":"asset","rSubType":"image","fileName":"21.jpg","fileSize":140245,"val":"mc-ef6a10e800e8ad8bf47c1ce656c92408.jpg","aid":"bIsxfupa4K"}}},"HkLPablLX":{"type":"question","id":"HkLPablLX","text":{"rType":"text","val":"The important thing is not the duration, but the quality of the training."},"img":{"filt":{"opac":100,"gray":100,"blur":0,"tint":{"rgb":"#a28454","opac":0.7,"blendMode":"multiply"}},"pos":{"type":"crop","fit":{"bg":{"color":{"rgb":"#FFF","opac":100}},"vali":"center","hali":"center"},"crop":{"poi":{"x":401,"y":300}}},"measures":{"size":{"width":900,"height":600}},"orig":{"rType":"asset","rSubType":"image","fileName":"22.jpg","fileSize":92680,"val":"mc-caf5c19c5959f0ef456ff8fb526bed61.jpg","aid":"PPK1u-jhUL"}}}},"p":["B1gBT-l8m","r1LHaZlUX","HkJIa-lLQ","rJPIpZg8Q","HkLPablLX"]}},"optB":{"fill":{"opac":0.7,"rgb":"#f0f1ed"},"desc":{"rType":"text","val":"Not correct"},"quest":{"i":{"rJtmTZlIm":{"type":"question","id":"rJtmTZlIm","text":{"rType":"text","val":"Fat turns into muscle?"},"img":{"filt":{"opac":100,"gray":100,"blur":0,"tint":{"rgb":"#a28454","opac":0.7,"blendMode":"multiply"}},"pos":{"type":"crop","fit":{"bg":{"color":{"rgb":"#FFF","opac":100}},"vali":"center","hali":"center"},"crop":{"poi":{"x":508,"y":300}}},"measures":{"size":{"width":900,"height":600}},"orig":{"rType":"asset","rSubType":"image","fileName":"18.jpg","fileSize":99308,"val":"mc-eae3c251ba900e19c03de9e8c7a43a3c.jpg","aid":"8fLKTgEVE5"}}},"rylEaZl8X":{"type":"question","id":"rylEaZl8X","text":{"rType":"text","val":"Does water with sugar take away our muscular pains?"},"img":{"filt":{"opac":100,"gray":100,"blur":0,"tint":{"rgb":"#a28454","opac":0.7,"blendMode":"multiply"}},"pos":{"type":"crop","fit":{"bg":{"color":{"rgb":"#FFF","opac":100}},"vali":"center","hali":"center"},"crop":{"poi":{"x":389,"y":774}},"zoom":20},"measures":{"size":{"width":1080,"height":1350}},"orig":{"rType":"asset","rSubType":"image","fileName":"unsplash.jpg","fileSize":0,"val":"mc-63d08edf26e5cceb215db515cd7563bc.jpg","aid":"4KuAYEDlSf"}}},"Sk84pZxIm":{"type":"question","id":"Sk84pZxIm","text":{"rType":"text","val":"Do carbohydrates get fat?"},"img":{"filt":{"opac":100,"gray":100,"blur":0,"tint":{"rgb":"#a28454","opac":0.7,"blendMode":"multiply"}},"pos":{"type":"crop","fit":{"bg":{"color":{"rgb":"#FFF","opac":100}},"vali":"center","hali":"center"},"crop":{"poi":{"x":540,"y":570.5}}},"measures":{"size":{"width":1080,"height":1402}},"orig":{"rType":"asset","rSubType":"image","fileName":"unsplash.jpg","fileSize":0,"val":"mc-47b2fe1a9fb26a055041ef7406d59697.jpg","aid":"kIuSpC_wVM"}}},"BJffH_Q1S":{"type":"question","id":"BJffH_Q1S","text":{"rType":"text","val":"The more I sweat, the slimmer I get?"},"img":{"filt":{"opac":100,"gray":100,"blur":0,"tint":{"rgb":"#a28454","opac":0.7,"blendMode":"multiply"}},"pos":{"type":"crop","fit":{"bg":{"color":{"rgb":"#FFF","opac":100}},"vali":"center","hali":"center"},"crop":{"poi":{"x":552,"y":360}}},"measures":{"size":{"width":1080,"height":720}},"orig":{"rType":"asset","rSubType":"image","fileName":"unsplash.jpg","fileSize":0,"val":"mc-3ae1aa3d217272b420155243fa360bec.jpg","aid":"u5wkW6SSr6"}}}},"p":["rJtmTZlIm","rylEaZl8X","Sk84pZxIm","BJffH_Q1S"]}},"gamification":{"time":{"visible":true,"value":120},"points":{"visible":true,"value":5000}}}},"wIbpUHWTHq":{"id":"wIbpUHWTHq","type":"interactive","subtype":"interactiveRichText","setup":{"frmeTp":{"selectedKey":"noneFrame"},"bg":{"fill":{"opac":0.61,"rgb":"#835641"}},"txt":{"rType":"richtext","val":{"ops":[{"insert":"Games","attributes":{"color":"#ffffff"}},{"insert":"\n","attributes":{"size":"large"}},{"insert":". .","attributes":{"color":"#d0ccc2","bold":true}},{"insert":"\n","attributes":{"size":"huge"}},{"insert":"\n","attributes":{"size":"small"}},{"insert":"Swipe","attributes":{"color":"#ffffff"}},{"insert":"\n","attributes":{"size":"hugeTitle"}},{"insert":"\n","attributes":{"size":"large"}},{"insert":"Aenean luctus rhoncus lacus, nec consectetur magna suscipit et. Praesent sodales quam lorem, a viverra ex vulputate id. ","attributes":{"color":"#ffffff"}},{"insert":"\n","attributes":{"size":"normal"}}]}},"rType":"richtext","vali":"middle","hali":"","frmeColo":{"color":{"opac":1,"rgb":"#007199"}},"paddV1":20}}},"v":"1"}