{"i":{"Hy5sD4Ip-":{"id":"Hy5sD4Ip-","type":"slide","setup":{"bg":{"selectedKey":"fill","fill":{"opac":1,"rgb":"#FFF"}},"transparentBg":{"selectedKey":false},"bord":{"size":0,"rad":0}}},"ryr0kVsp-":{"id":"ryr0kVsp-","type":"interactive","subtype":"interactiveImage","setup":{"img":{"filt":{"opac":100,"gray":0,"blur":0,"tint":{"rgb":"#FFF","opac":0}},"pos":{"type":"fit","fit":{"bg":{"color":{"rgb":"#FFF","opac":100}},"vali":"center","hali":"center"},"crop":{"poi":{"x":307.5,"y":60}}},"measures":{"size":{"width":502,"height":122}},"orig":{"rType":"asset","rSubType":"image","fileName":"logo_magenta_vector.png","fileSize":27734,"val":"mc-858bc880039543c30342d76af1a1d544.png","aid":"hzC_jT0oJja"}}}},"By93vVIaW":{"id":"By93vVIaW","type":"interactive","subtype":"interactiveRichText","setup":{"bg":{"fill":{"opac":0.2,"rgb":"#FFF"}},"txt":{"rType":"richtext","val":{"ops":[{"insert":"Download","attributes":{"color":"#000000","bold":true}},{"insert":"\n","attributes":{"size":"large"}},{"insert":"\n","attributes":{"size":"small"}},{"insert":"By means of the ","attributes":{"color":"#666666"}},{"insert":"Download ","attributes":{"color":"#666666","bold":true}},{"insert":"element you can attach content to your course. ","attributes":{"color":"#666666"}},{"insert":"\n"},{"insert":"\n","attributes":{"size":"small"}},{"insert":"To configure it click on the ","attributes":{"color":"#666666"}},{"insert":"+","attributes":{"color":"#000000","bold":true}},{"insert":" button and select your file in the emerging window. You can use any type of content, although we recommend compressing your files into a .zip.","attributes":{"color":"#666666"}},{"insert":"\n"},{"insert":"\n","attributes":{"size":"small"}},{"insert":"To finish configuring your link you only have to introduce a title and configure the background of the element using a color or an image. ","attributes":{"color":"#666666"}},{"insert":"\n"},{"insert":"\n","attributes":{"size":"small"}},{"insert":"All the options and filters that you see on the image resource can also be applied to the background.","attributes":{"color":"#666666"}},{"insert":"\n"},{"insert":"\n","attributes":{"size":"small"}},{"insert":"To relate external content you can also use the ","attributes":{"color":"#666666"}},{"insert":"Download ","attributes":{"color":"#666666","italic":true}},{"insert":" element or the ","attributes":{"color":"#666666"}},{"insert":"Embed ","attributes":{"color":"#666666","italic":true}},{"insert":"element. ","attributes":{"color":"#666666"}},{"insert":"\n"}]}},"rType":"richtext","padd":51}},"Hy3AwVLab":{"id":"Hy3AwVLab","type":"interactive","subtype":"interactiveDownload","setup":{"bg":{"selectedKey":"image","fill":{"opac":0.8,"rgb":"#000"},"img":{"filt":{"opac":100,"gray":0,"blur":0,"tint":{"rgb":"#FFF","opac":0}},"pos":{"type":"crop","fit":{"bg":{"color":{"rgb":"#FFF","opac":100}},"vali":"center","hali":"center"},"crop":{"poi":{"x":1050,"y":450}}},"measures":{"size":{"width":1920,"height":900}},"orig":{"rType":"asset","rSubType":"image","fileName":"mc-3f0bdd7c4c16615c1abec58210e40596.jpg","fileSize":52996,"val":"mc-3f0bdd7c4c16615c1abec58210e40596.jpg","aid":"9PM_qHQhaog"}}},"file":{"orig":{"rType":"asset","rSubType":"application/x-zip-compressed","fileName":"images.zip","fileSize":322395,"val":"mc-220cae77cf08a8c848ad278650e854cb.zip","aid":"YJ2RgHPuhey"}},"title":{"rType":"text","val":"Branding  images examples"}}},"HJobeEsaW":{"id":"HJobeEsaW","type":"interactive","subtype":"interactiveDownload","setup":{"bg":{"selectedKey":"image","fill":{"opac":0.8,"rgb":"#8ccee7"},"img":{"filt":{"opac":100,"gray":0,"blur":0,"tint":{"rgb":"#ea661d","opac":0.8}},"pos":{"type":"crop","fit":{"bg":{"color":{"rgb":"#FFF","opac":100}},"vali":"center","hali":"center"},"crop":{"poi":{"x":691,"y":452.5}}},"measures":{"size":{"width":1358,"height":905}},"orig":{"rType":"asset","rSubType":"image","fileName":"Businessman_tablet_computer_-_free_image_from_istockphoto.jpg","fileSize":197704,"val":"mc-0b70f889425ffd6ab568813689bc8c30.jpg","aid":"0lgaCpU7S7P"}}},"title":{"rType":"text","val":"isEazy Covers"},"file":{"orig":{"rType":"asset","rSubType":"application/x-zip-compressed","fileName":"Covers.zip","fileSize":283029,"val":"mc-765a85cd35947f5264e74de85a127a84.zip","aid":"5BOD-iDh2jv"}}}}},"v":"1"}