{"i":{"cgu_VQd6G":{"id":"cgu_VQd6G","type":"slide","setup":{"transparentBg":{"selectedKey":false},"bord":{"size":0,"rad":0},"bg":{"selectedKey":"image","fill":{"opac":0,"rgb":"#000000"},"img":{"filt":{"opac":100,"gray":0,"blur":0,"tint":{"rgb":"#cebc0b","opac":0.05}},"pos":{"type":"crop","fit":{"bg":{"color":{"rgb":"#FFF","opac":100}},"vali":"center","hali":"center"},"crop":{"poi":{"x":517.5,"y":337.5}}},"measures":{"size":{"width":1200,"height":675}},"orig":{"rType":"asset","rSubType":"image","fileName":"bg.jpg","fileSize":118382,"val":"mc-abc71677f773083945c147e27b78f690.jpg","aid":"Wrofqm68mz"}}}}},"lmW_u0s7eA":{"id":"lmW_u0s7eA","type":"interactive","subtype":"interactiveRichText","setup":{"frmeTp":{"selectedKey":"noneFrame"},"bg":{"fill":{"opac":0,"rgb":"#2b2b2a"}},"txt":{"rType":"richtext","val":{"ops":[{"insert":"Exercise","attributes":{"color":"#cebc0b"}},{"insert":"\n","attributes":{"size":"medium"}},{"insert":" ","attributes":{"bold":true,"color":"#ffffff"}},{"insert":"\n","attributes":{"size":"small"}},{"insert":"Arrange","attributes":{"bold":true,"color":"#cccccc"}},{"insert":"\n","attributes":{"size":"huge"}},{"insert":"\n","attributes":{"size":"normal"}},{"insert":"Can you put the ideas in the right order?","attributes":{"color":"#cccccc"}},{"insert":"\n\n","attributes":{"size":"normal"}},{"insert":"Simply click on the arrows to move the answers up and down.","attributes":{"color":"#cccccc"}},{"insert":"\n","attributes":{"size":"normal"}}]}},"rType":"richtext","hali":"","vali":"middle","paddV1":20}},"5eFLLLfjKI":{"id":"5eFLLLfjKI","type":"interactive","subtype":"interactiveArrange","setup":{"cover":{"selectedKey":"image","img":{"filt":{"opac":100,"gray":0,"blur":0,"tint":{"rgb":"#FFF","opac":0}},"pos":{"type":"crop","fit":{"bg":{"color":{"rgb":"#FFF","opac":100}},"vali":"center","hali":"center"},"crop":{"bg":{"color":{"rgb":"#FFF","opac":0}},"poi":{"x":527,"y":1230}},"mask":{"shape":1}},"measures":{"size":{"width":1080,"height":1622}},"orig":{"rType":"asset","rSubType":"image","fileName":"unsplash.jpg","fileSize":0,"val":"mc-8b09c4f6dcf28c9abe78f9cf6e8b27e9.jpg","aid":"IvOX49uDgx"}}},"desc":{"rType":"text","tag":"p","val":"Iced coffee"},"statement":{"rType":"text","val":"How can you make an iced coffee?"},"img":{"filt":{"opac":100,"gray":0,"blur":0,"tint":{"rgb":"#FFF","opac":0}},"pos":{"type":"crop","fit":{"bg":{"color":{"rgb":"#FFF","opac":100}},"vali":"center","hali":"center"},"crop":{"bg":{"color":{"rgb":"#FFF","opac":0}},"poi":{"x":545,"y":1199}},"mask":{"shape":1}},"measures":{"size":{"width":1080,"height":1622}},"orig":{"rType":"asset","rSubType":"image","fileName":"unsplash.jpg","fileSize":0,"val":"mc-8b09c4f6dcf28c9abe78f9cf6e8b27e9.jpg","aid":"BdXAVlmra9"}},"answ":{"i":{"vjh3VFAzc":{"type":"answer","id":"vjh3VFAzc","text":{"val":"Prepare the espresso."}},"5R7BO8v-R":{"type":"answer","id":"5R7BO8v-R","text":{"val":"Chill it."}},"22cqN5F2_":{"type":"answer","id":"22cqN5F2_","text":{"val":"Blend it with sugar and ice."}},"pzwS74T3i":{"type":"answer","id":"pzwS74T3i","text":{"val":"Pour it into glasses."}},"yF6MrO5FI":{"type":"answer","id":"yF6MrO5FI","text":{"val":"Top it with whipped cream."}}},"p":["vjh3VFAzc","5R7BO8v-R","22cqN5F2_","pzwS74T3i","yF6MrO5FI"]}}}},"v":"1"}