{"i":{"8GrLU5aXq":{"id":"8GrLU5aXq","type":"slide","setup":{"bg":{"selectedKey":"image","fill":{"opac":1,"rgb":"#FFF"},"img":{"filt":{"opac":100,"gray":0,"blur":0,"tint":{"rgb":"#e50a4f","opac":0}},"pos":{"type":"crop","fit":{"bg":{"color":{"rgb":"#FFF","opac":100}},"vali":"center","hali":"center"},"crop":{"poi":{"x":532,"y":412},"bg":{"color":{"rgb":"#e50a4f","opac":0}}}},"measures":{"size":{"width":1080,"height":1425}},"orig":{"rType":"asset","rSubType":"image","fileName":"unsplash.jpg","fileSize":0,"val":"mc-d59ea53308c2ca80df8784c196a827cf.jpg","aid":"-bHjVc1uR"}}},"transparentBg":{"selectedKey":false},"frmeColo":{"color":{"opac":1,"rgb":"#666"}},"bord":{"size":0,"rad":0}}},"Mzh7GXe8xT":{"id":"Mzh7GXe8xT","type":"interactive","subtype":"interactiveRichText","setup":{"bg":{"fill":{"opac":0.7,"rgb":"#000000"}},"txt":{"rType":"richtext","val":{"ops":[{"insert":"Match exercise","attributes":{"color":"#ffffff"}},{"insert":"\n","attributes":{"size":"huge"}}]}},"rType":"richtext","hali":"center","vali":"middle","frmeTp":{"selectedKey":"noneFrame"}}}},"v":"1"}