{"i":{"nGaCB3-e7":{"id":"nGaCB3-e7","type":"slide","setup":{"bord":{"size":0,"rad":0},"bg":{"selectedKey":"fill","fill":{"opac":1,"rgb":"#ffffff"}},"transparentBg":{"selectedKey":false}}},"w4yo9_AkXb":{"id":"w4yo9_AkXb","type":"interactive","subtype":"interactiveMemory","setup":{"cover":{"selectedKey":"image","img":{"filt":{"opac":100,"gray":0,"blur":0,"tint":{"rgb":"#FFF","opac":0}},"pos":{"type":"crop","fit":{"bg":{"color":{"rgb":"#FFF","opac":100}},"vali":"center","hali":"center"},"crop":{"bg":{"color":{"rgb":"#FFF","opac":0}},"poi":{"x":550.5,"y":360.5}},"mask":{"shape":1},"zoom":49},"measures":{"size":{"width":1080,"height":721}},"orig":{"rType":"asset","rSubType":"image","fileName":"unsplash.jpg","fileSize":0,"val":"mc-4dd71536fca3e049a63ad13884e8f657.jpg","aid":"28pXKNTXeZ"}}},"cardCover":{"selectedKey":"image","fill":{"opac":0.3,"rgb":"#000"},"img":{"filt":{"opac":100,"gray":0,"blur":0,"tint":{"rgb":"#d72222","opac":0.54,"useGradient":true,"gradient":{"angle":0,"opac":0,"id":"ohCcGe5_R"}}},"pos":{"type":"crop","fit":{"bg":{"color":{"rgb":"#FFF","opac":100}},"vali":"center","hali":"center"},"crop":{"bg":{"color":{"rgb":"#FFF","opac":0}},"poi":{"x":2029,"y":865}},"mask":{"shape":1},"zoom":10},"measures":{"size":{"width":4001,"height":4001}},"orig":{"rType":"asset","rSubType":"image","fileName":"25233.jpg","fileSize":799128,"val":"mc-c19bd1f460a7519df09e400fcc0ebad3.jpg","aid":"zYR2B7oXEy"}}},"cardsPairs":{"i":{"As98b2-CW":{"type":"cardsPairs","id":"As98b2-CW","cardA":{"bg":{"selectedKey":"gradient","gradient":{"angle":0,"opac":1,"id":"ohCcGe5_R"}},"style":{"selectedKey":"overlapping"},"boxColor":{"fill":{"opac":0,"rgb":"#000"}},"text":{"rType":"text","val":"\nनमस्ते\nnamaste"}},"cardB":{"bg":{"selectedKey":"gradient","gradient":{"angle":0,"opac":1,"id":"ohCcGe5_R"}},"style":{"selectedKey":"overlapping"},"boxColor":{"fill":{"opac":0,"rgb":"#000"}},"text":{"rType":"text","val":"Hindi"}}},"VyS1AeyUc":{"type":"cardsPairs","id":"VyS1AeyUc","cardA":{"bg":{"selectedKey":"gradient","gradient":{"angle":0,"opac":1,"id":"ohCcGe5_R"}},"style":{"selectedKey":"overlapping"},"boxColor":{"fill":{"opac":0,"rgb":"#000"}},"text":{"rType":"text","val":"Hola"}},"cardB":{"bg":{"selectedKey":"gradient","gradient":{"angle":0,"opac":1,"id":"ohCcGe5_R"}},"style":{"selectedKey":"overlapping"},"boxColor":{"fill":{"opac":0,"rgb":"#000"}},"text":{"rType":"text","val":"Spanish"}}},"hSDSZtG_0":{"type":"cardsPairs","id":"hSDSZtG_0","cardA":{"bg":{"selectedKey":"gradient","gradient":{"angle":0,"opac":1,"id":"ohCcGe5_R"}},"style":{"selectedKey":"overlapping"},"boxColor":{"fill":{"opac":0,"rgb":"#000"}},"text":{"rType":"text","val":"Ciao"}},"cardB":{"bg":{"selectedKey":"gradient","gradient":{"angle":0,"opac":1,"id":"ohCcGe5_R"}},"style":{"selectedKey":"overlapping"},"boxColor":{"fill":{"opac":0,"rgb":"#000"}},"text":{"rType":"text","val":"Italian"}}},"wX3O7kYHJ":{"type":"cardsPairs","id":"wX3O7kYHJ","cardA":{"bg":{"selectedKey":"gradient","gradient":{"angle":0,"opac":1,"id":"ohCcGe5_R"}},"style":{"selectedKey":"overlapping"},"boxColor":{"fill":{"opac":0,"rgb":"#000"}},"text":{"rType":"text","val":"Hello"}},"cardB":{"bg":{"selectedKey":"gradient","gradient":{"angle":0,"opac":1,"id":"ohCcGe5_R"}},"style":{"selectedKey":"overlapping"},"boxColor":{"fill":{"opac":0,"rgb":"#000"}},"text":{"rType":"text","val":"English"}}},"tQx1o1HSP":{"type":"cardsPairs","id":"tQx1o1HSP","cardA":{"bg":{"selectedKey":"gradient","gradient":{"angle":0,"opac":1,"id":"ohCcGe5_R"}},"style":{"selectedKey":"overlapping"},"boxColor":{"fill":{"opac":0,"rgb":"#000"}},"text":{"rType":"text","val":"Olá"}},"cardB":{"bg":{"selectedKey":"gradient","gradient":{"angle":0,"opac":1,"id":"ohCcGe5_R"}},"style":{"selectedKey":"overlapping"},"boxColor":{"fill":{"opac":0,"rgb":"#000"}},"text":{"rType":"text","val":"Portuguese"}}},"j0k6RCRUPa":{"type":"cardsPairs","id":"j0k6RCRUPa","cardA":{"bg":{"selectedKey":"gradient","gradient":{"angle":0,"opac":1,"id":"ohCcGe5_R"}},"style":{"selectedKey":"overlapping"},"boxColor":{"fill":{"opac":0,"rgb":"#000"}},"text":{"rType":"text","val":"Hallo"}},"cardB":{"bg":{"selectedKey":"gradient","gradient":{"angle":0,"opac":1,"id":"ohCcGe5_R"}},"style":{"selectedKey":"overlapping"},"boxColor":{"fill":{"opac":0,"rgb":"#000"}},"text":{"rType":"text","val":"German"}}},"lSVKhi-Dl":{"type":"cardsPairs","id":"lSVKhi-Dl","cardA":{"bg":{"selectedKey":"gradient","gradient":{"angle":0,"opac":1,"id":"ohCcGe5_R"}},"style":{"selectedKey":"overlapping"},"boxColor":{"fill":{"opac":0,"rgb":"#000"}},"text":{"rType":"text","val":"Χαίρετε"}},"cardB":{"bg":{"selectedKey":"gradient","gradient":{"angle":0,"opac":1,"id":"ohCcGe5_R"}},"style":{"selectedKey":"overlapping"},"boxColor":{"fill":{"opac":0,"rgb":"#000"}},"text":{"rType":"text","val":"Greek"}}},"Alc6QQCPG":{"type":"cardsPairs","id":"Alc6QQCPG","cardA":{"bg":{"selectedKey":"gradient","gradient":{"angle":0,"opac":1,"id":"ohCcGe5_R"}},"style":{"selectedKey":"overlapping"},"boxColor":{"fill":{"opac":0,"rgb":"#000"}},"text":{"rType":"text","val":"こんにちは\nKon'nichi\nwa"}},"cardB":{"bg":{"selectedKey":"gradient","gradient":{"angle":0,"opac":1,"id":"ohCcGe5_R"}},"style":{"selectedKey":"overlapping"},"boxColor":{"fill":{"opac":0,"rgb":"#000"}},"text":{"rType":"text","val":"Japanese"}}},"THICwAPot":{"type":"cardsPairs","id":"THICwAPot","cardA":{"bg":{"selectedKey":"gradient","gradient":{"angle":0,"opac":1,"id":"ohCcGe5_R"}},"style":{"selectedKey":"overlapping"},"boxColor":{"fill":{"opac":0,"rgb":"#000"}},"text":{"rType":"text","val":"\n你好\nNǐ hǎo"}},"cardB":{"bg":{"selectedKey":"gradient","gradient":{"angle":0,"opac":1,"id":"ohCcGe5_R"}},"style":{"selectedKey":"overlapping"},"boxColor":{"fill":{"opac":0,"rgb":"#000"}},"text":{"rType":"text","val":"Chinese"}}}},"p":["wX3O7kYHJ","VyS1AeyUc","hSDSZtG_0","lSVKhi-Dl","j0k6RCRUPa","tQx1o1HSP","As98b2-CW","THICwAPot","Alc6QQCPG"]},"desc":{"rType":"text","val":"How many languages can you say 'Hello' in?"}}}},"v":"1"}