{"i":{"HJWPmYqYUG":{"id":"HJWPmYqYUG","type":"slide","setup":{"transparentBg":{"selectedKey":false},"bord":{"size":0,"rad":0},"bg":{"selectedKey":"fill","fill":{"opac":1,"rgb":"#8ccee7"},"img":{"filt":{"opac":100,"gray":0,"blur":0,"tint":{"rgb":"#FFF","opac":0}},"pos":{"type":"crop","fit":{"bg":{"color":{"rgb":"#FFF","opac":100}},"vali":"center","hali":"center"},"crop":{"poi":{"orig":{"x":50,"y":50},"cust":{"x":50,"y":50}}}}}}}},"Hk5AA3t8M":{"id":"Hk5AA3t8M","type":"interactive","subtype":"interactiveVideo","setup":{"cover":{"selectedKey":"image","img":{"filt":{"opac":100,"gray":0,"blur":0,"tint":{"rgb":"#FFF","opac":0}},"pos":{"type":"crop","fit":{"bg":{"color":{"rgb":"#FFF","opac":100}},"vali":"center","hali":"center"},"crop":{"poi":{"x":544,"y":318.5}}},"measures":{"size":{"width":1136,"height":638}},"orig":{"rType":"asset","rSubType":"image","fileName":"vid_cover.jpg","fileSize":186156,"val":"mc-2a031dcf832820e7979a05d2f27afd05.jpg","aid":"AQZo9rj32VH"}}},"video":{"orig":{"rType":"asset","rSubType":"video","fileName":"722729304.mp4","fileSize":1780216,"val":"mc-585a769f460427bad91dc0a25557d105.mp4","aid":"JAc3hfsusVz"}},"controls":{"selectedKey":true},"autoplay":{"selectedKey":true}}}},"v":"1"}