{"i":{"B1nYA-8pW":{"id":"B1nYA-8pW","type":"slide","setup":{"transparentBg":{"selectedKey":false},"bord":{"size":0,"rad":0},"bg":{"selectedKey":"fill","fill":{"opac":1,"rgb":"#FFF"}}}},"BJvqAbIab":{"id":"BJvqAbIab","type":"interactive","subtype":"interactiveRichText","setup":{"bg":{"fill":{"opac":0.2,"rgb":"#FFF"}},"txt":{"rType":"richtext","val":{"ops":[{"insert":"\n"}]}},"rType":"richtext","vali":"bottom"}},"HJQpHjKUz":{"id":"HJQpHjKUz","type":"interactive","subtype":"interactiveImage","setup":{"img":{"filt":{"opac":100,"gray":0,"blur":0,"tint":{"rgb":"#FFF","opac":0}},"pos":{"type":"crop","fit":{"bg":{"color":{"rgb":"#FFF","opac":100}},"vali":"center","hali":"center"},"crop":{"poi":{"x":252,"y":270}}},"measures":{"size":{"width":480,"height":540}},"orig":{"rType":"asset","rSubType":"image","fileName":"aspectos_generales.jpg","fileSize":8947,"val":"mc-a79a434b79307a5ca054e720d8583d5e.jpg","aid":"UJ4LxkrIw_"}}}},"BJfh0-8TW":{"id":"BJfh0-8TW","type":"interactive","subtype":"interactiveRichText","setup":{"bg":{"fill":{"opac":0.2,"rgb":"#FFF"}},"txt":{"rType":"richtext","val":{"ops":[{"insert":"General aspects ","attributes":{"color":"#000000","bold":true}},{"insert":"\n","attributes":{"size":"large"}},{"insert":"of the tool","attributes":{"color":"#000000","bold":true}},{"insert":"\n","attributes":{"size":"large"}},{"insert":"\n","attributes":{"size":"medium"}},{"insert":"We have created a very user-friendly interface where you will easily find all you are looking for. ","attributes":{"color":"#999999"}},{"insert":"\n\n","attributes":{"size":"normal"}},{"insert":"Nevertheless, we believe we should highlight the most important elements of the tool.","attributes":{"color":"#999999"}},{"insert":"\n","attributes":{"size":"normal"}},{"insert":"\n","attributes":{"size":"large"}}]}},"rType":"richtext","hali":"left","vali":"middle","padd":72,"frmeTp":{"selectedKey":"noneFrame"},"frmeColo":{"color":{"opac":1,"rgb":"#666"}}}}},"v":"1"}