{"i":{"oS2BP3233":{"id":"oS2BP3233","type":"slide","setup":{"bord":{"size":6,"rad":0},"bg":{"selectedKey":"image","fill":{"opac":1,"rgb":"#e50a4f"},"img":{"filt":{"opac":50,"gray":0,"blur":0,"tint":{"rgb":"#FFF","opac":0,"useGradient":true,"gradient":{"angle":315,"opac":0,"stops":[{"color":"#EB1C79","pos":0},{"color":"#630ba6","pos":100}]}}},"pos":{"type":"crop","fit":{"bg":{"color":{"rgb":"#FFF","opac":100}},"vali":"center","hali":"center"},"crop":{"poi":{"x":540,"y":437.5}}},"measures":{"size":{"width":1080,"height":816}},"orig":{"rType":"asset","rSubType":"image","fileName":"mc-316393d2c7f272f1ef64fc87317602ea.jpg","fileSize":197848,"val":"mc-cdfcf95d44f08b8efe52429b3790c913.jpg","aid":"q4y-OIKxi"}},"gradient":{"angle":0,"opac":1,"stops":[{"color":"#000000","pos":0},{"color":"#000000","pos":100}]}},"transparentBg":{"selectedKey":false}}},"3NHwLCO6lH":{"id":"3NHwLCO6lH","type":"interactive","subtype":"interactiveCard","setup":{"animation":{"selectedKey":"up"},"front":{"selectedKey":"image","fill":{"opac":1,"rgb":"#FFF"},"img":{"filt":{"opac":100,"gray":0,"blur":0,"tint":{"rgb":"#FFF","opac":0}},"pos":{"type":"crop","fit":{"bg":{"color":{"rgb":"#FFF","opac":100}},"vali":"center","hali":"center"},"crop":{"poi":{"x":205,"y":186}}},"measures":{"size":{"width":400,"height":400}},"orig":{"rType":"asset","rSubType":"image","fileName":"contact4.jpg","fileSize":56339,"val":"mc-865a7ae06956101f26c7c0d45ab33df8.jpg","aid":"oR_JXiBYM0"}}},"back":{"selectedKey":"fill","fill":{"opac":0.4,"rgb":"#000000"},"txt":{"rType":"richtext","val":{"ops":[{"insert":"10 Camille Roy","attributes":{"color":"#ffffff"}},{"insert":"\n","attributes":{"size":"medium"}},{"insert":"69007 Lyon (France)","attributes":{"color":"#ffffff"}},{"insert":"\n\n","attributes":{"size":"medium"}},{"insert":"(+34) 902 532 004","attributes":{"color":"#ffffff"}},{"insert":"\n","attributes":{"size":"medium"}}]}},"rType":"richtext","hali":"center","vali":"middle"}}},"PohSAhH7fu":{"id":"PohSAhH7fu","type":"interactive","subtype":"interactiveCard","setup":{"animation":{"selectedKey":"up"},"front":{"selectedKey":"image","fill":{"opac":1,"rgb":"#FFF"},"img":{"filt":{"opac":100,"gray":0,"blur":0,"tint":{"rgb":"#FFF","opac":0}},"pos":{"type":"crop","fit":{"bg":{"color":{"rgb":"#FFF","opac":100}},"vali":"center","hali":"center"},"crop":{"poi":{"x":206,"y":192}}},"measures":{"size":{"width":400,"height":400}},"orig":{"rType":"asset","rSubType":"image","fileName":"contact2.jpg","fileSize":72206,"val":"mc-fd564c700db816369fab34de15e3664c.jpg","aid":"QwYpJ5PzRQ"}}},"back":{"selectedKey":"fill","fill":{"opac":0.4,"rgb":"#000000"},"txt":{"rType":"richtext","val":{"ops":[{"insert":"C/ Avinguda Josep Tarradellas, 38","attributes":{"color":"#ffffff"}},{"insert":"\n","attributes":{"size":"medium"}},{"insert":"08029, Barcelona (Spain)","attributes":{"color":"#ffffff"}},{"insert":"\n\n","attributes":{"size":"medium"}},{"insert":"(+34) 902 532 004","attributes":{"color":"#ffffff"}},{"insert":"\n","attributes":{"size":"medium"}}]}},"rType":"richtext","hali":"center","vali":"middle"}}},"QCgscoAw1m":{"id":"QCgscoAw1m","type":"interactive","subtype":"interactiveCard","setup":{"animation":{"selectedKey":"up"},"front":{"selectedKey":"image","fill":{"opac":1,"rgb":"#FFF"},"img":{"filt":{"opac":100,"gray":0,"blur":0,"tint":{"rgb":"#FFF","opac":0}},"pos":{"type":"crop","fit":{"bg":{"color":{"rgb":"#FFF","opac":100}},"vali":"center","hali":"center"},"crop":{"poi":{"x":197,"y":200}}},"measures":{"size":{"width":400,"height":400}},"orig":{"rType":"asset","rSubType":"image","fileName":"contact3.jpg","fileSize":40794,"val":"mc-5afb8e5455390fbb6cf28540a16bf8bd.jpg","aid":"NX6TBJsUqK"}}},"back":{"selectedKey":"fill","fill":{"opac":0.4,"rgb":"#000000"},"txt":{"rType":"richtext","val":{"ops":[{"insert":"Enrique Ibsen # 51, Polanco V ","attributes":{"color":"#ffffff"}},{"insert":"\n","attributes":{"size":"medium"}},{"insert":"Sección 11560, México City (México)","attributes":{"color":"#ffffff"}},{"insert":"\n\n","attributes":{"size":"medium"}},{"insert":"044 55 54518407","attributes":{"color":"#ffffff"}},{"insert":"\n","attributes":{"size":"medium"}}]}},"rType":"richtext","hali":"center","vali":"middle"}}},"mhn0cdbMnD":{"id":"mhn0cdbMnD","type":"interactive","subtype":"interactiveCard","setup":{"animation":{"selectedKey":"up"},"front":{"selectedKey":"image","fill":{"opac":1,"rgb":"#FFF"},"img":{"filt":{"opac":100,"gray":0,"blur":0,"tint":{"rgb":"#FFF","opac":0}},"pos":{"type":"crop","fit":{"bg":{"color":{"rgb":"#FFF","opac":1}},"vali":"center","hali":"center"},"crop":{"poi":{"x":202,"y":188}}},"measures":{"size":{"width":400,"height":400}},"orig":{"rType":"asset","rSubType":"image","fileName":"contact1.jpg","fileSize":67190,"val":"mc-02f86d0a4cb35e057db2e563fdbc3d89.jpg","aid":"nTH5vjiium"}}},"back":{"selectedKey":"fill","fill":{"opac":0.4,"rgb":"#000000"},"txt":{"rType":"richtext","val":{"ops":[{"insert":"C/ Marqués de Monteagudo, 22","attributes":{"color":"#ffffff"}},{"insert":"\n","attributes":{"size":"medium"}},{"insert":"28028, Madrid (Spain)","attributes":{"color":"#ffffff"}},{"insert":"\n\n","attributes":{"size":"medium"}},{"insert":"(+34) 902 532 004","attributes":{"color":"#ffffff"}},{"insert":"\n","attributes":{"size":"medium"}}]}},"rType":"richtext","hali":"center","vali":"middle","img":{"filt":{"opac":100,"gray":0,"blur":0,"tint":{"rgb":"#FFF","opac":0}},"pos":{"type":"crop","fit":{"bg":{"color":{"rgb":"#FFF","opac":100}},"vali":"center","hali":"center"},"crop":{"poi":{"orig":{"x":50,"y":50},"cust":{"x":50,"y":50}}}}}}}}},"v":"1"}