{"i":{"rkl-FE9IOM":{"id":"rkl-FE9IOM","type":"slide","setup":{"bord":{"size":15,"rad":0},"bg":{"selectedKey":"image","fill":{"opac":1,"rgb":"#FFF"},"img":{"filt":{"opac":100,"gray":0,"blur":0,"tint":{"rgb":"#FFF","opac":0}},"pos":{"type":"crop","fit":{"bg":{"color":{"rgb":"#FFF","opac":100}},"vali":"center","hali":"center"},"crop":{"poi":{"x":577.5,"y":337.5}}},"measures":{"size":{"width":1200,"height":675}},"orig":{"rType":"asset","rSubType":"image","fileName":"3.7-voice.png","fileSize":247638,"val":"mc-c1a87d470282454dc27efe5196d69da0.png","aid":"M62QjrOkF-J"}}},"presenter":{"audio":{"selectedKey":"file","file":{"orig":{"rType":"asset","rSubType":"audio","fileName":"voice_over.mp3","fileSize":110804,"val":"mc-c643e966205cc34f4531d6469af0d0f4.mp3","aid":"KSu-Y78swBY"}}},"subtitles":{"rType":"text","val":"Why is Emotional Intelligence important to build effective teams? \nWhat are the core components of Emotional Intelligence?\nWhat are the strategies for improving Emotional Intelligence?"}},"transparentBg":{"selectedKey":false}}},"Hynvjc8uf":{"id":"Hynvjc8uf","type":"interactive","subtype":"interactiveRichText","setup":{"bg":{"fill":{"opac":0.8,"rgb":"#009688"}},"txt":{"rType":"richtext","val":{"ops":[{"insert":"Voice-over","attributes":{"bold":true,"color":"#ffffff"}},{"insert":"\n","attributes":{"size":"large"}},{"insert":"\n"},{"insert":"You can add a voice-over to each slide of your course. This audio will be an introduction to your content as it will be played automatically when you enter the slide.","attributes":{"color":"#ffffff"}},{"insert":"\n\n","attributes":{"size":"normal"}},{"insert":"You can also add subtitles, which we strongly recommend.","attributes":{"color":"#ffffff"}},{"insert":"\n\n","attributes":{"size":"normal"}},{"insert":"Besides, you can decide to enable interactions with the elements of the slide while it is playing.","attributes":{"color":"#ffffff"}},{"insert":"\n","attributes":{"size":"normal"}}]}},"rType":"richtext","vali":"middle","hali":"left","padd":31,"frmeTp":{"selectedKey":"noneFrame"}}},"Hkbwn5I_M":{"id":"Hkbwn5I_M","type":"interactive","subtype":"interactiveImage","setup":{"img":{"filt":{"opac":100,"gray":0,"blur":0,"tint":{"rgb":"#FFF","opac":0}},"pos":{"type":"fit","fit":{"bg":{"color":{"rgb":"#FFF","opac":0}},"vali":"center","hali":"left"},"crop":{"poi":{"x":135.5,"y":297}}},"measures":{"size":{"width":330,"height":595}},"orig":{"rType":"asset","rSubType":"image","fileName":"3.7-voice2.jpg","fileSize":53030,"val":"mc-1f4c27f517fbb30ec180ae6f7f57262d.jpg","aid":"24e6zlxOrXx"}}}}},"v":"1"}