{"i":{"SJDexM8pZ":{"id":"SJDexM8pZ","type":"slide","setup":{"transparentBg":{"selectedKey":false},"bord":{"size":0,"rad":0},"bg":{"selectedKey":"fill","fill":{"opac":1,"rgb":"#FFF"},"img":{"filt":{"opac":100,"gray":0,"blur":0,"tint":{"rgb":"#FFF","opac":0}},"pos":{"type":"crop","fit":{"bg":{"color":{"rgb":"#FFF","opac":100}},"vali":"center","hali":"center"},"crop":{"poi":{"orig":{"x":50,"y":50},"cust":{"x":50,"y":50}}}}}}}},"rkPZUNoTb":{"id":"rkPZUNoTb","type":"interactive","subtype":"interactiveCard","setup":{"front":{"selectedKey":"image","fill":{"opac":1,"rgb":"#FFF"},"img":{"filt":{"opac":100,"gray":0,"blur":0,"tint":{"rgb":"#FFF","opac":0}},"pos":{"type":"fit","fit":{"bg":{"color":{"rgb":"#e50a4f","opac":100}},"vali":"center","hali":"center"},"crop":{"poi":{"x":474.5,"y":329.5}}},"measures":{"size":{"width":1060,"height":660}},"orig":{"rType":"asset","rSubType":"image","fileName":"slideshow_3_mini.png","fileSize":162497,"val":"mc-89caa462cb43b72defe15ea1e7782992.png","aid":"2Ha7uk0_xL"}},"rType":"richtext","vali":"bottom","txt":{"rType":"richtext","val":{"ops":[{"attributes":{"color":"#ffffff"},"insert":"Multidevice"},{"insert":"\n","attributes":{"size":"huge"}}]}},"hali":"center"},"back":{"selectedKey":"image","fill":{"opac":1,"rgb":"#e50a4f"},"img":{"filt":{"opac":100,"gray":0,"blur":0,"tint":{"rgb":"#FFF","opac":0}},"pos":{"type":"fit","fit":{"bg":{"color":{"rgb":"#e50a4f","opac":100}},"vali":"center","hali":"center"},"crop":{"poi":{"x":557.5,"y":316}}},"measures":{"size":{"width":1017,"height":632}},"orig":{"rType":"asset","rSubType":"image","fileName":"slideshow3b.png","fileSize":99104,"val":"mc-3dd56728e7f15a5ea4e4e3c57176c02e.png","aid":"7JStYSHvYI"}}},"animation":{"selectedKey":"up"}}},"SJW-eGUaZ":{"id":"SJW-eGUaZ","type":"interactive","subtype":"interactiveRichText","setup":{"bg":{"fill":{"opac":0.2,"rgb":"#FFF"}},"txt":{"rType":"richtext","val":{"ops":[{"insert":"Adaptation to multi-device","attributes":{"color":"#000000","bold":true}},{"insert":"\n","attributes":{"size":"large"}},{"insert":"\n"},{"insert":"The ","attributes":{"color":"#999999"}},{"insert":"isEazy Author","attributes":{"color":"#666666","bold":true}},{"insert":" content is designed for being adapted to different devices (PC, Smartphone and tablet), offering the best experience of possible use in each case. In addition, you can use ","attributes":{"color":"#999999"}},{"insert":"Preview","attributes":{"color":"#666666","bold":true}},{"insert":" to see how your content is and make the necessary adjustments for optimum results.","attributes":{"color":"#999999"}},{"insert":"\n\n"},{"insert":"The course shows specific behavior for smartphones. According to the use of the device,  two different behaviors are shown: ","attributes":{"color":"#999999"}},{"insert":"Horizontal & Vertical","attributes":{"color":"#666666","bold":true}},{"insert":".","attributes":{"color":"#999999"}},{"insert":"\n\n"}]}},"rType":"richtext","vali":"middle","padd":62,"frmeTp":{"selectedKey":"noneFrame"}}}},"v":"1"}