{"i":{"B1QuD9LOf":{"id":"B1QuD9LOf","type":"slide","setup":{"transparentBg":{"selectedKey":false},"bg":{"img":{"filt":{"opac":100,"gray":0,"blur":0,"tint":{"rgb":"#dddddd","opac":0.48}},"pos":{"type":"crop","fit":{"bg":{"color":{"rgb":"#FFF","opac":100}},"vali":"center","hali":"center"},"crop":{"poi":{"x":517.5,"y":337.5}}},"measures":{"size":{"width":1200,"height":675}},"orig":{"rType":"asset","rSubType":"image","fileName":"text.jpg","fileSize":56126,"val":"mc-fcffb41ab0a3e740a58be3c5284d7032.jpg","aid":"2CwrNrwPMKu"}},"selectedKey":"image","fill":{"opac":1,"rgb":"#FFF"}},"bord":{"size":0,"rad":0}}},"HyLcw5LdG":{"id":"HyLcw5LdG","type":"interactive","subtype":"interactiveRichText","setup":{"bg":{"fill":{"opac":0,"rgb":"#000000"}},"txt":{"rType":"richtext","val":{"ops":[{"insert":"","attributes":{"color":"#e50a4f"}},{"insert":"\n","attributes":{"size":"large"}},{"insert":"\n","attributes":{"size":"small"}},{"insert":"It is one of the basic elements on the slide. ","attributes":{"color":"#000000"}},{"insert":"\n","attributes":{"size":"medium"}},{"insert":"We have created a","attributes":{"color":"#000000"}},{"insert":" ","attributes":{"color":"#ffffff"}},{"insert":"simple text editor","attributes":{"bold":true,"color":"#e50a4f"}},{"insert":" that allows you to focus on the content.","attributes":{"color":"#000000"}},{"insert":"\n","attributes":{"size":"medium"}}]}},"rType":"richtext","hali":"center","vali":"top","padd":51}},"H1yf_q8OM":{"id":"H1yf_q8OM","type":"interactive","subtype":"interactiveImage","setup":{"img":{"filt":{"opac":100,"gray":0,"blur":0,"tint":{"rgb":"#FFF","opac":0}},"pos":{"type":"fit","fit":{"bg":{"color":{"rgb":"#FFF","opac":0}},"vali":"top","hali":"center"},"crop":{"poi":{"x":300,"y":135}}},"measures":{"size":{"width":480,"height":270}},"orig":{"rType":"asset","rSubType":"image","fileName":"mc-4fcb3e6a94d348c2d97ddecc344e77ab.png","fileSize":18480,"val":"mc-984e42eb71069df58c8ac46f8260e371.png","aid":"OPcpRaNhO6T"}}}},"rJgTD5L_f":{"id":"rJgTD5L_f","type":"interactive","subtype":"interactiveRichText","setup":{"bg":{"fill":{"opac":0.7,"rgb":"#000000"}},"txt":{"rType":"richtext","val":{"ops":[{"insert":"A toolbar will appear on the text editor with the following formatting options: ","attributes":{"color":"#ffffff"}},{"insert":"\n","attributes":{"size":"normal"}},{"insert":"Bold, italic and underline","attributes":{"color":"#ffffff"}},{"insert":"\n","attributes":{"size":"normal","list":"bullet"}},{"insert":"Text color","attributes":{"color":"#ffffff"}},{"insert":"\n","attributes":{"size":"normal","list":"bullet"}},{"insert":"Underline color","attributes":{"color":"#ffffff"}},{"insert":"\n","attributes":{"size":"normal","list":"bullet"}},{"insert":"Text alignment","attributes":{"color":"#ffffff"}},{"insert":"\n","attributes":{"size":"normal","list":"bullet"}},{"insert":"Lists","attributes":{"color":"#ffffff"}},{"insert":"\n","attributes":{"size":"normal","list":"bullet"}},{"insert":"Margins","attributes":{"color":"#ffffff"}},{"insert":"\n","attributes":{"size":"normal","list":"bullet"}},{"insert":"Text size","attributes":{"color":"#ffffff"}},{"insert":"\n","attributes":{"size":"normal","list":"bullet"}},{"insert":"Links","attributes":{"color":"#ffffff","background":"initial"}},{"insert":"\n","attributes":{"size":"normal","list":"bullet"}},{"insert":"Icons","attributes":{"color":"#ffffff","background":"initial"}},{"insert":"\n","attributes":{"size":"normal","list":"bullet"}},{"attributes":{"color":"#ffffff","background":"initial"},"insert":"Math typesetting library"},{"insert":"\n","attributes":{"size":"normal","list":"bullet"}},{"insert":"We recommend that you do not use large amounts of text on your slide.","attributes":{"color":"#ffffff"}},{"insert":"\n","attributes":{"size":"normal"}},{"insert":"\n","attributes":{"size":"small"}},{"insert":"Try to separate your content onto different slides so that your course/presentation is easier to digest.","attributes":{"color":"#ffffff"}},{"insert":"\n","attributes":{"size":"normal"}}]}},"rType":"richtext","vali":"middle","padd":59,"frmeTp":{"selectedKey":"noneFrame"}}}},"v":"1"}