{"i":{"SkQ7BrUTW":{"id":"SkQ7BrUTW","type":"slide","setup":{"bord":{"size":0,"rad":0},"bg":{"selectedKey":"image","fill":{"opac":1,"rgb":"#FFF"},"img":{"filt":{"opac":100,"gray":0,"blur":0,"tint":{"rgb":"#FFF","opac":0}},"pos":{"type":"crop","fit":{"bg":{"color":{"rgb":"#FFF","opac":100}},"vali":"center","hali":"center"},"crop":{"poi":{"x":637,"y":309.5}}},"measures":{"size":{"width":1100,"height":619}},"orig":{"rType":"asset","rSubType":"image","fileName":"gallery_img.jpg","fileSize":164786,"val":"mc-355a22ea620ec51a7483a60904f6fa23.jpg","aid":"CSdUE63IC5Q"}}},"frmeColo":{"color":{"opac":1,"rgb":"#666"}},"transparentBg":{"selectedKey":false}}},"rktqzYLeQ":{"id":"rktqzYLeQ","type":"interactive","subtype":"interactiveRichText","setup":{"frmeTp":{"selectedKey":"noneFrame"},"bg":{"fill":{"opac":0.2,"rgb":"#FFF"}}}},"HkcXSSIpb":{"id":"HkcXSSIpb","type":"interactive","subtype":"interactiveRichText","setup":{"bg":{"fill":{"opac":0.91,"rgb":"#ffffff"}},"txt":{"rType":"richtext","val":{"ops":[{"insert":"This element can help you to explain processes step by step, or for grouping a series of images related to each other. Easily create a gallery of images and accompany it with texts if you want.\n"},{"insert":"\n","attributes":{"size":"small"}},{"insert":"There is no limit for the amount of elements allowed, but to facilitate usage, we recommend not including more than 10 elements. If you use more elements than those which can be shown together in the lower indicator, these will be paginated as you progress through the gallery.\n"},{"insert":"\n","attributes":{"size":"small"}},{"insert":"Style","attributes":{"color":"#000000","bold":true}},{"insert":"\n","attributes":{"size":"medium"}},{"insert":"You have three different gallery styles designed to make the text stand out more or less with respect to the image: \n"},{"insert":"Footer text","attributes":{"bold":true}},{"insert":"\n","attributes":{"list":"bullet"}},{"insert":"Panelling","attributes":{"bold":true}},{"insert":"\n","attributes":{"list":"bullet"}},{"insert":"Overlap","attributes":{"bold":true}},{"insert":"\n","attributes":{"list":"bullet"}}]}},"rType":"richtext","padd":46,"vali":"middle","frmeTp":{"selectedKey":"noneFrame"},"frmeColo":{"color":{"opac":1,"rgb":"#666"}}}},"Sks9MtLgX":{"id":"Sks9MtLgX","type":"interactive","subtype":"interactiveRichText","setup":{"frmeTp":{"selectedKey":"noneFrame"},"bg":{"fill":{"opac":0.2,"rgb":"#FFF"}}}}},"v":"1"}