{"i":{"SyELFrIpb":{"id":"SyELFrIpb","type":"slide","setup":{"transparentBg":{"selectedKey":false},"bord":{"size":0,"rad":0},"bg":{"selectedKey":"fill","fill":{"opac":1,"rgb":"#FFF"}}}},"HktOKH8pW":{"id":"HktOKH8pW","type":"interactive","subtype":"interactiveEmbed","setup":{"embed":{"url":"https://vimeo.com/234317627","iframeUrl":"//cdn.iframe.ly/api/iframe?url=https%3A%2F%2Fvimeo.com%2F234317627&amp;key=7ad3e8783279bdbd7573dd1281baf0fb","service":"Vimeo","thumbnail":"http://i.vimeocdn.com/video/655870104_640.jpg"}}},"ByS9tSLp-":{"id":"ByS9tSLp-","type":"interactive","subtype":"interactiveRichText","setup":{"bg":{"fill":{"opac":0.67,"rgb":"#dddddd"}},"txt":{"rType":"richtext","val":{"ops":[{"insert":"Considerations - Availability of the content","attributes":{"color":"#000000","bold":true}},{"insert":"\n\n","attributes":{"size":"small"}},{"insert":"The embed element is extremely versatile and useful, but it always has to be used with precaution."},{"insert":"\n\n","attributes":{"size":"small"}},{"insert":"Take into account that this type of element is not housed in the isEazy servers and therefore "},{"insert":"we cannot guarantee they are always available","attributes":{"color":"#333333","bold":true}},{"insert":". Each content supplier has its own policy for managing content. For example, it could happen that YouTube deletes some content because it does not comply with copyrights."},{"insert":"\n","attributes":{"size":"small"}}]}},"rType":"richtext","padd":38}},"BJKItB8Tb":{"id":"BJKItB8Tb","type":"interactive","subtype":"interactiveRichText","setup":{"bg":{"fill":{"opac":0.2,"rgb":"#FFF"}},"txt":{"rType":"richtext","val":{"ops":[{"insert":"Embed","attributes":{"bold":true,"color":"#000000"}},{"insert":"\n\n","attributes":{"size":"large"}},{"insert":"The interactive embed allows you to use third-party content or material that you have produced in other platforms like ","attributes":{"color":"#999999"}},{"insert":"YouTube","attributes":{"bold":true,"color":"#666666"}},{"insert":" or ","attributes":{"color":"#999999"}},{"insert":"SlideShare","attributes":{"color":"#666666","bold":true}},{"insert":".","attributes":{"color":"#999999"}},{"insert":"\n\n"},{"insert":"To relate external content you can also use the","attributes":{"color":"#999999"}},{"insert":" ","attributes":{"color":"#999999","bold":true}},{"insert":"Download","attributes":{"color":"#666666","bold":true}},{"insert":" ","attributes":{"color":"#999999","bold":true}},{"insert":"element or the ","attributes":{"color":"#999999"}},{"insert":"Embed","attributes":{"color":"#666666","bold":true}},{"insert":". View the related articles for more information.","attributes":{"color":"#999999"}},{"insert":"\n\n"},{"insert":"The configuration is very simple, you only have to indicate the URL of the element to be embedded.","attributes":{"color":"#999999"}},{"insert":"\n\n"},{"insert":"When you enter the URL you will see the icon of the selected service becomes colored, Vimeo in this case, and a green tick appears indicating that all is well linked. ","attributes":{"color":"#999999"}},{"insert":"\n"}]}},"rType":"richtext","padd":64,"vali":"middle","frmeTp":{"selectedKey":"noneFrame"},"frmeColo":{"color":{"opac":1,"rgb":"#666"}}}}},"v":"1"}