{"i":{"HJfaoxTxX":{"id":"HJfaoxTxX","type":"slide","setup":{"transparentBg":{"selectedKey":false},"bord":{"size":0,"rad":0},"bg":{"selectedKey":"fill","fill":{"opac":1,"rgb":"#FFF"},"img":{"filt":{"opac":100,"gray":0,"blur":0,"tint":{"rgb":"#FFF","opac":0}},"pos":{"type":"crop","fit":{"bg":{"color":{"rgb":"#FFF","opac":100}},"vali":"center","hali":"center"},"crop":{"bg":{"color":{"rgb":"#FFF","opac":0}},"poi":{"orig":{"x":50,"y":50},"cust":{"x":50,"y":50}}},"mask":{"shape":1}}}}}},"BJZknlpl7":{"id":"BJZknlpl7","type":"interactive","subtype":"interactiveFillBlanks","setup":{"cover":{"selectedKey":"image","img":{"filt":{"opac":100,"gray":0,"blur":0,"tint":{"rgb":"#202948","opac":0.38}},"pos":{"type":"crop","fit":{"bg":{"color":{"rgb":"#FFF","opac":100}},"vali":"center","hali":"center"},"crop":{"poi":{"x":158,"y":439}}},"measures":{"size":{"width":1080,"height":720}},"orig":{"rType":"asset","rSubType":"image","fileName":"unsplash.jpg","fileSize":0,"val":"mc-32addd416b45908fdf38240bbf1b4141.jpg","aid":"I08utfoBlB2"}}},"img":{"filt":{"opac":100,"gray":0,"blur":0,"tint":{"rgb":"#FFF","opac":0}},"pos":{"type":"crop","fit":{"bg":{"color":{"rgb":"#FFF","opac":100}},"vali":"center","hali":"center"},"crop":{"poi":{"x":536,"y":351}}},"measures":{"size":{"width":1080,"height":618}},"orig":{"rType":"asset","rSubType":"image","fileName":"unsplash.jpg","fileSize":0,"val":"mc-4b7efee9de433e23e2a25dccd4084d9a.jpg","aid":"qa76s8C50xv"}},"desc":{"rType":"text","val":"Fill the blanks that you'll find on the text."},"text":{"rType":"text","val":"The Standing Liberty quarter is a [25-cent] coin that was struck by the United States Mint from 1916 to 1930. It succeeded the [Barber quarter], which had been minted since 1892. Featuring the [goddess of Liberty] on one side and an eagle in flight on the other, the coin was designed by sculptor Hermon Atkins MacNeil."},"format":{"selectedKey":"combo"}}},"S1WGpoe6xm":{"id":"S1WGpoe6xm","type":"interactive","subtype":"interactiveRichText","setup":{"bg":{"fill":{"opac":0.2,"rgb":"#FFF"}},"txt":{"rType":"richtext","val":{"ops":[{"insert":"EXERCISES","attributes":{"color":"#e50a4f"}},{"insert":"\n","attributes":{"size":"medium"}},{"insert":"\n","attributes":{"size":"large"}},{"insert":"Fill the Blanks Exercise","attributes":{"color":"#000000","bold":true}},{"insert":"\n","attributes":{"size":"large"}},{"insert":"\n"},{"insert":"This is a self-training exercise for your users to consolidate their learning. Through a","attributes":{"color":"#999999"}},{"insert":" ","attributes":{"color":"#000000"}},{"insert":"multiple choice gap fill","attributes":{"color":"#000000","bold":true}},{"insert":" exercise, users can test their knowledge and select the correct answer. Once they have completed the exercise, users can repeat it as many times as they like. ","attributes":{"color":"#999999"}},{"insert":"\n"}]}},"rType":"richtext","padd":39,"frmeTp":{"selectedKey":"noneFrame"},"frmeColo":{"color":{"opac":1,"rgb":"#666"}},"vali":"middle"}}},"v":"1"}