{"i":{"A2Xsf25tV":{"id":"A2Xsf25tV","type":"slide","setup":{"transparentBg":{"selectedKey":true},"bord":{"size":0,"rad":0},"bg":{"selectedKey":"gradient","fill":{"opac":1,"rgb":"#007199"},"img":{"filt":{"opac":100,"gray":0,"blur":0,"tint":{"rgb":"#FFF","opac":0}},"pos":{"type":"crop","fit":{"bg":{"color":{"rgb":"#FFF","opac":100}},"vali":"center","hali":"center"},"crop":{"poi":{"x":552,"y":360}}},"measures":{"size":{"width":1080,"height":720}}},"gradient":{"angle":270,"opac":1,"stops":[{"color":"#3b3b3b","pos":0},{"color":"#040404","pos":100}]}}}},"aveK08aSr0":{"id":"aveK08aSr0","type":"interactive","subtype":"interactiveVideoSteps","setup":{"cover":{"selectedKey":"image","fill":{"opac":1,"rgb":"#FFF"},"img":{"filt":{"opac":100,"gray":0,"blur":0,"tint":{"rgb":"#00ffe6","opac":0,"blendMode":"overlay"}},"pos":{"type":"crop","fit":{"bg":{"color":{"rgb":"#FFF","opac":100}},"vali":"center","hali":"center"},"crop":{"bg":{"color":{"rgb":"#FFF","opac":0}},"poi":{"x":577,"y":338.5}},"mask":{"shape":1}},"measures":{"size":{"width":1080,"height":677}},"orig":{"rType":"asset","rSubType":"image","fileName":"unsplash.jpg","fileSize":0,"val":"mc-53dcdf32c2e5059a3cedf16cdcb26a04.jpg","aid":"xHTcpkuR_"}}},"video":{"orig":{"rType":"asset","rSubType":"video","fileName":"lab_comp.mp4","fileSize":6027495,"val":"mc-3a809dbc31166c87c3fba0cfc237af0a.mp4","aid":"_3fyOC5dcj"}},"desc":{"rType":"text","val":"At the Lab"},"steps":{"i":{"lyBliv1uo":{"type":"info","id":"lyBliv1uo","time":{"val":2},"txt":{"rType":"text","val":"The Total Testing Process in the laboratory is a cyclical process divided into three phases:\n\n- preanalytical\n- analytical\n- postanalytical\n"},"img":{"filt":{"opac":100,"gray":100,"blur":0,"tint":{"rgb":"#00ffe6","opac":0.6,"blendMode":"overlay"}},"pos":{"type":"crop","fit":{"bg":{"color":{"rgb":"#FFF","opac":100}},"vali":"center","hali":"center"},"crop":{"bg":{"color":{"rgb":"#FFF","opac":0}},"poi":{"x":552,"y":360}},"mask":{"shape":1}},"measures":{"size":{"width":1080,"height":720}},"orig":{"rType":"asset","rSubType":"image","fileName":"unsplash.jpg","fileSize":0,"val":"mc-131148a4369558c8d6e4defe775705c0.jpg","aid":"y_OIEcQY5l"}}},"p93fv7F_v":{"type":"abc","id":"p93fv7F_v","time":{"val":10},"txt":{"rType":"text","val":"What is the analytical phase of laboratory testing?"},"img":{"filt":{"opac":100,"gray":100,"blur":0,"tint":{"rgb":"#00ffe6","opac":0.6,"blendMode":"overlay"}},"pos":{"type":"fit","fit":{"bg":{"color":{"rgb":"#FFF","opac":1}},"vali":"center","hali":"center"},"crop":{"bg":{"color":{"rgb":"#FFF","opac":0}},"poi":{"x":547.5,"y":359}},"mask":{"shape":1}},"measures":{"size":{"width":1080,"height":718}},"orig":{"rType":"asset","rSubType":"image","fileName":"unsplash.jpg","fileSize":0,"val":"mc-91d39bf54a51b9732e1e8d7d91268046.jpg","aid":"4eGzOIM00k"}},"answ":{"i":{"3yFXJ1xt1":{"type":"answer","id":"3yFXJ1xt1","text":{"rType":"text","val":"It involves planning the experiment."}},"Avr2mKGOC":{"type":"answer","id":"Avr2mKGOC","text":{"rType":"text","val":"It involves the actual performance of the laboratory test."}},"CfH3hOA_D":{"type":"answer","id":"CfH3hOA_D","text":{"rType":"text","val":"It involves analyzing results only."}}},"p":["3yFXJ1xt1","Avr2mKGOC","CfH3hOA_D"],"corrects":["Avr2mKGOC"]},"okFbk":{"rType":"text","val":"That's right!"},"koFbk":{"rType":"text","val":"Try again"}},"boJYIVLzO":{"type":"abc","id":"boJYIVLzO","time":{"val":5},"txt":{"rType":"text","val":"Which of the following is a phase of the  total testing process (TTP)?"},"answ":{"i":{"VP9HygWxK":{"type":"answer","id":"VP9HygWxK","text":{"rType":"text","val":"pre-analytical"}},"814hZUmU6":{"type":"answer","id":"814hZUmU6","text":{"rType":"text","val":"purpose"}},"KdKaIAIJ9":{"type":"answer","id":"KdKaIAIJ9","text":{"rType":"text","val":"sampling"}}},"p":["VP9HygWxK","814hZUmU6","KdKaIAIJ9"],"corrects":["VP9HygWxK"]},"okFbk":{"rType":"text","val":"Good job!"},"koFbk":{"rType":"text","val":"Try again"},"img":{"filt":{"opac":100,"gray":0,"blur":0,"tint":{"rgb":"#00ccff","opac":0}},"pos":{"type":"crop","fit":{"bg":{"color":{"rgb":"#FFF","opac":100}},"vali":"center","hali":"center"},"crop":{"bg":{"color":{"rgb":"#FFF","opac":0}},"poi":{"x":338,"y":489}},"mask":{"shape":1,"poi":{"x":543,"y":681}}},"measures":{"size":{"width":1080,"height":720}},"orig":{"rType":"asset","rSubType":"image","fileName":"unsplash.jpg","fileSize":0,"val":"mc-d962b93e6954e0e9ff1c678058c1244a.jpg","aid":"ZByQhMrQNo"}}},"Eg38rdPDK":{"type":"info","id":"Eg38rdPDK","txt":{"rType":"text","val":"In order to avoid errors in the lab, it is advisable to keep working on:\n\n-Education\n-Standardization\n-Mistake-proofing\n-Streamlining"},"time":{"val":15}}},"p":["lyBliv1uo","p93fv7F_v","boJYIVLzO","Eg38rdPDK"]},"subs":{"rType":"vtt","val":"00:00:04.000 --> 00:00:07.000\nLorem ipsum dolor sit amet, consectetur adipiscing elit.\n\n00:00:09.000 --> 00:00:12.000\nUt enim ad minim veniam, quis nostrud exercitation ullamco laboris.\n\n00:00:13.000 --> 00:00:16.000\nDuis aute irure dolor in reprehenderit in voluptate velit esse cillum dolore eu fugiat nulla pariatur.  "}}},"mIf85TEKr":{"id":"mIf85TEKr","type":"interactive","subtype":"interactiveRichText","setup":{"frmeTp":{"selectedKey":"noneFrame"},"bg":{"fill":{"opac":1,"rgb":"#FFF"}},"txt":{"val":{"ops":[{"insert":"INTERACTIVE VIDEO","attributes":{"color":"#e50a4f"}},{"insert":"\n","attributes":{"size":"medium"}},{"insert":"\n","attributes":{"size":"small"}},{"insert":"Did you know?","attributes":{"color":"#000000","bold":true}},{"insert":"\n","attributes":{"size":"huge"}},{"insert":"\nVideos have been trending in eLearning for the last few years and far from losing relevance, are getting far more prominent. \n\nThis new resource will help you offer one more dimension to your training videos since you will be able to ask questions at the right moment or show complementary information when you wish."},{"insert":"\n","attributes":{"size":"normal"}}]},"rType":"richtext"},"paddV1":20}}},"v":"1"}