{"i":{"o_CV7MIRH":{"id":"o_CV7MIRH","type":"slide","setup":{"bg":{"selectedKey":"fill","fill":{"opac":1,"rgb":"#ffffff"}},"transparentBg":{"selectedKey":false},"bord":{"size":0,"rad":0}}},"aQzcuOYNGG":{"id":"aQzcuOYNGG","type":"interactive","subtype":"interactiveWords","setup":{"cover":{"selectedKey":"image","img":{"filt":{"opac":100,"gray":0,"blur":0,"tint":{"rgb":"#FFF","opac":0}},"pos":{"type":"crop","fit":{"bg":{"color":{"rgb":"#FFF","opac":100}},"vali":"center","hali":"center"},"crop":{"bg":{"color":{"rgb":"#FFF","opac":0}},"poi":{"x":531,"y":317}},"mask":{"shape":1},"zoom":42},"measures":{"size":{"width":1080,"height":608}},"orig":{"rType":"asset","rSubType":"image","fileName":"unsplash.jpg","fileSize":0,"val":"mc-2701be9c88116cfd60c083b32d24ed24.jpg","aid":"fK-aQPmK27"}}},"wordsPerGame":{"value":5},"gamification":{"time":{"visible":true,"value":180},"points":{"visible":true,"value":5000},"wildcards":{"value":2}},"words":{"i":{"f5-YyFErU":{"type":"word","id":"f5-YyFErU","title":{"rType":"text","val":"FIREWALL"},"clue":{"rType":"text","val":"It prevents unauthorized access to private data by outside computer users."},"explanation":{"rType":"text","val":"The first firewalls were developed in the 1980s at the American technology companies Cisco Systems and Digital Equipment Corporation."},"img":{"filt":{"opac":100,"gray":0,"blur":0,"tint":{"rgb":"#FFF","opac":0}},"pos":{"type":"crop","fit":{"bg":{"color":{"rgb":"#FFF","opac":100}},"vali":"center","hali":"center"},"crop":{"bg":{"color":{"rgb":"#FFF","opac":0}},"poi":{"x":552,"y":360}},"mask":{"shape":1}},"measures":{"size":{"width":1080,"height":720}},"orig":{"rType":"asset","rSubType":"image","fileName":"unsplash.jpg","fileSize":0,"val":"mc-99c6f3251b6d0af58237534608034374.jpg","aid":"2cWRIufa2H"}}},"6RhYX4_Hx":{"type":"word","id":"6RhYX4_Hx","title":{"rType":"text","val":"CAPTCHA"},"clue":{"rType":"text","val":"Type of security measure known as challenge-response authentication."},"img":{"filt":{"opac":100,"gray":0,"blur":0,"tint":{"rgb":"#FFF","opac":0}},"pos":{"type":"crop","fit":{"bg":{"color":{"rgb":"#FFF","opac":100}},"vali":"center","hali":"center"},"crop":{"bg":{"color":{"rgb":"#FFF","opac":0}},"poi":{"x":552,"y":360}},"mask":{"shape":1}},"measures":{"size":{"width":1080,"height":720}},"orig":{"rType":"asset","rSubType":"image","fileName":"unsplash.jpg","fileSize":0,"val":"mc-ea061335814f93e454e4cbd1ddd2f562.jpg","aid":"qeBFLOd9_H"}},"explanation":{"rType":"text","val":"it stands for Completely Automated Public Turing test to tell Computers and Humans Apart."}},"C2PwXjWy5":{"type":"word","id":"C2PwXjWy5","title":{"rType":"text","val":"Pharming"},"clue":{"rType":"text","val":"An online scam where a fake website is created and then users get redirected to it."},"explanation":{"rType":"text","val":"An email is sent to the target with a code that modifies the host files of an individual’s computer. The users may type in the right URL but the page will always redirect, making it quite difficult for them to be aware that they actually are victims!"},"img":{"filt":{"opac":100,"gray":0,"blur":0,"tint":{"rgb":"#FFF","opac":0}},"pos":{"type":"crop","fit":{"bg":{"color":{"rgb":"#FFF","opac":100}},"vali":"center","hali":"center"},"crop":{"bg":{"color":{"rgb":"#FFF","opac":0}},"poi":{"x":726,"y":360}},"mask":{"shape":1},"zoom":30},"measures":{"size":{"width":1080,"height":720}},"orig":{"rType":"asset","rSubType":"image","fileName":"unsplash.jpg","fileSize":0,"val":"mc-2a63b99305126bf78384d1aacb87daa4.jpg","aid":"Y2m9vaFv7b"}}},"hAjdMxMQO":{"type":"word","id":"hAjdMxMQO","title":{"rType":"text","val":"Phishing"},"clue":{"rType":"text","val":"Beware of the hook!"},"img":{"filt":{"opac":100,"gray":0,"blur":0,"tint":{"rgb":"#FFF","opac":0}},"pos":{"type":"crop","fit":{"bg":{"color":{"rgb":"#FFF","opac":100}},"vali":"center","hali":"center"},"crop":{"bg":{"color":{"rgb":"#FFF","opac":0}},"poi":{"x":510,"y":419}},"mask":{"shape":1}},"measures":{"size":{"width":1080,"height":720}},"orig":{"rType":"asset","rSubType":"image","fileName":"unsplash.jpg","fileSize":0,"val":"mc-22cb4c2a3849707a490a81ebd1127269.jpg","aid":"4ZydoDVHII"}},"explanation":{"rType":"text","val":"Warning signs:\n- The message is just too good to be true \n- There is a sense of urgency \n- There are hyperlinks \n- You can find attachments\n- You notice it's from an unusual sender"}},"mwDkBRSpP":{"type":"word","id":"mwDkBRSpP","title":{"rType":"text","val":"CLICKJACK"},"clue":{"rType":"text","val":"This type of attacks tricks you into clicking something  different from what you can actually see."},"explanation":{"rType":"text","val":"It can be traced back to 2002, when it was noticed that transparent layers could be placed over a web page without the users noticing them."},"img":{"filt":{"opac":100,"gray":0,"blur":0,"tint":{"rgb":"#FFF","opac":0}},"pos":{"type":"crop","fit":{"bg":{"color":{"rgb":"#FFF","opac":100}},"vali":"center","hali":"center"},"crop":{"bg":{"color":{"rgb":"#FFF","opac":0}},"poi":{"x":620,"y":624}},"mask":{"shape":1}},"measures":{"size":{"width":1080,"height":1620}},"orig":{"rType":"asset","rSubType":"image","fileName":"unsplash.jpg","fileSize":0,"val":"mc-b07ade45f166a321cb7d57bd57032bcf.jpg","aid":"Ax52wZwZoR"}}},"TiG_IQMeq7":{"type":"word","id":"TiG_IQMeq7","title":{"rType":"text","val":"PATCH"},"clue":{"rType":"text","val":"Changes made to a computer program or its supporting data in order to update, fix, or improve it."},"img":{"filt":{"opac":100,"gray":0,"blur":0,"tint":{"rgb":"#FFF","opac":0}},"pos":{"type":"crop","fit":{"bg":{"color":{"rgb":"#FFF","opac":100}},"vali":"center","hali":"center"},"crop":{"bg":{"color":{"rgb":"#FFF","opac":0}},"poi":{"x":437,"y":304}},"mask":{"shape":1}},"measures":{"size":{"width":1080,"height":608}},"orig":{"rType":"asset","rSubType":"image","fileName":"unsplash.jpg","fileSize":0,"val":"mc-5769d3b113487d416f66ca75fafbc931.jpg","aid":"nKtuFFwao_"}},"explanation":{"rType":"text","val":"Remember to keep your software uptodate. It is essential to be able to stay ahead of the changing threats from cyber criminals. If your devices are well protected, you are protect as well."}},"x0BecuPPb":{"type":"word","id":"x0BecuPPb","title":{"rType":"text","val":"WHAILING"},"clue":{"rType":"text","val":"This type of phishing aims at the big fish exclusively. "},"explanation":{"rType":"text","val":"This type of fraud is specially designed to encourage victims to perform actions such as digitally transferring large sums of money."},"img":{"filt":{"opac":100,"gray":0,"blur":0,"tint":{"rgb":"#FFF","opac":0}},"pos":{"type":"crop","fit":{"bg":{"color":{"rgb":"#FFF","opac":100}},"vali":"center","hali":"center"},"crop":{"bg":{"color":{"rgb":"#FFF","opac":0}},"poi":{"x":510,"y":427}},"mask":{"shape":1}},"measures":{"size":{"width":1080,"height":720}},"orig":{"rType":"asset","rSubType":"image","fileName":"unsplash.jpg","fileSize":0,"val":"mc-0b362ca0e7d6fbf72f820252014ceef9.jpg","aid":"QweQnjudFB"}}},"EMc6--AJy":{"type":"word","id":"EMc6--AJy","title":{"rType":"text","val":"ENCRYPT"},"clue":{"rType":"text","val":"Process or method by which information is converted into secret code in order to protect information."},"explanation":{"rType":"text","val":"You could say hieroglyphs are an ancient form of encryption. Concealing messages is not a recent invention, many civilizations used it before like the Roman's with the Caesar cipher."},"img":{"filt":{"opac":100,"gray":0,"blur":0,"tint":{"rgb":"#FFF","opac":0}},"pos":{"type":"crop","fit":{"bg":{"color":{"rgb":"#FFF","opac":100}},"vali":"center","hali":"center"},"crop":{"bg":{"color":{"rgb":"#FFF","opac":0}},"poi":{"x":552,"y":360}},"mask":{"shape":1}},"measures":{"size":{"width":1080,"height":720}},"orig":{"rType":"asset","rSubType":"image","fileName":"unsplash.jpg","fileSize":0,"val":"mc-05b93122a23a61a3ef157bf045ab5296.jpg","aid":"fqVi_WTBjc"}}},"jZZLNyUf5":{"type":"word","id":"jZZLNyUf5","title":{"rType":"text","val":"BIOMETRIC"},"clue":{"rType":"text","val":"Type of authentication that measures and analyzes defining traits or features of a specific person."},"explanation":{"rType":"text","val":"Did you know that it was already used in Babylon? Yes! Back in 500 BC fingerprints were used on clay tablets in Babylonian business transactions."},"img":{"filt":{"opac":100,"gray":0,"blur":0,"tint":{"rgb":"#FFF","opac":0}},"pos":{"type":"crop","fit":{"bg":{"color":{"rgb":"#FFF","opac":100}},"vali":"center","hali":"center"},"crop":{"bg":{"color":{"rgb":"#FFF","opac":0}},"poi":{"x":550.5,"y":360.5}},"mask":{"shape":1}},"measures":{"size":{"width":1080,"height":721}},"orig":{"rType":"asset","rSubType":"image","fileName":"unsplash.jpg","fileSize":0,"val":"mc-813fdf6fead955c9327ae39df37f9ac3.jpg","aid":"etmmAaiU2u"}}},"N1BHgALRd":{"type":"word","id":"N1BHgALRd","title":{"rType":"text","val":"Bastion"},"clue":{"rType":"text","val":"A defense. It is a computer on a network with the main function of withstanding attacks."},"img":{"filt":{"opac":100,"gray":0,"blur":0,"tint":{"rgb":"#FFF","opac":0}},"pos":{"type":"crop","fit":{"bg":{"color":{"rgb":"#FFF","opac":100}},"vali":"center","hali":"center"},"crop":{"bg":{"color":{"rgb":"#FFF","opac":0}},"poi":{"x":540,"y":404.5}},"mask":{"shape":1}},"measures":{"size":{"width":1080,"height":804}},"orig":{"rType":"asset","rSubType":"image","fileName":"unsplash.jpg","fileSize":0,"val":"mc-2f1242184626e0d785404ad21b32960c.jpg","aid":"FgExFefa0N"}},"explanation":{"rType":"text","val":"If you want to see an example of the actual type building that served as inspiration for this cyberdefense, think of the 11th Century Wall of Ávila in Spain: it is 2.5 km long, 14 meters high and as much as 3 meters thick."}},"JyCF0sm0S":{"type":"word","id":"JyCF0sm0S","title":{"rType":"text","val":"RANSOM"},"clue":{"rType":"text","val":"Extortion. "},"img":{"filt":{"opac":100,"gray":0,"blur":0,"tint":{"rgb":"#FFF","opac":0}},"pos":{"type":"crop","fit":{"bg":{"color":{"rgb":"#FFF","opac":100}},"vali":"center","hali":"center"},"crop":{"bg":{"color":{"rgb":"#FFF","opac":0}},"poi":{"x":560,"y":339}},"mask":{"shape":1}},"measures":{"size":{"width":1080,"height":810}},"orig":{"rType":"asset","rSubType":"image","fileName":"unsplash.jpg","fileSize":0,"val":"mc-d1691f159c711ecd4f84f9397ac574c7.jpg","aid":"NlRh73rlLC"}},"explanation":{"rType":"text","val":"Did you know that there is software designed to lock your computer? Then, somenone may demand something in exchange for its release."}},"a5rd5G4Ff":{"type":"word","id":"a5rd5G4Ff","title":{"rType":"text","val":"HACKER"},"clue":{"rType":"text","val":"Someone who illegally accesses information in a computer system and might tamper with it."},"explanation":{"rType":"text","val":"Have you heard about Kevin David Mitnick before? He is an American convicted hacker who now works as a computer security consultant and author."},"img":{"filt":{"opac":100,"gray":0,"blur":0,"tint":{"rgb":"#FFF","opac":0}},"pos":{"type":"crop","fit":{"bg":{"color":{"rgb":"#FFF","opac":100}},"vali":"center","hali":"center"},"crop":{"bg":{"color":{"rgb":"#FFF","opac":0}},"poi":{"x":552,"y":360}},"mask":{"shape":1}},"measures":{"size":{"width":1080,"height":720}},"orig":{"rType":"asset","rSubType":"image","fileName":"unsplash.jpg","fileSize":0,"val":"mc-004b380690a28ca9ff6a6688a56880a8.jpg","aid":"s2IJe2mEPg"}}},"CNQo_dXbu":{"type":"word","id":"CNQo_dXbu","title":{"rType":"text","val":"MALWARE"},"clue":{"rType":"text","val":"Malicious, disruptive, intrusive, hamrful software."},"explanation":{"rType":"text","val":"Adware is one of the most common types you may find. In essence, if you click on an adware created ad, revenue is generated for its developer."},"img":{"filt":{"opac":100,"gray":0,"blur":0,"tint":{"rgb":"#FFF","opac":0}},"pos":{"type":"crop","fit":{"bg":{"color":{"rgb":"#FFF","opac":100}},"vali":"center","hali":"center"},"crop":{"bg":{"color":{"rgb":"#FFF","opac":0}},"poi":{"x":564,"y":265}},"mask":{"shape":1}},"measures":{"size":{"width":1080,"height":720}},"orig":{"rType":"asset","rSubType":"image","fileName":"unsplash.jpg","fileSize":0,"val":"mc-7bedb30aa838f6e5f54da3e0079f87ff.jpg","aid":"kr5USQPVye"}}},"hEen57q5K":{"type":"word","id":"hEen57q5K","title":{"rType":"text","val":"Spoofing"},"clue":{"rType":"text","val":"Any time an online criminal disguises their identity in order to get data or even money from you."},"explanation":{"rType":"text","val":"Always avoid disclosing personal and private information online."},"img":{"filt":{"opac":100,"gray":0,"blur":0,"tint":{"rgb":"#FFF","opac":0}},"pos":{"type":"crop","fit":{"bg":{"color":{"rgb":"#FFF","opac":100}},"vali":"center","hali":"center"},"crop":{"bg":{"color":{"rgb":"#FFF","opac":0}},"poi":{"x":552,"y":360}},"mask":{"shape":1}},"measures":{"size":{"width":1080,"height":720}},"orig":{"rType":"asset","rSubType":"image","fileName":"unsplash.jpg","fileSize":0,"val":"mc-3098835f66a2c8d61b80487a3a5eda69.jpg","aid":"X25EtaVGlDP"}}},"P7GJbB_nX":{"type":"word","id":"P7GJbB_nX","title":{"rType":"text","val":"CYBERCOP"},"clue":{"rType":"text","val":"A law enforcement officer in cyberspace."},"img":{"filt":{"opac":100,"gray":0,"blur":0,"tint":{"rgb":"#FFF","opac":0}},"pos":{"type":"crop","fit":{"bg":{"color":{"rgb":"#FFF","opac":100}},"vali":"center","hali":"center"},"crop":{"bg":{"color":{"rgb":"#FFF","opac":0}},"poi":{"x":540,"y":371.5}},"mask":{"shape":1}},"measures":{"size":{"width":1080,"height":810}},"orig":{"rType":"asset","rSubType":"image","fileName":"unsplash.jpg","fileSize":0,"val":"mc-6205cb076f2d3415ce8a6cd2b4bcead3.jpg","aid":"mLhQvMiY_4t"}},"explanation":{"rType":"text","val":"Did you know that...? \nThe European Cybersecurity Network and Cybersecurity Competence Centre help the EU retain and develop cybersecurity technological and industrial capacities."}}},"p":["hEen57q5K","hAjdMxMQO","C2PwXjWy5","jZZLNyUf5","mwDkBRSpP","EMc6--AJy","6RhYX4_Hx","a5rd5G4Ff","f5-YyFErU","TiG_IQMeq7","JyCF0sm0S","x0BecuPPb","N1BHgALRd","P7GJbB_nX","CNQo_dXbu"]},"desc":{"rType":"text","val":"Guess these common concepts about Cyber Security"}}},"zBouNPF2UgF":{"id":"zBouNPF2UgF","type":"interactive","subtype":"interactiveRichText","setup":{"frmeTp":{"selectedKey":"noneFrame"},"bg":{"fill":{"opac":0,"rgb":"#ffffff"}},"txt":{"rType":"richtext","val":{"ops":[{"insert":"GAMES","attributes":{"color":"#e50a4f"}},{"insert":"\n","attributes":{"size":"medium"}},{"insert":"\n","attributes":{"size":"small"}},{"insert":"Words","attributes":{"color":"#151515","bold":true}},{"insert":"\n\n","attributes":{"size":"huge"}},{"insert":"This interactive game is about guessing as many hidden words as possible, letter by letter.","attributes":{"background":"transparent","color":"#151515"}},{"insert":"\n\n","attributes":{"size":"normal"}},{"insert":"The aim of this quick game is simple: to guess the full word in 6 attempts or less.","attributes":{"background":"transparent","color":"#151515"}},{"attributes":{"size":"normal"},"insert":"\n\n"},{"insert":"You will have help from a given hint or definition and the clues letters will provide you with.","attributes":{"background":"transparent","color":"#151515"}},{"insert":"\n","attributes":{"size":"normal"}}]}},"rType":"richtext","hali":"","vali":"middle","paddV1":30}}},"v":"1"}