{"i":{"BJs3dNLTb":{"id":"BJs3dNLTb","type":"slide","setup":{"transparentBg":{"selectedKey":false},"bord":{"size":30,"rad":0},"bg":{"selectedKey":"image","fill":{"opac":1,"rgb":"#FFF"},"img":{"filt":{"opac":100,"gray":0,"blur":0,"tint":{"rgb":"#FFF","opac":0}},"pos":{"type":"crop","fit":{"bg":{"color":{"rgb":"#FFF","opac":100}},"vali":"center","hali":"center"},"crop":{"poi":{"x":517.5,"y":337.5}}},"measures":{"size":{"width":1200,"height":675}},"orig":{"rType":"asset","rSubType":"image","fileName":"cards1.jpg","fileSize":183258,"val":"mc-b5250ddd8434a7d644f8d6d14ccf2c61.jpg","aid":"VBZWKPIfNKR"}}}}},"B1Auy0JFz":{"id":"B1Auy0JFz","type":"interactive","subtype":"interactiveCard","setup":{"animation":{"selectedKey":"rotateV"},"front":{"selectedKey":"fill","fill":{"opac":0.7,"rgb":"#FFF"},"txt":{"rType":"richtext","val":{"ops":[{"attributes":{"color":"#000000","bold":true},"insert":"Flip me"},{"insert":"\n","attributes":{"size":"huge"}}]}},"rType":"richtext","hali":"center","vali":"middle"},"back":{"selectedKey":"fill","fill":{"opac":0.87,"rgb":"#8ccee7"},"txt":{"rType":"richtext","val":{"ops":[{"insert":"It is an interactive element that offers a lot of ","attributes":{"color":"#007199"}},{"insert":"educational uses","attributes":{"bold":true,"color":"#ffffff"}},{"insert":". ","attributes":{"color":"#007199"}},{"insert":"\n\n","attributes":{"size":"large"}},{"insert":"You can put ","attributes":{"color":"#007199"}},{"insert":"content on both sides","attributes":{"bold":true,"color":"#ffffff"}},{"insert":" and the user can turn the card to discover the content hidden behind.","attributes":{"color":"#007199"}},{"insert":"\n","attributes":{"size":"large"}}]}},"rType":"richtext","padd":100,"vali":"middle","hali":"left"}}},"By2P-RJYf":{"id":"By2P-RJYf","type":"interactive","subtype":"interactiveRichText","setup":{"bg":{"fill":{"opac":0,"rgb":"#FFF"}},"txt":{"rType":"richtext","val":{"ops":[{"insert":"Wildlife","attributes":{"bold":true,"color":"#ffffff"}},{"insert":"\n","attributes":{"size":"giant"}}]}},"rType":"richtext","hali":"center","vali":"middle"}}},"v":"1"}