{"i":{"qdbhtvIUX":{"id":"qdbhtvIUX","type":"slide","setup":{"bg":{"selectedKey":"image","fill":{"opac":1,"rgb":"#FFF"},"img":{"filt":{"opac":100,"gray":0,"blur":0,"tint":{"rgb":"#FFF","opac":0}},"pos":{"type":"crop","fit":{"bg":{"color":{"rgb":"#FFF","opac":100}},"vali":"center","hali":"center"},"crop":{"poi":{"x":552,"y":360}}},"measures":{"size":{"width":1080,"height":720}},"orig":{"rType":"asset","rSubType":"image","fileName":"unsplash.jpg","fileSize":0,"val":"mc-892ac64aacb18414f71b6d125ad31137.jpg","aid":"OX9Mh3WnS"}}},"transparentBg":{"selectedKey":false},"frmeColo":{"color":{"opac":1,"rgb":"#666"}},"bord":{"size":0,"rad":0}}},"1itKa_RNk3":{"id":"1itKa_RNk3","type":"interactive","subtype":"interactiveRichText","setup":{"bg":{"fill":{"opac":0.7,"rgb":"#000000"}},"txt":{"rType":"richtext","val":{"ops":[{"insert":"Alphabet game","attributes":{"color":"#ffffff"}},{"insert":"\n","attributes":{"size":"huge"}}]}},"rType":"richtext","hali":"center","vali":"middle","frmeTp":{"selectedKey":"noneFrame"}}}},"v":"1"}