{"i":{"HkWeO3ZLpZ":{"id":"HkWeO3ZLpZ","type":"slide","setup":{"transparentBg":{"selectedKey":false},"bord":{"size":6,"rad":0},"bg":{"selectedKey":"image","fill":{"opac":1,"rgb":"#FFF"},"img":{"filt":{"opac":100,"gray":0,"blur":0,"tint":{"rgb":"#e50a4f","opac":0.11,"blendMode":"multiply","useGradient":true,"gradient":{"angle":135,"opac":0.89,"stops":[{"color":"#EB1C79","pos":0},{"color":"#630ba6","pos":100}]}}},"pos":{"type":"crop","fit":{"bg":{"color":{"rgb":"#FFF","opac":100}},"vali":"center","hali":"center"},"crop":{"poi":{"x":972,"y":540},"bg":{"color":{"rgb":"#eb1c71","opac":1}}}},"measures":{"size":{"width":1920,"height":1080}}}}}},"kWWOTU_w_":{"id":"kWWOTU_w_","type":"interactive","subtype":"interactiveLink","setup":{"link":{"selectedKey":"internal","internal":{"val":"b4zqD_0mw"}},"bg":{"selectedKey":"fill","fill":{"opac":0.8,"rgb":"#ECCC06"}},"title":{"rType":"text","val":"Distribution"}}},"3oMtYKthL":{"id":"3oMtYKthL","type":"interactive","subtype":"interactiveImage","setup":{"img":{"filt":{"opac":100,"gray":0,"blur":0,"tint":{"rgb":"#FFF","opac":0}},"pos":{"type":"crop","fit":{"bg":{"color":{"rgb":"#FFF","opac":100}},"vali":"center","hali":"center"},"crop":{"bg":{"color":{"rgb":"#FFF","opac":0}},"poi":{"x":386,"y":424}},"mask":{"shape":1}},"measures":{"size":{"width":774,"height":803}},"orig":{"rType":"asset","rSubType":"image","fileName":"hero-course-creation-made-easy.png","fileSize":527466,"val":"mc-23e31125c5c040db4999d5857e867a64.png","aid":"nUXezC15_"}}}},"HJ5eY7jaZ":{"id":"HJ5eY7jaZ","type":"interactive","subtype":"interactiveLink","setup":{"link":{"selectedKey":"internal","internal":{"val":"am4hhgxX6"}},"bg":{"selectedKey":"fill","fill":{"opac":0.8,"rgb":"#009688"}},"title":{"rType":"text","val":"Learn more"}}},"5s2R550NU":{"id":"5s2R550NU","type":"interactive","subtype":"interactiveLink","setup":{"link":{"selectedKey":"internal","internal":{"val":"0cTLPtuVJ"}},"bg":{"selectedKey":"fill","fill":{"opac":0.8,"rgb":"#FF6600"}},"title":{"rType":"text","val":"Exclusive features"}}},"BJgEhBU6Z":{"id":"BJgEhBU6Z","type":"interactive","subtype":"interactiveLink","setup":{"link":{"selectedKey":"internal","internal":{"val":"r1l1cffITZ"}},"bg":{"selectedKey":"fill","fill":{"opac":0.8,"rgb":"#82a419"}},"title":{"rType":"text","val":"Interactive elements"}}},"BJzCpZLpZ":{"id":"BJzCpZLpZ","type":"interactive","subtype":"interactiveLink","setup":{"link":{"selectedKey":"internal","internal":{"val":"Sk-hbRWLT-"}},"bg":{"selectedKey":"fill","fill":{"opac":0.8,"rgb":"#e50a4f"}},"title":{"rType":"text","val":"General aspects of the tool"}}},"rJfNDEs6b":{"id":"rJfNDEs6b","type":"interactive","subtype":"interactiveLink","setup":{"link":{"selectedKey":"internal","internal":{"val":"ryeUxuNoTb"}},"bg":{"selectedKey":"fill","fill":{"opac":0.8,"rgb":"#007199"}},"title":{"rType":"text","val":"Edition concept"}}}},"v":"1"}