{"i":{"SydE32FUz":{"id":"SydE32FUz","type":"slide","setup":{"transparentBg":{"selectedKey":false},"bord":{"size":0,"rad":0},"bg":{"selectedKey":"image","fill":{"opac":1,"rgb":"#FFF"},"img":{"filt":{"opac":100,"gray":0,"blur":0,"tint":{"rgb":"#FFF","opac":0}},"pos":{"type":"crop","fit":{"bg":{"color":{"rgb":"#FFF","opac":100}},"vali":"center","hali":"center"},"crop":{"poi":{"x":500,"y":309.5}}},"measures":{"size":{"width":1100,"height":619}},"orig":{"rType":"asset","rSubType":"image","fileName":"cover_abc.jpg","fileSize":140956,"val":"mc-4a21c3130fdd7c32c8e29c0ac4631b7c.jpg","aid":"qVoWN42_7Eh"}}}}},"HkxONhhtLz":{"id":"HkxONhhtLz","type":"interactive","subtype":"interactiveRichText","setup":{"bg":{"fill":{"opac":0.7,"rgb":"#000000"}},"txt":{"rType":"richtext","val":{"ops":[{"insert":"ABC exercise","attributes":{"color":"#ffffff"}},{"insert":"\n","attributes":{"size":"huge"}}]}},"rType":"richtext","hali":"center","vali":"middle","frmeTp":{"selectedKey":"noneFrame"},"frmeColo":{"color":{"opac":1,"rgb":"#666"}}}}},"v":"1"}