{"i":{"B137yqHKM":{"id":"B137yqHKM","type":"slide","setup":{"transparentBg":{"selectedKey":false},"bord":{"size":30,"rad":0},"bg":{"selectedKey":"fill","fill":{"opac":1,"rgb":"#FFF"}}}},"r1pfHpDYz":{"id":"r1pfHpDYz","type":"interactive","subtype":"interactiveRichText","setup":{"frmeTp":{"selectedKey":"outline"},"bg":{"fill":{"opac":1,"rgb":"#591b6d"}},"frmeColo":{"color":{"opac":0,"rgb":"#666"}},"txt":{"rType":"richtext","val":{"ops":[{"insert":"\n","attributes":{"size":"normal"}},{"insert":"  ","attributes":{"color":"#e50a4f"}},{"insert":"\n\n","attributes":{"size":"medium"}},{"insert":"The true sign of intelligence is not knowledge but imagination.","attributes":{"color":"#ffffff","bold":true}},{"insert":"\n","attributes":{"size":"large"}},{"insert":"\n"},{"insert":"Albert Einstein","attributes":{"color":"#ffffff","italic":true}},{"insert":"\n\n"}]}},"rType":"richtext","hali":"center","vali":"middle","padd":47}},"SkuKSTwFf":{"id":"SkuKSTwFf","type":"interactive","subtype":"interactiveRichText","setup":{"frmeTp":{"selectedKey":"doubleFrame"},"bg":{"fill":{"opac":0.2,"rgb":"#FFF"}},"frmeColo":{"color":{"opac":1,"rgb":"#591b6d"}},"txt":{"rType":"richtext","val":{"ops":[{"attributes":{"size":"medium"},"insert":"\n"},{"insert":"   ","attributes":{"color":"#e50a4f"}},{"insert":"\n\n","attributes":{"size":"medium"}},{"insert":"The true sign of intelligence is not knowledge but imagination.","attributes":{"color":"#333333","bold":true}},{"insert":"\n","attributes":{"size":"medium"}},{"insert":"\n"},{"insert":"Albert Einstein","attributes":{"color":"#666666","italic":true}},{"insert":"\n\n"}]}},"rType":"richtext","hali":"center","vali":"middle"}},"SkOcETwYz":{"id":"SkOcETwYz","type":"interactive","subtype":"interactiveRichText","setup":{"frmeTp":{"selectedKey":"leftLine"},"bg":{"fill":{"opac":0.17,"rgb":"#b5b5b5"}},"frmeColo":{"color":{"opac":1,"rgb":"#91eeb2"}},"rType":"richtext","vali":"middle","txt":{"rType":"richtext","val":{"ops":[{"insert":"\n","attributes":{"size":"medium"}},{"insert":"The true sign of intelligence is not knowledge but imagination.","attributes":{"bold":true,"color":"#333333"}},{"insert":"\n","attributes":{"size":"medium"}},{"insert":"\n"},{"insert":"Albert Einstein","attributes":{"color":"#666666","italic":true}},{"insert":"\n\n"}]}},"padd":39}}},"v":"1"}