{"i":{"sZs683eSO":{"id":"sZs683eSO","type":"slide","setup":{"bord":{"size":6,"rad":0},"bg":{"selectedKey":"image","fill":{"opac":1,"rgb":"#e50a4f"},"img":{"filt":{"opac":50,"gray":0,"blur":0,"tint":{"rgb":"#FFF","opac":0,"useGradient":true,"gradient":{"angle":315,"opac":0,"stops":[{"color":"#EB1C79","pos":0},{"color":"#630ba6","pos":100}]}}},"pos":{"type":"crop","fit":{"bg":{"color":{"rgb":"#FFF","opac":100}},"vali":"center","hali":"center"},"crop":{"poi":{"x":540,"y":437.5}}},"measures":{"size":{"width":1080,"height":816}},"orig":{"rType":"asset","rSubType":"image","fileName":"mc-316393d2c7f272f1ef64fc87317602ea.jpg","fileSize":197848,"val":"mc-cdfcf95d44f08b8efe52429b3790c913.jpg","aid":"J2OlL_hRu"}},"gradient":{"angle":0,"opac":1,"stops":[{"color":"#000000","pos":0},{"color":"#000000","pos":100}]}},"transparentBg":{"selectedKey":false}}},"GazvuyBL7v":{"id":"GazvuyBL7v","type":"interactive","subtype":"interactiveEmbed","setup":{"embed":{"url":"https://www.youtube.com/watch?v=HR-Y_GdaV_I","iframeUrl":"//cdn.iframe.ly/api/iframe?url=https%3A%2F%2Fwww.youtube.com%2Fwatch%3Fv%3DHR-Y_GdaV_I&amp;key=7ad3e8783279bdbd7573dd1281baf0fb","service":"YouTube","thumbnail":"https://i.ytimg.com/vi/HR-Y_GdaV_I/maxresdefault.jpg"}}},"bQF-aH4dwo":{"id":"bQF-aH4dwo","type":"interactive","subtype":"interactiveEmbed","setup":{"embed":{"url":"https://www.youtube.com/watch?v=nGbl8MBLW3A&t=1s","iframeUrl":"//cdn.iframe.ly/api/iframe?url=https%3A%2F%2Fwww.youtube.com%2Fwatch%3Fv%3DnGbl8MBLW3A&amp;key=7ad3e8783279bdbd7573dd1281baf0fb","service":"YouTube","thumbnail":"https://i.ytimg.com/vi/nGbl8MBLW3A/maxresdefault.jpg"}}},"_hre5HvLXz":{"id":"_hre5HvLXz","type":"interactive","subtype":"interactiveEmbed","setup":{"embed":{"url":"https://www.youtube.com/watch?v=Sq1VvSd4gLA","iframeUrl":"//cdn.iframe.ly/api/iframe?url=https%3A%2F%2Fwww.youtube.com%2Fwatch%3Fv%3DSq1VvSd4gLA&amp;key=7ad3e8783279bdbd7573dd1281baf0fb","service":"YouTube","thumbnail":"https://i.ytimg.com/vi/Sq1VvSd4gLA/mqdefault.jpg"}}},"YsqkMKeh8M":{"id":"YsqkMKeh8M","type":"interactive","subtype":"interactiveEmbed","setup":{"embed":{"url":"https://www.youtube.com/watch?v=6eSheBabzTw","iframeUrl":"//cdn.iframe.ly/api/iframe?url=https%3A%2F%2Fwww.youtube.com%2Fwatch%3Fv%3D6eSheBabzTw&amp;key=7ad3e8783279bdbd7573dd1281baf0fb","service":"YouTube","thumbnail":"https://i.ytimg.com/vi/6eSheBabzTw/maxresdefault.jpg"}}}},"v":"1"}