{"i":{"SkUonqy9G":{"id":"SkUonqy9G","type":"slide","setup":{"transparentBg":{"selectedKey":false},"bord":{"size":0,"rad":0},"bg":{"selectedKey":"fill","fill":{"opac":1,"rgb":"#FFF"}}}},"H1bjaqkcz":{"id":"H1bjaqkcz","type":"interactive","subtype":"interactiveDragDrop","setup":{"cover":{"selectedKey":"image","img":{"filt":{"opac":100,"gray":0,"blur":0,"tint":{"rgb":"#FFF","opac":0}},"pos":{"type":"crop","fit":{"bg":{"color":{"rgb":"#FFF","opac":100}},"vali":"center","hali":"center"},"crop":{"poi":{"x":930,"y":450}}},"measures":{"size":{"width":1600,"height":900}},"orig":{"rType":"asset","rSubType":"image","fileName":"chalkboard.jpg","fileSize":194464,"val":"mc-a8072b8bd002b43b42010eaf44f0cf2b.jpg","aid":"2PS8SxuA2iP"}}},"desc":{"rType":"text","val":"Are the following statements \ntrue or false?\n"},"groups":{"i":{"HJJMR9k5z":{"type":"group","id":"HJJMR9k5z","textBg":{"fill":{"opac":1,"rgb":"#ffffff"}},"cover":{"selectedKey":"fill","fill":{"opac":0.8,"rgb":"#007199"}},"text":{"rType":"text","val":"TRUE"},"answers":{"i":{"SJcY05y9G":{"type":"answer","id":"SJcY05y9G","textBg":{"fill":{"opac":1,"rgb":"#666"}},"cover":{"selectedKey":"fill","fill":{"opac":0.8,"rgb":"#FFF"}},"text":{"rType":"text","val":"Tom gets up at 10am on Sundays."}},"BkT50ckcG":{"type":"answer","id":"BkT50ckcG","textBg":{"fill":{"opac":1,"rgb":"#666"}},"cover":{"selectedKey":"fill","fill":{"opac":0.8,"rgb":"#FFF"}},"text":{"rType":"text","val":"Tom plays tennis with his sister."}},"rkhhC5y5M":{"type":"answer","id":"rkhhC5y5M","textBg":{"fill":{"opac":1,"rgb":"#666"}},"cover":{"selectedKey":"fill","fill":{"opac":0.8,"rgb":"#FFF"}},"text":{"rType":"text","val":"Tom and his brother listen to music."}},"rJoTRck5M":{"type":"answer","id":"rJoTRck5M","textBg":{"fill":{"opac":1,"rgb":"#666"}},"cover":{"selectedKey":"fill","fill":{"opac":0.8,"rgb":"#FFF"}},"text":{"rType":"text","val":"Tom goes to bed at 11.30pm."}}},"p":["SJcY05y9G","BkT50ckcG","rkhhC5y5M","rJoTRck5M"]}},"SkN7CqJ9G":{"type":"group","id":"SkN7CqJ9G","textBg":{"fill":{"opac":1,"rgb":"#ffffff"}},"cover":{"selectedKey":"fill","fill":{"opac":0.8,"rgb":"#c41313"}},"text":{"rType":"text","val":"FALSE"},"answers":{"i":{"r12xJoycf":{"type":"answer","id":"r12xJoycf","textBg":{"fill":{"opac":1,"rgb":"#666"}},"cover":{"selectedKey":"fill","fill":{"opac":0.8,"rgb":"#FFF"}},"text":{"rType":"text","val":"Tom reads the newspaper\nin the lounge."}},"Bkh7ko15z":{"type":"answer","id":"Bkh7ko15z","textBg":{"fill":{"opac":1,"rgb":"#666"}},"cover":{"selectedKey":"fill","fill":{"opac":0.8,"rgb":"#FFF"}},"text":{"rType":"text","val":"His father lives in Scotland."}},"rkt4yoJqz":{"type":"answer","id":"rkt4yoJqz","textBg":{"fill":{"opac":1,"rgb":"#666"}},"cover":{"selectedKey":"fill","fill":{"opac":0.8,"rgb":"#FFF"}},"text":{"rType":"text","val":"Tom and his sister eat before playing tennis."}},"Sk8L1skcz":{"type":"answer","id":"Sk8L1skcz","textBg":{"fill":{"opac":1,"rgb":"#666"}},"cover":{"selectedKey":"fill","fill":{"opac":0.8,"rgb":"#FFF"}},"text":{"rType":"text","val":"Tom goes swimming at five o'clock."}},"HkMvkjkqG":{"type":"answer","id":"HkMvkjkqG","textBg":{"fill":{"opac":1,"rgb":"#666"}},"cover":{"selectedKey":"fill","fill":{"opac":0.8,"rgb":"#FFF"}},"text":{"rType":"text","val":"Tom drives to his brother's house."}}},"p":["r12xJoycf","Bkh7ko15z","rkt4yoJqz","Sk8L1skcz","HkMvkjkqG"]}}},"p":["HJJMR9k5z","SkN7CqJ9G"]}}},"ByJuT5kqz":{"id":"ByJuT5kqz","type":"interactive","subtype":"interactiveRichText","setup":{"frmeTp":{"selectedKey":"leftLine"},"bg":{"fill":{"opac":0.2,"rgb":"#fff"}},"frmeColo":{"color":{"opac":1,"rgb":"#007199"}},"txt":{"rType":"richtext","val":{"ops":[{"attributes":{"color":"#e50a4f"},"insert":"EXERCISES"},{"attributes":{"size":"medium"},"insert":"\n\n"},{"insert":"TRUE","attributes":{"color":"#007199","bold":true}},{"insert":" or ","attributes":{"bold":true,"color":"#000000"}},{"insert":"FALSE","attributes":{"color":"#ff0000","bold":true}},{"insert":"\n","attributes":{"size":"medium"}},{"insert":"(Read the text first)","attributes":{"italic":true,"color":"#000000"}},{"insert":"\n\n","attributes":{"size":"normal"}},{"insert":"On Sunday, Tom gets up at 10 o'clock. Then he reads his newspaper in the kitchen. \n"},{"insert":"\n","attributes":{"size":"small"}},{"insert":"He has breakfast at 11.30 and then he telephones his mother in Scotland.\n"},{"insert":"\n","attributes":{"size":"small"}},{"insert":"In the afternoon, at 1.00, Tom plays tennis with his sister and after that, they eat dinner in a restaurant. At 6.00, Tom swims for one hour and then he goes by bike to his brother´s house. They talk and listen to music.\n"},{"insert":"\n","attributes":{"size":"small"}},{"insert":"Tom watches television in the evening and drinks a glass of Jack Daniel's whiskey. He goes to bed at 11.30.\n"}]}},"rType":"richtext","padd":40,"vali":"middle"}}},"v":"1"}