{"i":{"B14r32t8G":{"id":"B14r32t8G","type":"slide","setup":{"transparentBg":{"selectedKey":false},"bord":{"size":0,"rad":0},"bg":{"selectedKey":"image","fill":{"opac":1,"rgb":"#FFF"},"img":{"filt":{"opac":100,"gray":0,"blur":0,"tint":{"rgb":"#FFF","opac":0}},"pos":{"type":"crop","fit":{"bg":{"color":{"rgb":"#FFF","opac":100}},"vali":"center","hali":"center"},"crop":{"poi":{"x":500,"y":309.5}}},"measures":{"size":{"width":1100,"height":619}},"orig":{"rType":"asset","rSubType":"image","fileName":"cover_embed.jpg","fileSize":144133,"val":"mc-c41627e898d2330d28527ffe5bbac38a.jpg","aid":"uLq6vdw8N9L"}}}}},"rkgEHh2Y8G":{"id":"rkgEHh2Y8G","type":"interactive","subtype":"interactiveRichText","setup":{"bg":{"fill":{"opac":0.7,"rgb":"#000000"}},"txt":{"rType":"richtext","val":{"ops":[{"insert":"Embed","attributes":{"color":"#ffffff"}},{"insert":"\n","attributes":{"size":"huge"}}]}},"rType":"richtext","hali":"center","vali":"middle"}}},"v":"1"}