{"i":{"ry5CpIrKM":{"id":"ry5CpIrKM","type":"slide","setup":{"transparentBg":{"selectedKey":false},"bord":{"size":0,"rad":0},"bg":{"selectedKey":"fill","fill":{"opac":1,"rgb":"#000000"}}}},"Bygl08rtz":{"id":"Bygl08rtz","type":"interactive","subtype":"interactiveRichText","setup":{"frmeTp":{"selectedKey":"noneFrame"},"bg":{"fill":{"opac":1,"rgb":"#202948"}},"frmeColo":{"color":{"opac":1,"rgb":"#666"}},"txt":{"rType":"richtext","val":{"ops":[{"insert":"Solar System","attributes":{"bold":true,"color":"#ffffff"}},{"insert":"\n","attributes":{"size":"huge"}},{"insert":"\n","attributes":{"size":"medium"}},{"insert":"The ","attributes":{"color":"#8ccee7"}},{"insert":"Solar System","attributes":{"bold":true,"color":"#ffffff"}},{"insert":" is the gravitationally bound system comprising the ","attributes":{"color":"#8ccee7"}},{"insert":"Sun","attributes":{"bold":true,"color":"#ffffff"}},{"insert":" and the objects that orbit it, either directly or indirectly. ","attributes":{"color":"#8ccee7"}},{"insert":"\n\n","attributes":{"size":"medium"}},{"insert":"Of those objects that orbit the ","attributes":{"color":"#8ccee7"}},{"insert":"Sun","attributes":{"bold":true,"color":"#ffffff"}},{"insert":" directly, the largest eight are the planets, with the remainder being smaller objects, such as dwarf planets and small ","attributes":{"color":"#8ccee7"}},{"insert":"Solar System ","attributes":{"bold":true,"color":"#ffffff"}},{"insert":"bodies. ","attributes":{"color":"#8ccee7"}},{"insert":"\n\n","attributes":{"size":"medium"}},{"insert":"Of the objects that orbit the ","attributes":{"color":"#8ccee7"}},{"insert":"Sun","attributes":{"color":"#ffffff","bold":true}},{"insert":" indirectly, the moons, two are larger than the smallest planet, ","attributes":{"color":"#8ccee7"}},{"insert":"Mercury","attributes":{"color":"#ffffff","bold":true}},{"insert":".","attributes":{"color":"#8ccee7"}},{"insert":"\n","attributes":{"size":"medium"}},{"insert":"\n"}]}},"rType":"richtext","hali":"left","vali":"middle","padd":53}},"B1t40UHYz":{"id":"B1t40UHYz","type":"interactive","subtype":"interactiveLinkedImages","setup":{"imgs":{"i":{"rJq4RISFM":{"type":"image","id":"rJq4RISFM","style":{"selectedKey":"textFooter"},"txtBg":{"fill":{"opac":0.58,"rgb":"#007199"}},"bg":{"selectedKey":"image","img":{"filt":{"opac":100,"gray":0,"blur":0,"tint":{"rgb":"#202948","opac":0.38}},"pos":{"type":"crop","fit":{"bg":{"color":{"rgb":"#FFF","opac":100}},"vali":"center","hali":"center"},"crop":{"poi":{"x":238,"y":236}}},"measures":{"size":{"width":480,"height":480}},"orig":{"rType":"asset","rSubType":"image","fileName":"solarsystem2.gif","fileSize":2008893,"val":"mc-06313f9458961fcaf66a8d37cb8b9a2f.gif","aid":"L4hb3njh9aO"}}},"name":{"rType":"text","val":"Home"},"desc":{"rType":"richtext","val":{"ops":[{"attributes":{"color":"#ffffff"},"insert":"Click in icons to see more info"},{"attributes":{"size":"medium"},"insert":"\n"}]}},"e":{"i":{"rk650IHFf":{"type":"element","id":"rk650IHFf","link":{"val":"HkCwRLBYG"},"animation":{"selectedKey":"fade"},"pos":{"x":504,"y":500},"icon":{"selectedKey":14},"size":{"selectedKey":"s"},"iconColor":{"opac":1,"rgb":"#e50a4f"}},"rJU008rFM":{"type":"element","id":"rJU008rFM","link":{"val":"H1BuALHFM"},"animation":{"selectedKey":"fade"},"pos":{"x":339,"y":504},"icon":{"selectedKey":14},"size":{"selectedKey":"s"},"iconColor":{"opac":1,"rgb":"#82a419"}},"Hyv1yPHFf":{"type":"element","id":"Hyv1yPHFf","link":{"val":"HyEKCLrtM"},"animation":{"selectedKey":"fade"},"pos":{"x":164,"y":508},"icon":{"selectedKey":14},"size":{"selectedKey":"s"},"iconColor":{"opac":1,"rgb":"#82a419"}}},"p":["rk650IHFf","rJU008rFM","Hyv1yPHFf"]}},"HkCwRLBYG":{"type":"image","id":"HkCwRLBYG","style":{"selectedKey":"textOverlapping"},"txtBg":{"fill":{"opac":0.59,"rgb":"#000"}},"bg":{"selectedKey":"image","img":{"filt":{"opac":100,"gray":0,"blur":0,"tint":{"rgb":"#FFF","opac":0}},"pos":{"type":"crop","fit":{"bg":{"color":{"rgb":"#FFF","opac":100}},"vali":"center","hali":"center"},"crop":{"poi":{"x":150,"y":137}}},"measures":{"size":{"width":300,"height":300}},"orig":{"rType":"asset","rSubType":"image","fileName":"sun2.gif","fileSize":1865775,"val":"mc-4586fb6810eedcfaff8fa9f9315d3222.gif","aid":"nE09pN7G61U"}}},"name":{"rType":"text","val":"Sun"},"desc":{"rType":"richtext","val":{"ops":[{"insert":"The ","attributes":{"color":"#f8f860"}},{"insert":"Sun","attributes":{"color":"#ffffff","bold":true}},{"insert":" is the star at the center of the ","attributes":{"color":"#f8f860"}},{"insert":"Solar System","attributes":{"color":"#ffffff","bold":true}},{"insert":". It is a nearly perfect sphere of hot plasma, with internal convective motion that generates a magnetic field via ","attributes":{"color":"#f8f860"}},{"insert":"\n","attributes":{"size":"medium"}},{"insert":"a dynamo process.","attributes":{"color":"#f8f860"}},{"insert":"\n\n","attributes":{"size":"medium"}},{"insert":" It is by far the most important source of energy for life on ","attributes":{"color":"#f8f860"}},{"insert":"Earth","attributes":{"bold":true,"color":"#ffffff"}},{"insert":".","attributes":{"color":"#f8f860"}},{"insert":"\n","attributes":{"size":"medium"}}]},"vali":"middle","padd":47},"e":{"i":{"rJgq1DSKf":{"type":"element","id":"rJgq1DSKf","link":{"val":"rJq4RISFM"},"animation":{"selectedKey":"fade"},"pos":{"x":944,"y":44},"icon":{"selectedKey":18},"size":{"selectedKey":"m"},"iconColor":{"opac":1,"rgb":"#fff"}}},"p":["rJgq1DSKf"]}},"H1BuALHFM":{"type":"image","id":"H1BuALHFM","style":{"selectedKey":"textOverlapping"},"txtBg":{"fill":{"opac":0.58,"rgb":"#202948"}},"bg":{"selectedKey":"image","img":{"filt":{"opac":100,"gray":0,"blur":0,"tint":{"rgb":"#FFF","opac":0}},"pos":{"type":"crop","fit":{"bg":{"color":{"rgb":"#FFF","opac":100}},"vali":"center","hali":"center"},"crop":{"poi":{"x":416,"y":425}}},"measures":{"size":{"width":839,"height":560}},"orig":{"rType":"asset","rSubType":"image","fileName":"earth_moon.jpg","fileSize":71022,"val":"mc-0d041b2ebb185db9053ec67cf5b6e79c.jpg","aid":"7LrDqqhVlxr"}}},"name":{"rType":"text","val":"Earth"},"desc":{"rType":"richtext","val":{"ops":[{"insert":"Earth","attributes":{"bold":true,"color":"#ffffff"}},{"insert":" is the third planet from the ","attributes":{"color":"#ffffff"}},{"insert":"Sun","attributes":{"bold":true,"color":"#ffffff"}},{"insert":" and the only object in the Universe known to harbor life. According to radiometric dating and other sources of evidence, ","attributes":{"color":"#ffffff"}},{"insert":"Earth","attributes":{"bold":true,"color":"#ffffff"}},{"insert":" formed over 4 billion years ago. ","attributes":{"color":"#ffffff"}},{"insert":"\n\n","attributes":{"size":"medium"}},{"insert":"Earth","attributes":{"bold":true,"color":"#ffffff"}},{"insert":"'s gravity interacts with other objects in space, especially the ","attributes":{"color":"#ffffff"}},{"insert":"Sun","attributes":{"bold":true,"color":"#ffffff"}},{"insert":" and the ","attributes":{"color":"#ffffff"}},{"insert":"Moon","attributes":{"bold":true,"color":"#ffffff"}},{"insert":", ","attributes":{"color":"#ffffff"}},{"insert":"Earth","attributes":{"bold":true,"color":"#ffffff"}},{"insert":"'s only natural satellite.","attributes":{"color":"#ffffff"}},{"insert":"\n","attributes":{"size":"medium"}}]},"vali":"bottom","padd":34,"hali":"left"},"e":{"i":{"r1zHeDHFz":{"type":"element","id":"r1zHeDHFz","link":{"val":"rJq4RISFM"},"animation":{"selectedKey":"fade"},"pos":{"x":953,"y":40},"icon":{"selectedKey":18},"size":{"selectedKey":"m"},"iconColor":{"opac":1,"rgb":"#ffffff"}},"SyHWzPrFz":{"type":"element","id":"SyHWzPrFz","link":{"val":"S1ovMwrYM"},"animation":{"selectedKey":"right"},"pos":{"x":204,"y":348},"icon":{"selectedKey":14},"size":{"selectedKey":"m"},"iconColor":{"opac":1,"rgb":"#fff"}}},"p":["r1zHeDHFz","SyHWzPrFz"]}},"HyEKCLrtM":{"type":"image","id":"HyEKCLrtM","style":{"selectedKey":"textOverlapping"},"txtBg":{"fill":{"opac":0.06,"rgb":"#202948"}},"bg":{"selectedKey":"image","img":{"filt":{"opac":100,"gray":0,"blur":0,"tint":{"rgb":"#000000","opac":0.3}},"pos":{"type":"fit","fit":{"bg":{"color":{"rgb":"#000000","opac":100}},"vali":"top","hali":"center"},"crop":{"poi":{"x":226,"y":126}}},"measures":{"size":{"width":474,"height":266}},"orig":{"rType":"asset","rSubType":"image","fileName":"saturn-planet-planet-s.jpg","fileSize":13447,"val":"mc-a26693c5a77d008c11509c9141f90252.jpg","aid":"lLkZx3Tq_1H"},"txtBg":{"fill":{"opac":1,"rgb":"#202948"}}}},"name":{"rType":"text","val":"Saturn"},"desc":{"rType":"richtext","vali":"bottom","val":{"ops":[{"insert":"Saturn","attributes":{"bold":true,"color":"#ffffff"}},{"insert":" is the sixth planet from the ","attributes":{"color":"#ffffff"}},{"insert":"Sun","attributes":{"bold":true,"color":"#ffffff"}},{"insert":" and the second-largest in the","attributes":{"color":"#ffffff"}},{"insert":" ","attributes":{"bold":true,"color":"#ffffff"}},{"insert":"Solar System","attributes":{"bold":true,"color":"#ffffff","link":"https://en.wikipedia.org/wiki/Solar_System"}},{"insert":", after Jupiter. It is a gas giant with an average radius about nine times that of ","attributes":{"color":"#ffffff"}},{"insert":"Earth","attributes":{"bold":true,"color":"#ffffff"}},{"insert":". ","attributes":{"color":"#ffffff"}},{"insert":"\n\n","attributes":{"size":"medium"}},{"insert":"It has only one-eighth the average density of ","attributes":{"color":"#ffffff"}},{"insert":"Earth","attributes":{"bold":true,"color":"#ffffff"}},{"insert":", but with its larger volume ","attributes":{"color":"#ffffff"}},{"insert":"Saturn","attributes":{"bold":true,"color":"#ffffff"}},{"insert":" is over 95 times more massive.","attributes":{"color":"#ffffff"}},{"insert":"\n","attributes":{"size":"medium"}}]},"padd":37},"e":{"i":{"B1EkbvStz":{"type":"element","id":"B1EkbvStz","link":{"val":"rJq4RISFM"},"animation":{"selectedKey":"fade"},"pos":{"x":953,"y":40},"icon":{"selectedKey":18},"size":{"selectedKey":"m"},"iconColor":{"opac":1,"rgb":"#fff"}}},"p":["B1EkbvStz"]}},"S1ovMwrYM":{"type":"image","id":"S1ovMwrYM","style":{"selectedKey":"textOverlapping"},"txtBg":{"fill":{"opac":0.29,"rgb":"#202948"}},"bg":{"selectedKey":"image","img":{"filt":{"opac":100,"gray":100,"blur":0,"tint":{"rgb":"#202948","opac":0.32}},"pos":{"type":"crop","fit":{"bg":{"color":{"rgb":"#FFF","opac":100}},"vali":"center","hali":"center"},"crop":{"poi":{"x":183,"y":180}}},"measures":{"size":{"width":360,"height":360}},"orig":{"rType":"asset","rSubType":"image","fileName":"moon2_ret.gif","fileSize":1936523,"val":"mc-a9d830a891b7e0645246b7400efafad5.gif","aid":"uyB9zTTT9sZ"}}},"name":{"rType":"text","val":"Moon"},"desc":{"rType":"richtext","val":{"ops":[{"insert":"\n","attributes":{"size":"medium"}},{"insert":"The ","attributes":{"color":"#b5b5b5"}},{"insert":"Moon","attributes":{"color":"#ffffff","bold":true}},{"insert":" is an astronomical body that orbits planet","attributes":{"color":"#b5b5b5"}},{"insert":" Earth","attributes":{"color":"#ffffff","bold":true}},{"insert":", being ","attributes":{"color":"#b5b5b5"}},{"insert":"Earth","attributes":{"bold":true,"color":"#ffffff"}},{"insert":"'s only permanent natural satellite. It is the fifth-largest natural satellite in the ","attributes":{"color":"#b5b5b5"}},{"insert":"Solar System","attributes":{"bold":true,"color":"#ffffff"}},{"insert":", and the largest among planetary satellites relative to the size of the planet that it orbits (its primary). ","attributes":{"color":"#b5b5b5"}},{"insert":"\n\n","attributes":{"size":"medium"}},{"insert":"Following ","attributes":{"color":"#b5b5b5"}},{"insert":"Jupiter","attributes":{"color":"#ffffff","bold":true}},{"insert":"'s satellite Io, the ","attributes":{"color":"#b5b5b5"}},{"insert":"Moon","attributes":{"bold":true,"color":"#ffffff"}},{"insert":" is the second-densest satellite in the ","attributes":{"color":"#b5b5b5"}},{"insert":"Solar System","attributes":{"color":"#ffffff","bold":true}},{"insert":" among those whose densities are known.","attributes":{"color":"#b5b5b5"}},{"insert":"\n","attributes":{"size":"medium"}}]},"padd":57},"e":{"i":{"H1wGQwBtz":{"type":"element","id":"H1wGQwBtz","link":{"val":"H1BuALHFM"},"animation":{"selectedKey":"left"},"pos":{"x":935,"y":52},"icon":{"selectedKey":8},"size":{"selectedKey":"m"},"iconColor":{"opac":1,"rgb":"#fff"}}},"p":["H1wGQwBtz"]}}},"p":["rJq4RISFM","HkCwRLBYG","H1BuALHFM","HyEKCLrtM","S1ovMwrYM"]}}}},"v":"1"}