{"i":{"HkpdlTauH":{"id":"HkpdlTauH","type":"slide","setup":{"bord":{"size":0,"rad":0},"bg":{"selectedKey":"fill","fill":{"opac":1,"rgb":"#fff"}},"transparentBg":{"selectedKey":false}}},"SJ-6Olpaur":{"id":"SJ-6Olpaur","type":"interactive","subtype":"interactiveDragDrop","setup":{"cover":{"selectedKey":"image","img":{"filt":{"opac":100,"gray":0,"blur":0,"tint":{"rgb":"#000000","opac":0}},"pos":{"type":"crop","fit":{"bg":{"color":{"rgb":"#FFF","opac":100}},"vali":"center","hali":"center"},"crop":{"poi":{"x":429,"y":836}}},"measures":{"size":{"width":1080,"height":1796}},"orig":{"rType":"asset","rSubType":"image","fileName":"unsplash.jpg","fileSize":0,"val":"mc-086ff7a86664aad17489f7c5f59acc04.jpg","aid":"HkTOgaTuH"}}},"desc":{"rType":"text","val":"\nProve yourself!"},"groups":{"i":{"BJGxxe8VV":{"type":"group","id":"BJGxxe8VV","textBg":{"fill":{"opac":1,"rgb":"#fff"}},"cover":{"selectedKey":"image","fill":{"opac":0.8,"rgb":"#FFF"},"img":{"filt":{"opac":100,"gray":0,"blur":0,"tint":{"rgb":"#000000","opac":0.5}},"pos":{"type":"crop","fit":{"bg":{"color":{"rgb":"#FFF","opac":100}},"vali":"center","hali":"center"},"crop":{"poi":{"x":546.5,"y":358.5}}},"measures":{"size":{"width":1080,"height":717}},"orig":{"rType":"asset","rSubType":"image","fileName":"unsplash.jpg","fileSize":0,"val":"mc-f0e451a5682465cbb0673c30145423ff.jpg","aid":"Skeaux66_S"}}},"text":{"rType":"text","val":"Antarctica"},"answers":{"i":{"SJeH-lL4V":{"type":"answer","id":"SJeH-lL4V","textBg":{"fill":{"opac":1,"rgb":"#000000"}},"cover":{"selectedKey":"fill","fill":{"opac":0.8,"rgb":"#FFF"}},"text":{"rType":"text","val":"Tallest mountain average contintent"}},"Sk9YWgIEV":{"type":"answer","id":"Sk9YWgIEV","textBg":{"fill":{"opac":1,"rgb":"#000000"}},"cover":{"selectedKey":"fill","fill":{"opac":0.8,"rgb":"#FFF"}},"text":{"rType":"text","val":"Military activities and mineral mining prohibited"}},"HJs1MeLNV":{"type":"answer","id":"HJs1MeLNV","textBg":{"fill":{"opac":1,"rgb":"#000000"}},"cover":{"selectedKey":"fill","fill":{"opac":0.8,"rgb":"#FFF"}},"text":{"rType":"text","val":"Unexplored until 1820"}}},"p":["SJeH-lL4V","Sk9YWgIEV","HJs1MeLNV"]}},"HJ5rlx8NN":{"type":"group","id":"HJ5rlx8NN","textBg":{"fill":{"opac":1,"rgb":"#fff"}},"cover":{"selectedKey":"image","fill":{"opac":0.8,"rgb":"#FFF"},"img":{"filt":{"opac":100,"gray":0,"blur":0,"tint":{"rgb":"#000000","opac":0.5}},"pos":{"type":"crop","fit":{"bg":{"color":{"rgb":"#FFF","opac":100}},"vali":"center","hali":"center"},"crop":{"poi":{"x":216,"y":423}}},"measures":{"size":{"width":1080,"height":721}},"orig":{"rType":"asset","rSubType":"image","fileName":"unsplash.jpg","fileSize":0,"val":"mc-f72c13a743dd9cf5518845a41389059e.jpg","aid":"B1Zpuxaaur"}}},"text":{"rType":"text","val":"Arctic"},"answers":{"i":{"HJG0lxUN4":{"type":"answer","id":"HJG0lxUN4","textBg":{"fill":{"opac":1,"rgb":"#000000"}},"cover":{"selectedKey":"fill","fill":{"opac":0.8,"rgb":"#FFF"}},"text":{"rType":"text","val":"Polar bears"}},"HJP1bxIEN":{"type":"answer","id":"HJP1bxIEN","textBg":{"fill":{"opac":1,"rgb":"#000000"}},"cover":{"selectedKey":"fill","fill":{"opac":0.8,"rgb":"#FFF"}},"text":{"rType":"text","val":"Floating ice"}},"SkDfZgIVV":{"type":"answer","id":"SkDfZgIVV","textBg":{"fill":{"opac":1,"rgb":"#000000"}},"cover":{"selectedKey":"fill","fill":{"opac":0.8,"rgb":"#FFF"}},"text":{"rType":"text","val":"Inhabited"}}},"p":["HJG0lxUN4","HJP1bxIEN","SkDfZgIVV"]}}},"p":["BJGxxe8VV","HJ5rlx8NN"]}}},"rylaueTaur":{"id":"rylaueTaur","type":"interactive","subtype":"interactiveRichText","setup":{"frmeTp":{"selectedKey":"noneFrame"},"bg":{"fill":{"opac":0,"rgb":"#fff"}},"txt":{"rType":"richtext","val":{"ops":[{"insert":"EXERCISES","attributes":{"color":"#e50a4f"}},{"insert":"\n","attributes":{"size":"medium"}},{"insert":"\n","attributes":{"size":"small"}},{"insert":"Sort","attributes":{"color":"#000000","bold":true}},{"insert":"\n\n","attributes":{"size":"huge"}},{"insert":"This is an auto-training exercise so that your users can enhance their learning. \n"},{"attributes":{"size":"small"},"insert":"\n"},{"insert":"Users can put their knowledge to the test by dragging the answers that go with each group. \n"},{"insert":"\n","attributes":{"size":"normal"}}]}},"rType":"richtext","hali":"","vali":"middle","paddV1":30}}},"v":"1"}