{"i":{"rkedSBI6b":{"id":"rkedSBI6b","type":"slide","setup":{"transparentBg":{"selectedKey":false},"bord":{"size":0,"rad":5},"bg":{"selectedKey":"fill","fill":{"opac":1,"rgb":"#FFF"},"img":{"filt":{"opac":100,"gray":0,"blur":0,"tint":{"rgb":"#FFF","opac":0}},"pos":{"type":"crop","fit":{"bg":{"color":{"rgb":"#FFF","opac":100}},"vali":"center","hali":"center"},"crop":{"poi":{"orig":{"x":50,"y":50},"cust":{"x":50,"y":50}}}}}}}},"HJ33SHU6b":{"id":"HJ33SHU6b","type":"interactive","subtype":"interactiveABC","setup":{"cover":{"selectedKey":"image","img":{"filt":{"opac":100,"gray":0,"blur":0,"tint":{"rgb":"#FFF","opac":0}},"pos":{"type":"crop","fit":{"bg":{"color":{"rgb":"#FFF","opac":100}},"vali":"center","hali":"center"},"crop":{"poi":{"x":1270,"y":827}}},"measures":{"size":{"width":2496,"height":1664}},"orig":{"rType":"asset","rSubType":"image","fileName":"shutterstock_15593956.jpg","fileSize":814593,"val":"mc-0a7bb313f3857657c6117a6debfaf63f.jpg","aid":"r0oD2Yv-XKC"}}},"desc":{"rType":"text","val":"Look at these images and \nchoose the correct word for each picture."},"quest":{"i":{"SJsMISI6W":{"type":"question","id":"SJsMISI6W","text":{"rType":"text","val":"What is this?"},"img":{"filt":{"opac":100,"gray":0,"blur":0,"tint":{"rgb":"#FFF","opac":0}},"pos":{"type":"crop","fit":{"bg":{"color":{"rgb":"#FFF","opac":100}},"vali":"center","hali":"center"},"crop":{"poi":{"x":162,"y":268}}},"measures":{"size":{"width":540,"height":307}},"orig":{"rType":"asset","rSubType":"image","fileName":"110324153504_1_540x360.jpg","fileSize":18716,"val":"mc-80669e38b459a6e9a7b43d8f42bf103b.jpg","aid":"txo6pIu6WR4"}},"answ":{"i":{"SJ0V8BU6W":{"type":"answer","id":"SJ0V8BU6W","text":{"val":"Sky"}},"HkDBLrL6Z":{"type":"answer","id":"HkDBLrL6Z","text":{"val":"World"}},"r1Smhj15z":{"type":"answer","id":"r1Smhj15z","text":{"val":"Weather"}},"HkZEnsk9M":{"type":"answer","id":"HkZEnsk9M","text":{"val":"Rain"}}},"p":["SJ0V8BU6W","HkDBLrL6Z","r1Smhj15z","HkZEnsk9M"],"corrects":["SJ0V8BU6W"]}},"SkZOUrUa-":{"type":"question","id":"SkZOUrUa-","text":{"rType":"text","val":"What is this?"},"img":{"filt":{"opac":100,"gray":0,"blur":0,"tint":{"rgb":"#FFF","opac":0}},"pos":{"type":"crop","fit":{"bg":{"color":{"rgb":"#FFF","opac":100}},"vali":"center","hali":"center"},"crop":{"poi":{"x":254,"y":277}}},"measures":{"size":{"width":750,"height":422}},"orig":{"rType":"asset","rSubType":"image","fileName":"income-tax-calculator-2018-budget-thumb.jpg","fileSize":47190,"val":"mc-2e590f48f1524e04687ac360bb328043.jpg","aid":"L05HdwvcyNy"}},"answ":{"i":{"Syb1FH8Tb":{"type":"answer","id":"Syb1FH8Tb","text":{"val":"Computer"}},"BJwyYr8p-":{"type":"answer","id":"BJwyYr8p-","text":{"val":"Calculator"}},"H1gphi1cf":{"type":"answer","id":"H1gphi1cf","text":{"val":"ATM"}},"B1uahjJcz":{"type":"answer","id":"B1uahjJcz","text":{"val":"Machine"}}},"p":["Syb1FH8Tb","BJwyYr8p-","H1gphi1cf","B1uahjJcz"],"corrects":["BJwyYr8p-"]}},"BkXChjyqz":{"type":"question","id":"BkXChjyqz","text":{"rType":"text","val":"What is this?"},"img":{"filt":{"opac":100,"gray":0,"blur":0,"tint":{"rgb":"#FFF","opac":0}},"pos":{"type":"crop","fit":{"bg":{"color":{"rgb":"#FFF","opac":100}},"vali":"center","hali":"center"},"crop":{"poi":{"x":83,"y":146}}},"measures":{"size":{"width":768,"height":576}},"orig":{"rType":"asset","rSubType":"image","fileName":"colored-pencils-drawsketch-56a26e015f9b58b7d0ca3626.jpg","fileSize":56199,"val":"mc-8d4e76f874d5d4738be9277a3ff21393.jpg","aid":"t59TzhXGLE8"}},"answ":{"i":{"BJGbajJ5f":{"type":"answer","id":"BJGbajJ5f","text":{"val":"Pencils"}},"ryUZ6s1qM":{"type":"answer","id":"ryUZ6s1qM","text":{"val":"Paints"}},"BycbTsk9G":{"type":"answer","id":"BycbTsk9G","text":{"val":"Paper"}},"B1p-pikcz":{"type":"answer","id":"B1p-pikcz","text":{"val":"Pens"}}},"p":["BJGbajJ5f","ryUZ6s1qM","BycbTsk9G","B1p-pikcz"],"corrects":["BJGbajJ5f"]}},"BJ6M6oy9M":{"type":"question","id":"BJ6M6oy9M","text":{"rType":"text","val":"What is this?"},"img":{"filt":{"opac":100,"gray":0,"blur":0,"tint":{"rgb":"#FFF","opac":0}},"pos":{"type":"crop","fit":{"bg":{"color":{"rgb":"#FFF","opac":100}},"vali":"center","hali":"center"},"crop":{"poi":{"x":501,"y":119}}},"measures":{"size":{"width":852,"height":480}},"orig":{"rType":"asset","rSubType":"image","fileName":"moon.jpg","fileSize":21202,"val":"mc-14d012cc01bb68121f5a4e75b4a79e57.jpg","aid":"vITRghCG8qU"}},"answ":{"i":{"SkRPTs15M":{"type":"answer","id":"SkRPTs15M","text":{"val":"Moon"}},"rkV_ajy9f":{"type":"answer","id":"rkV_ajy9f","text":{"val":"Sun"}},"SycOpjJcM":{"type":"answer","id":"SycOpjJcM","text":{"val":"World"}},"SJ0O6oyqG":{"type":"answer","id":"SJ0O6oyqG","text":{"val":"Planet"}}},"p":["SkRPTs15M","rkV_ajy9f","SycOpjJcM","SJ0O6oyqG"],"corrects":["SkRPTs15M"]}}},"p":["SJsMISI6W","SkZOUrUa-","BkXChjyqz","BJ6M6oy9M"]}}},"rybFSBLp-":{"id":"rybFSBLp-","type":"interactive","subtype":"interactiveRichText","setup":{"bg":{"fill":{"opac":0.2,"rgb":"#FFF"}},"txt":{"rType":"richtext","val":{"ops":[{"insert":"ABC + Image exercise ","attributes":{"color":"#000000","bold":true}},{"insert":"\n","attributes":{"size":"large"}},{"insert":"\n"},{"insert":"This is an auto-training exercise so that your users can consolidate their learning. Through a series multiple choice type questions, the user can test their knowledge and select the correct answer. ","attributes":{"color":"#999999"}},{"insert":"\n\n"},{"insert":"Once they complete the exercise, the user can repeat it as many times as they like. ","attributes":{"color":"#999999"}},{"insert":"\n"}]}},"rType":"richtext","vali":"bottom","frmeTp":{"selectedKey":"noneFrame"},"frmeColo":{"color":{"opac":1,"rgb":"#666"}}}}},"v":"1"}