{"i":{"SkXb0ck9f":{"id":"SkXb0ck9f","type":"slide","setup":{"transparentBg":{"selectedKey":false},"bord":{"size":30,"rad":0},"bg":{"selectedKey":"image","fill":{"opac":1,"rgb":"#FFF"},"img":{"filt":{"opac":100,"gray":0,"blur":0,"tint":{"rgb":"#FFF","opac":0}},"pos":{"type":"crop","fit":{"bg":{"color":{"rgb":"#FFF","opac":100}},"vali":"center","hali":"center"},"crop":{"poi":{"x":517.5,"y":337.5}}},"measures":{"size":{"width":1200,"height":675}},"orig":{"rType":"asset","rSubType":"image","fileName":"cards1.jpg","fileSize":183258,"val":"mc-b5250ddd8434a7d644f8d6d14ccf2c61.jpg","aid":"tGOL03fiOjk"}}}}},"BJtbyiJqM":{"id":"BJtbyiJqM","type":"interactive","subtype":"interactiveCard","setup":{"animation":{"selectedKey":"fade"},"front":{"selectedKey":"fill","fill":{"opac":0.7,"rgb":"#ffffff"},"txt":{"rType":"richtext","val":{"ops":[{"attributes":{"color":"#000000","bold":true},"insert":"Background"},{"insert":"\n","attributes":{"size":"huge"}}]}},"rType":"richtext","hali":"center","vali":"middle"},"back":{"selectedKey":"image","fill":{"opac":0.87,"rgb":"#8ccee7"},"txt":{"rType":"richtext","val":{"ops":[{"insert":"Set a background ","attributes":{"bold":true,"color":"#523321"}},{"insert":"color","attributes":{"bold":true,"color":"#ffffff"}},{"insert":" or ","attributes":{"bold":true,"color":"#523321"}},{"insert":"image","attributes":{"bold":true,"color":"#ffffff"}},{"insert":" ","attributes":{"color":"#523321"}},{"insert":"in the selector of the properties panel.","attributes":{"bold":true,"color":"#523321"}},{"insert":"\n","attributes":{"size":"medium"}},{"insert":" ","attributes":{"bold":true,"color":"#523321"}},{"insert":"\n","attributes":{"size":"medium"}},{"insert":"You can combine a side with color and the other side with an image or configure both side with the same type of background, you decide!","attributes":{"bold":true,"color":"#523321"}},{"insert":"\n","attributes":{"size":"medium"}}]}},"rType":"richtext","padd":48,"vali":"middle","img":{"filt":{"opac":100,"gray":21,"blur":0,"tint":{"rgb":"#eccc06","opac":0.62}},"pos":{"type":"crop","fit":{"bg":{"color":{"rgb":"#FFF","opac":100}},"vali":"center","hali":"center"},"crop":{"poi":{"x":304,"y":415}}},"measures":{"size":{"width":467,"height":700}},"orig":{"rType":"asset","rSubType":"image","fileName":"card_bg.jpg","fileSize":132268,"val":"mc-2a1b50a42fb522d7636f9b03da29f2e4.jpg","aid":"ct4cAAPuCsu"}}}}},"S1lQZC9y5f":{"id":"S1lQZC9y5f","type":"interactive","subtype":"interactiveCard","setup":{"animation":{"selectedKey":"fade"},"front":{"selectedKey":"fill","fill":{"opac":0.7,"rgb":"#ffffff"},"txt":{"rType":"richtext","val":{"ops":[{"attributes":{"color":"#000000","bold":true},"insert":"Text"},{"insert":"\n","attributes":{"size":"huge"}}]}},"rType":"richtext","hali":"center","vali":"middle"},"back":{"selectedKey":"fill","fill":{"opac":0.87,"rgb":"#007199"},"txt":{"rType":"richtext","val":{"ops":[{"insert":"You can ","attributes":{"color":"#8ccee7"}},{"insert":"edit the text directly on the slide","attributes":{"color":"#ffffff","bold":true}},{"insert":" on both sides of the card, with the same options as the text element.","attributes":{"color":"#8ccee7"}},{"insert":"\n","attributes":{"size":"medium"}}]}},"rType":"richtext","padd":100,"vali":"middle","hali":"left"}}}},"v":"1"}