{"i":{"SdpMoGq73":{"id":"SdpMoGq73","type":"slide","setup":{"transparentBg":{"selectedKey":false},"bord":{"size":0,"rad":0},"bg":{"selectedKey":"fill","fill":{"opac":1,"rgb":"#fbfbfb"},"img":{"filt":{"opac":100,"gray":0,"blur":0,"tint":{"rgb":"#FFF","opac":0}},"pos":{"type":"crop","fit":{"bg":{"color":{"rgb":"#FFF","opac":100}},"vali":"center","hali":"center"},"crop":{"poi":{"x":540,"y":371.5}}},"measures":{"size":{"width":1080,"height":1350}}}}}},"u2ero4ZCJZ":{"id":"u2ero4ZCJZ","type":"interactive","subtype":"interactiveMemory","setup":{"cover":{"selectedKey":"image","img":{"filt":{"opac":100,"gray":0,"blur":0,"tint":{"rgb":"#FFF","opac":0}},"pos":{"type":"crop","fit":{"bg":{"color":{"rgb":"#FFF","opac":100}},"vali":"center","hali":"center"},"crop":{"bg":{"color":{"rgb":"#FFF","opac":0}},"poi":{"x":484,"y":773}},"mask":{"shape":1}},"measures":{"size":{"width":1080,"height":1620}},"orig":{"rType":"asset","rSubType":"image","fileName":"unsplash.jpg","fileSize":0,"val":"mc-6d37cd1eb451d400e49c141c59d52f97.jpg","aid":"z2JKSEMsbd"}}},"cardCover":{"selectedKey":"image","fill":{"opac":0.3,"rgb":"#000"},"img":{"filt":{"opac":100,"gray":0,"blur":0,"tint":{"rgb":"#FFF","opac":0}},"pos":{"type":"fit","fit":{"bg":{"color":{"rgb":"#FFF","opac":1}},"vali":"center","hali":"center"},"crop":{"bg":{"color":{"rgb":"#FFF","opac":0}},"poi":{"x":144,"y":154.5}},"mask":{"shape":1}},"measures":{"size":{"width":258,"height":310}},"orig":{"rType":"asset","rSubType":"image","fileName":"marks_quetion_green.jpg","fileSize":8924,"val":"mc-f4df1d7d0cacd3ea00f32c97db966ec7.jpg","aid":"M2seJzntx0"}}},"desc":{"rType":"text","val":"\nPlay and learn with our fruit game"},"gamification":{"time":{"visible":true,"value":300},"points":{"visible":true,"value":5000}},"cardsPairs":{"i":{"t3cBoBwhu":{"type":"cardsPairs","id":"t3cBoBwhu","cardA":{"bg":{"selectedKey":"image","img":{"filt":{"opac":100,"gray":0,"blur":0,"tint":{"rgb":"#FFF","opac":0}},"pos":{"type":"crop","fit":{"bg":{"color":{"rgb":"#FFF","opac":100}},"vali":"center","hali":"center"},"crop":{"bg":{"color":{"rgb":"#FFF","opac":0}},"poi":{"x":540,"y":603.5}},"mask":{"shape":1}},"measures":{"size":{"width":1080,"height":1080}},"orig":{"rType":"asset","rSubType":"image","fileName":"unsplash.jpg","fileSize":0,"val":"mc-0b89a202607330bb70c20319afd168b1.jpg","aid":"0rOiiHrrCR"}}},"style":{"selectedKey":"overlapping"},"boxColor":{"fill":{"opac":0,"rgb":"#000"}}},"cardB":{"bg":{"selectedKey":"image"},"style":{"selectedKey":"overlapping"},"boxColor":{"fill":{"opac":0.5,"rgb":"#000"}},"text":{"rType":"text","val":"Banana"}}},"62mWLzN3s":{"type":"cardsPairs","id":"62mWLzN3s","cardA":{"bg":{"selectedKey":"image","img":{"filt":{"opac":100,"gray":0,"blur":0,"tint":{"rgb":"#FFF","opac":0}},"pos":{"type":"crop","fit":{"bg":{"color":{"rgb":"#FFF","opac":100}},"vali":"center","hali":"center"},"crop":{"bg":{"color":{"rgb":"#FFF","opac":0}},"poi":{"x":540,"y":404.5}},"mask":{"shape":1}},"measures":{"size":{"width":1080,"height":792}},"orig":{"rType":"asset","rSubType":"image","fileName":"unsplash.jpg","fileSize":0,"val":"mc-958fe1ed06676206fa01b21c9dedeb43.jpg","aid":"f5IeHUoSMK"}}},"style":{"selectedKey":"overlapping"},"boxColor":{"fill":{"opac":0,"rgb":"#000"}}},"cardB":{"bg":{"selectedKey":"image"},"style":{"selectedKey":"overlapping"},"boxColor":{"fill":{"opac":0.5,"rgb":"#000"}},"text":{"rType":"text","val":"Tomato"}}},"3-esD6mT0":{"type":"cardsPairs","id":"3-esD6mT0","cardA":{"bg":{"selectedKey":"image","img":{"filt":{"opac":100,"gray":0,"blur":0,"tint":{"rgb":"#FFF","opac":0}},"pos":{"type":"crop","fit":{"bg":{"color":{"rgb":"#FFF","opac":100}},"vali":"center","hali":"center"},"crop":{"bg":{"color":{"rgb":"#FFF","opac":0}},"poi":{"x":552,"y":414}},"mask":{"shape":1}},"measures":{"size":{"width":1080,"height":720}},"orig":{"rType":"asset","rSubType":"image","fileName":"unsplash.jpg","fileSize":0,"val":"mc-fa8937fc79d9dc0904cfca9f7746f95f.jpg","aid":"G-SDBAR1nA"}}},"style":{"selectedKey":"overlapping"},"boxColor":{"fill":{"opac":0,"rgb":"#000"}}},"cardB":{"bg":{"selectedKey":"image"},"style":{"selectedKey":"overlapping"},"boxColor":{"fill":{"opac":0.5,"rgb":"#000"}},"text":{"rType":"text","val":"Cherry"}}},"V0lQcGHqb":{"type":"cardsPairs","id":"V0lQcGHqb","cardA":{"bg":{"selectedKey":"image","img":{"filt":{"opac":100,"gray":0,"blur":0,"tint":{"rgb":"#FFF","opac":0}},"pos":{"type":"crop","fit":{"bg":{"color":{"rgb":"#FFF","opac":100}},"vali":"center","hali":"center"},"crop":{"bg":{"color":{"rgb":"#FFF","opac":0}},"poi":{"x":540,"y":371.5}},"mask":{"shape":1}},"measures":{"size":{"width":1080,"height":1440}},"orig":{"rType":"asset","rSubType":"image","fileName":"unsplash.jpg","fileSize":0,"val":"mc-68025992f198ac390389a2da9aab777b.jpg","aid":"JJvjQvu_Nz"}}},"style":{"selectedKey":"overlapping"},"boxColor":{"fill":{"opac":0,"rgb":"#000"}}},"cardB":{"bg":{"selectedKey":"image"},"style":{"selectedKey":"overlapping"},"boxColor":{"fill":{"opac":0.5,"rgb":"#151515"}},"text":{"rType":"text","val":"Water melon"}}},"1Sq0dv7QA":{"type":"cardsPairs","id":"1Sq0dv7QA","cardA":{"bg":{"selectedKey":"image","img":{"filt":{"opac":100,"gray":0,"blur":0,"tint":{"rgb":"#FFF","opac":0}},"pos":{"type":"crop","fit":{"bg":{"color":{"rgb":"#FFF","opac":100}},"vali":"center","hali":"center"},"crop":{"bg":{"color":{"rgb":"#FFF","opac":0}},"poi":{"x":540,"y":503.5}},"mask":{"shape":1}},"measures":{"size":{"width":1080,"height":1080}},"orig":{"rType":"asset","rSubType":"image","fileName":"unsplash.jpg","fileSize":0,"val":"mc-8bc3084656bb43aaef420d4d29f3615f.jpg","aid":"KMZFoFTR36"}}},"style":{"selectedKey":"overlapping"},"boxColor":{"fill":{"opac":0,"rgb":"#000"}}},"cardB":{"bg":{"selectedKey":"image"},"style":{"selectedKey":"overlapping"},"boxColor":{"fill":{"opac":0.5,"rgb":"#000"}},"text":{"rType":"text","val":"Grapes"}}},"GeB6N_GWr":{"type":"cardsPairs","id":"GeB6N_GWr","cardA":{"bg":{"selectedKey":"image","img":{"filt":{"opac":100,"gray":0,"blur":0,"tint":{"rgb":"#FFF","opac":0}},"pos":{"type":"crop","fit":{"bg":{"color":{"rgb":"#FFF","opac":100}},"vali":"center","hali":"center"},"crop":{"bg":{"color":{"rgb":"#FFF","opac":0}},"poi":{"x":540,"y":404.5}},"mask":{"shape":1}},"measures":{"size":{"width":1080,"height":822}},"orig":{"rType":"asset","rSubType":"image","fileName":"unsplash.jpg","fileSize":0,"val":"mc-51fc85c5549abbeb604af7788a27448b.jpg","aid":"HH44NnN9Gg"}}},"style":{"selectedKey":"overlapping"},"boxColor":{"fill":{"opac":0,"rgb":"#000"}}},"cardB":{"bg":{"selectedKey":"image"},"style":{"selectedKey":"overlapping"},"boxColor":{"fill":{"opac":0.5,"rgb":"#000"}},"text":{"rType":"text","val":"Apple"}}}},"p":["t3cBoBwhu","62mWLzN3s","3-esD6mT0","V0lQcGHqb","1Sq0dv7QA","GeB6N_GWr"]}}},"6ni5LbRVv":{"id":"6ni5LbRVv","type":"interactive","subtype":"interactiveRichText","setup":{"frmeTp":{"selectedKey":"noneFrame"},"bg":{"fill":{"opac":0.2,"rgb":"#FFF"}},"txt":{"val":{"ops":[{"insert":"GAMES","attributes":{"color":"#e50a4f"}},{"insert":"\n","attributes":{"size":"medium"}},{"insert":"\n","attributes":{"size":"small"}},{"insert":"Memory","attributes":{"color":"#000000","bold":true}},{"insert":"\n\n","attributes":{"size":"huge"}},{"insert":"This is an interactive game that consists in finding matching pairs of cards with images and texts.","attributes":{"color":"#333333"}},{"insert":"\n\n"},{"insert":"You can create fun and different Memory games, for example, countries and capital cities, synonyms and opposites, years and events, quotes and authors, trademarks, and logos. ","attributes":{"color":"#333333"}},{"insert":"\n"}]},"rType":"richtext"},"vali":"middle","paddV1":20}}},"v":"1"}