{"i":{"cDa5JTlCI":{"id":"cDa5JTlCI","type":"slide","setup":{"bord":{"size":0,"rad":0},"bg":{"selectedKey":"fill","fill":{"opac":1,"rgb":"#d19120"}},"transparentBg":{"selectedKey":false}}},"oC5pek9O8Q":{"id":"oC5pek9O8Q","type":"interactive","subtype":"interactiveTrivial","setup":{"cover":{"selectedKey":"image","img":{"filt":{"opac":80,"gray":100,"blur":0,"tint":{"rgb":"#d19120","opac":0,"blendMode":"multiply"}},"pos":{"type":"crop","fit":{"bg":{"color":{"rgb":"#FFF","opac":100}},"vali":"center","hali":"center"},"crop":{"poi":{"x":585,"y":509}}},"measures":{"size":{"width":900,"height":1350}},"orig":{"rType":"asset","rSubType":"image","fileName":"54.jpg","fileSize":114442,"val":"mc-076eb0873e1f5638edfd15b9ac97c6bd.jpg","aid":"af92t2O1_3"}}},"desc":{"rType":"text","val":"\nFancy some Travel Quiz?\n\n"},"gamification":{"wildcards":{"value":2},"time":{"visible":true,"value":300},"points":{"visible":true,"value":5000}},"categ":{"i":{"HyAX7M7s7":{"type":"category","id":"HyAX7M7s7","fill":{"opac":1,"rgb":"#82a419"},"desc":{"rType":"text","val":"Heart"},"quest":{"i":{"rkSVXMmsQ":{"type":"question","id":"rkSVXMmsQ","text":{"rType":"text","val":"How much does the heart of a healthy, athletic adult weigh?"},"answ":{"i":{"Sy_VXf7om":{"type":"answer","id":"Sy_VXf7om","text":{"val":"500 GR"}},"r1kH7f7j7":{"type":"answer","id":"r1kH7f7j7","text":{"val":"300 GR"}},"H1XBmGmiX":{"type":"answer","id":"H1XBmGmiX","text":{"val":"200 GR"}},"rkPBXfXoQ":{"type":"answer","id":"rkPBXfXoQ","text":{"val":"510 GR"}}},"p":["Sy_VXf7om","r1kH7f7j7","H1XBmGmiX","rkPBXfXoQ"],"corrects":["Sy_VXf7om"]},"img":{"filt":{"opac":100,"gray":100,"blur":0,"tint":{"rgb":"#d19120","opac":0}},"pos":{"type":"crop","fit":{"bg":{"color":{"rgb":"#FFF","opac":100}},"vali":"center","hali":"center"},"crop":{"poi":{"x":492,"y":362}}},"measures":{"size":{"width":900,"height":599}},"orig":{"rType":"asset","rSubType":"image","fileName":"66.jpg","fileSize":42234,"val":"mc-5a02b62a121d9babcd3cfd38b8c713e4.jpg","aid":"ukJKm8NPNt"}}},"H1x8XM7jX":{"type":"question","id":"H1x8XM7jX","text":{"rType":"text","val":"The normal resting heart rate for people over 10 years of age, including older adults, is between ... beats per minute (ppm)."},"answ":{"i":{"r1I8mz7oQ":{"type":"answer","id":"r1I8mz7oQ","text":{"val":"50 - 100 "}},"HklL8mf7sX":{"type":"answer","id":"HklL8mf7sX","text":{"val":"60 - 100 "}},"H1JvmMXiQ":{"type":"answer","id":"H1JvmMXiQ","text":{"val":"60 - 120 "}},"HyzDmfQim":{"type":"answer","id":"HyzDmfQim","text":{"val":"40 - 80"}}},"p":["r1I8mz7oQ","HklL8mf7sX","H1JvmMXiQ","HyzDmfQim"],"corrects":["HklL8mf7sX"]},"img":{"filt":{"opac":100,"gray":100,"blur":0,"tint":{"rgb":"#d19120","opac":0}},"pos":{"type":"crop","fit":{"bg":{"color":{"rgb":"#FFF","opac":100}},"vali":"center","hali":"center"},"crop":{"poi":{"x":460,"y":455}}},"measures":{"size":{"width":900,"height":675}},"orig":{"rType":"asset","rSubType":"image","fileName":"67.jpg","fileSize":103766,"val":"mc-be6fa8e571669c377293864cda7befa0.jpg","aid":"UHnTIRDunh"}}}},"p":["rkSVXMmsQ","H1x8XM7jX"]}},"BJ1dQG7jm":{"type":"category","id":"BJ1dQG7jm","fill":{"opac":1,"rgb":"#ea3a3a"},"desc":{"rType":"text","val":"Muscles"},"quest":{"i":{"By4_7MQsX":{"type":"question","id":"By4_7MQsX","text":{"rType":"text","val":"Does a human have more or less muscle than a caterpillar?"},"img":{"filt":{"opac":100,"gray":100,"blur":0,"tint":{"rgb":"#d19120","opac":0}},"pos":{"type":"crop","fit":{"bg":{"color":{"rgb":"#FFF","opac":100}},"vali":"center","hali":"center"},"crop":{"poi":{"x":455,"y":244}}},"measures":{"size":{"width":900,"height":1350}},"orig":{"rType":"asset","rSubType":"image","fileName":"65.jpg","fileSize":70906,"val":"mc-2eef87306a892e8c9beb3abf7e99db14.jpg","aid":"0dDQVw-ruW"}},"answ":{"i":{"S1_2XfXiQ":{"type":"answer","id":"S1_2XfXiQ","text":{"val":"THE HUMAN HAS MORE MUSCLES"}},"r1nnXzXjX":{"type":"answer","id":"r1nnXzXjX","text":{"val":"NO, THE CATERPILLAR HAS MORE MUSCLES."}},"rkg6QM7oQ":{"type":"answer","id":"rkg6QM7oQ","text":{"val":"HAVE THE SAME MUSCLES"}},"HJQ0QGmoQ":{"type":"answer","id":"HJQ0QGmoQ","text":{"val":"THE CATERPILLAR HAS NO MUSCLES"}}},"p":["S1_2XfXiQ","r1nnXzXjX","rkg6QM7oQ","HJQ0QGmoQ"],"corrects":["r1nnXzXjX"]}},"H1OkVfmom":{"type":"question","id":"H1OkVfmom","text":{"rType":"text","val":"Which demands more energy: muscle or fat?"},"answ":{"i":{"HkZlEfQim":{"type":"answer","id":"HkZlEfQim","text":{"val":"FAT"}},"Bk8eEM7j7":{"type":"answer","id":"Bk8eEM7j7","text":{"val":"BOTH THE SAME"}},"BJcg4M7oQ":{"type":"answer","id":"BJcg4M7oQ","text":{"val":"THE MUSCLE"}},"BJpl4M7o7":{"type":"answer","id":"BJpl4M7o7","text":{"val":"NEITHER"}}},"p":["HkZlEfQim","Bk8eEM7j7","BJcg4M7oQ","BJpl4M7o7"],"corrects":["BJcg4M7oQ"]},"img":{"filt":{"opac":100,"gray":100,"blur":0,"tint":{"rgb":"#d19120","opac":0}},"pos":{"type":"crop","fit":{"bg":{"color":{"rgb":"#FFF","opac":100}},"vali":"center","hali":"center"},"crop":{"poi":{"x":493,"y":707}}},"measures":{"size":{"width":900,"height":1383}},"orig":{"rType":"asset","rSubType":"image","fileName":"61.jpg","fileSize":113112,"val":"mc-ffc8896982acef3bce3e8f4893279b8c.jpg","aid":"KuCmeqFBfz"}}}},"p":["By4_7MQsX","H1OkVfmom"]}},"rJLWEf7iQ":{"type":"category","id":"rJLWEf7iQ","fill":{"opac":1,"rgb":"#007199"},"desc":{"rType":"text","val":"Life Finess "},"quest":{"i":{"By7G4Gmjm":{"type":"question","id":"By7G4Gmjm","text":{"rType":"text","val":"Is it more effective to train at a specific time?"},"answ":{"i":{"ByIM4M7j7":{"type":"answer","id":"ByIM4M7j7","text":{"val":"Yes, in the morning from 11 am onwards."}},"BkpGVG7om":{"type":"answer","id":"BkpGVG7om","text":{"val":"Yes, in the morning from 11 a.m. or in the afternoon about 4 p.m."}},"rkg7VGXsm":{"type":"answer","id":"rkg7VGXsm","text":{"val":"It's indifferent"}},"SJOm4fmsm":{"type":"answer","id":"SJOm4fmsm","text":{"val":"Better in the morning"}}},"p":["ByIM4M7j7","BkpGVG7om","rkg7VGXsm","SJOm4fmsm"],"corrects":["BkpGVG7om"]},"img":{"filt":{"opac":100,"gray":100,"blur":0,"tint":{"rgb":"#d19120","opac":0}},"pos":{"type":"crop","fit":{"bg":{"color":{"rgb":"#FFF","opac":100}},"vali":"center","hali":"center"},"crop":{"poi":{"x":730,"y":175}}},"measures":{"size":{"width":900,"height":600}},"orig":{"rType":"asset","rSubType":"image","fileName":"THANKYOU.jpg","fileSize":179117,"val":"mc-442d9ec0fd3591d0b552077f366ab257.jpg","aid":"x7hZHOVgc_"}}},"HkUNEf7sm":{"type":"question","id":"HkUNEf7sm","text":{"rType":"text","val":"Does night training really impair sleep?"},"answ":{"i":{"Sks44MXs7":{"type":"answer","id":"Sks44MXs7","text":{"val":"No"}},"Sy2VVfmiQ":{"type":"answer","id":"Sy2VVfmiQ","text":{"val":"Yes"}},"r1w8EGXsQ":{"type":"answer","id":"r1w8EGXsQ","text":{"val":"Yeah, 'cause the adrenaline's going up."}}},"p":["Sks44MXs7","Sy2VVfmiQ","r1w8EGXsQ"],"corrects":["r1w8EGXsQ"]},"img":{"filt":{"opac":100,"gray":100,"blur":0,"tint":{"rgb":"#d19120","opac":0}},"pos":{"type":"crop","fit":{"bg":{"color":{"rgb":"#FFF","opac":100}},"vali":"center","hali":"center"},"crop":{"poi":{"x":476,"y":338}}},"measures":{"size":{"width":900,"height":1350}},"orig":{"rType":"asset","rSubType":"image","fileName":"68.jpg","fileSize":70888,"val":"mc-30e819d807336de4fd08f75867d6108e.jpg","aid":"EaQz2eC2G3"}}}},"p":["By7G4Gmjm","HkUNEf7sm"]}},"BkGu4MQsm":{"type":"category","id":"BkGu4MQsm","fill":{"opac":1,"rgb":"#eccc06"},"desc":{"rType":"text","val":"Nutricion"},"quest":{"i":{"rkpOEzmj7":{"type":"question","id":"rkpOEzmj7","text":{"rType":"text","val":"What is the food of the 4 with the most protein?"},"answ":{"i":{"SkZtEMQom":{"type":"answer","id":"SkZtEMQom","text":{"val":"Red pepper"}},"BJzKVf7jm":{"type":"answer","id":"BJzKVf7jm","text":{"val":"Broccoli"}},"SJOt4zQs7":{"type":"answer","id":"SJOt4zQs7","text":{"val":"Serrano ham"}},"BJtF4fXi7":{"type":"answer","id":"BJtF4fXi7","text":{"val":"Chicken breast"}}},"p":["SkZtEMQom","BJzKVf7jm","SJOt4zQs7","BJtF4fXi7"],"corrects":["SJOt4zQs7"]},"img":{"filt":{"opac":100,"gray":100,"blur":0,"tint":{"rgb":"#d19120","opac":0}},"pos":{"type":"crop","fit":{"bg":{"color":{"rgb":"#FFF","opac":100}},"vali":"center","hali":"center"},"crop":{"poi":{"x":571,"y":265}}},"measures":{"size":{"width":900,"height":600}},"orig":{"rType":"asset","rSubType":"image","fileName":"69.jpg","fileSize":108336,"val":"mc-9fce6c7ab65843317db9e0bc126c794a.jpg","aid":"V5F2wyk0Lr"}}}},"p":["rkpOEzmj7"]}},"Hy9fHfXiQ":{"type":"category","id":"Hy9fHfXiQ","fill":{"opac":1,"rgb":"#b5b5b5"},"desc":{"rType":"text","val":"Training"},"quest":{"i":{"r1TGSMXsX":{"type":"question","id":"r1TGSMXsX","text":{"rType":"text","val":"On a weekly routine, how many days at most can you train your abs?"},"answ":{"i":{"HJSmHzmo7":{"type":"answer","id":"HJSmHzmo7","text":{"val":"2 days"}},"B1YXBG7jm":{"type":"answer","id":"B1YXBG7jm","text":{"val":"1 day"}},"r12mrMXoX":{"type":"answer","id":"r12mrMXoX","text":{"val":"5 days"}},"S16mrz7jX":{"type":"answer","id":"S16mrz7jX","text":{"val":"3 días"}}},"p":["HJSmHzmo7","B1YXBG7jm","r12mrMXoX","S16mrz7jX"],"corrects":["S16mrz7jX"]},"img":{"filt":{"opac":100,"gray":100,"blur":0,"tint":{"rgb":"#d19120","opac":0}},"pos":{"type":"crop","fit":{"bg":{"color":{"rgb":"#FFF","opac":100}},"vali":"center","hali":"center"},"crop":{"poi":{"x":422,"y":342}}},"measures":{"size":{"width":900,"height":600}},"orig":{"rType":"asset","rSubType":"image","fileName":"48.jpg","fileSize":132490,"val":"mc-4d0f2e7ab29cdbafc48403bde9459c88.jpg","aid":"CsxBk6EGJW"}}}},"p":["r1TGSMXsX"]}}},"p":["BJ1dQG7jm","HyAX7M7s7","rJLWEf7iQ","BkGu4MQsm","Hy9fHfXiQ"]}}},"mkRByJjw7a":{"id":"mkRByJjw7a","type":"interactive","subtype":"interactiveRichText","setup":{"frmeTp":{"selectedKey":"noneFrame"},"bg":{"fill":{"opac":1,"rgb":"#409868"}},"txt":{"rType":"richtext","val":{"ops":[{"insert":"Games","attributes":{"color":"#ffffff"}},{"insert":"\n","attributes":{"size":"large"}},{"insert":". .","attributes":{"color":"#e6d7a7","bold":true}},{"insert":"\n","attributes":{"size":"huge"}},{"insert":"\n","attributes":{"size":"small"}},{"insert":"Trivial","attributes":{"color":"#ffffff"}},{"insert":"\n","attributes":{"size":"hugeTitle"}},{"insert":"\n","attributes":{"size":"large"}},{"attributes":{"color":"#ffffff"},"insert":"Click on the wheel to randomly select a category and complete the whole circle by answering the questions of each of them. Try it as many times as you need until you win the category."},{"insert":"\n","attributes":{"size":"normal"}},{"insert":"\n","attributes":{"size":"medium"}}]}},"rType":"richtext","hali":"","vali":"middle","paddV1":20}}},"v":"1"}