{"i":{"BraJTWeDy":{"id":"BraJTWeDy","type":"slide","setup":{"bord":{"size":30,"rad":10},"bg":{"selectedKey":"image","fill":{"opac":1,"rgb":"#FFF"},"img":{"filt":{"opac":100,"gray":0,"blur":0,"tint":{"rgb":"#9066dd","opac":0.15,"blendMode":"color"}},"pos":{"type":"crop","fit":{"bg":{"color":{"rgb":"#662abc","opac":0.45}},"vali":"bottom","hali":"right"},"crop":{"poi":{"x":540,"y":404.5}},"mask":{"shape":1}},"measures":{"size":{"width":1080,"height":809}},"orig":{"rType":"asset","rSubType":"image","fileName":"unsplash.jpg","fileSize":0,"val":"mc-83dddecc01f81f9a49370701b67fd7ce.jpg","aid":"jlxeuaW3S"}}},"transparentBg":{"selectedKey":false}}},"KsUbeK4UNv":{"id":"KsUbeK4UNv","type":"interactive","subtype":"interactiveCard","setup":{"animation":{"selectedKey":"discover"},"front":{"selectedKey":"image","fill":{"opac":1,"rgb":"#FFF"},"img":{"filt":{"opac":100,"gray":0,"blur":0,"tint":{"rgb":"#9066dd","opac":0,"blendMode":"screen"}},"pos":{"type":"fit","fit":{"bg":{"color":{"rgb":"#FFF","opac":1}},"vali":"center","hali":"center"},"crop":{"bg":{"color":{"rgb":"#FFF","opac":0}},"poi":{"x":212,"y":360}},"mask":{"shape":1}},"measures":{"size":{"width":427,"height":800}},"orig":{"rType":"asset","rSubType":"image","fileName":"Antes-Despues_05.png","fileSize":50509,"val":"mc-ca2f01adcbadce6846723ea8a31e3bbf.png","aid":"needHW3efu"}}},"back":{"selectedKey":"image","fill":{"opac":1,"rgb":"#FFF"},"img":{"filt":{"opac":100,"gray":0,"blur":0,"tint":{"rgb":"#9066dd","opac":0,"blendMode":"screen"}},"pos":{"type":"fit","fit":{"bg":{"color":{"rgb":"#FFF","opac":1}},"vali":"center","hali":"center"},"crop":{"bg":{"color":{"rgb":"#ffffff","opac":1}},"poi":{"x":212,"y":360}},"mask":{"shape":1}},"measures":{"size":{"width":427,"height":800}},"orig":{"rType":"asset","rSubType":"image","fileName":"Antes-Despues_06.png","fileSize":45588,"val":"mc-15de59130664c920eff1fde58c3762f2.png","aid":"Rxc5p9S_v9"}}}}},"C8KJyCQOgz":{"id":"C8KJyCQOgz","type":"interactive","subtype":"interactiveCard","setup":{"animation":{"selectedKey":"discover"},"front":{"selectedKey":"image","fill":{"opac":1,"rgb":"#FFF"},"img":{"filt":{"opac":100,"gray":0,"blur":0,"tint":{"rgb":"#9066dd","opac":0,"blendMode":"screen"}},"pos":{"type":"fit","fit":{"bg":{"color":{"rgb":"#FFF","opac":1}},"vali":"center","hali":"center"},"crop":{"bg":{"color":{"rgb":"#FFF","opac":0}},"poi":{"x":212,"y":360}},"mask":{"shape":1}},"measures":{"size":{"width":427,"height":800}},"orig":{"rType":"asset","rSubType":"image","fileName":"Antes-Despues_04.png","fileSize":29374,"val":"mc-c57a75ce93a7573484cf67e516d7791c.png","aid":"BifjA1ZOuF"}},"txt":{"val":{"ops":[{"insert":"\n","attributes":{"align":"center","size":"medium"}}]},"rType":"richtext"},"vali":"middle","hali":""},"back":{"selectedKey":"image","fill":{"opac":1,"rgb":"#FFF"},"img":{"filt":{"opac":100,"gray":0,"blur":0,"tint":{"rgb":"#9066dd","opac":0,"blendMode":"screen"}},"pos":{"type":"fit","fit":{"bg":{"color":{"rgb":"#FFF","opac":1}},"vali":"center","hali":"center"},"crop":{"bg":{"color":{"rgb":"#ffffff","opac":1}},"poi":{"x":212,"y":360}},"mask":{"shape":1}},"measures":{"size":{"width":427,"height":800}},"orig":{"rType":"asset","rSubType":"image","fileName":"Antes-Despues_02.png","fileSize":65560,"val":"mc-2981027adba48a1f832b7d4ea520e5bd.png","aid":"tfPHP-4oZ7"}}}}},"xHWmwDLXOf":{"id":"xHWmwDLXOf","type":"interactive","subtype":"interactiveRichText","setup":{"frmeTp":{"selectedKey":"noneFrame"},"bg":{"fill":{"opac":0,"rgb":"#e260e8"}},"txt":{"rType":"richtext","val":{"ops":[{"insert":"DISCOVER","attributes":{"color":"#000000"}},{"insert":"\n","attributes":{"size":"largeTitle"}},{"insert":"Human Body","attributes":{"color":"#ffffff","bold":true}},{"insert":"\n","attributes":{"size":"hugeTitle"}}]}},"rType":"richtext","hali":"","vali":"middle","paddV1":30}},"43bN_uCd7R":{"id":"43bN_uCd7R","type":"interactive","subtype":"interactiveCard","setup":{"animation":{"selectedKey":"discover"},"front":{"selectedKey":"image","fill":{"opac":1,"rgb":"#FFF"},"img":{"filt":{"opac":100,"gray":0,"blur":0,"tint":{"rgb":"#9066dd","opac":0,"blendMode":"screen"}},"pos":{"type":"fit","fit":{"bg":{"color":{"rgb":"#FFF","opac":1}},"vali":"center","hali":"center"},"crop":{"bg":{"color":{"rgb":"#FFF","opac":0}},"poi":{"x":212,"y":360}},"mask":{"shape":1}},"measures":{"size":{"width":427,"height":800}},"orig":{"rType":"asset","rSubType":"image","fileName":"Antes-Despues_01.png","fileSize":25344,"val":"mc-624fb492c15d9d6da13cb84510890fe5.png","aid":"RcC7ZUu7cO"}}},"back":{"selectedKey":"image","fill":{"opac":1,"rgb":"#FFF"},"img":{"filt":{"opac":100,"gray":0,"blur":0,"tint":{"rgb":"#9066dd","opac":0,"blendMode":"screen"}},"pos":{"type":"fit","fit":{"bg":{"color":{"rgb":"#FFF","opac":1}},"vali":"center","hali":"center"},"crop":{"bg":{"color":{"rgb":"#ffffff","opac":1}},"poi":{"x":212,"y":360}},"mask":{"shape":1}},"measures":{"size":{"width":427,"height":800}},"orig":{"rType":"asset","rSubType":"image","fileName":"Antes-Despues_03.png","fileSize":59465,"val":"mc-408408ecfeed29d3eeff14f60acab38a.png","aid":"p9lur_sYbu"}},"txt":{"val":{"ops":[{"insert":"\n","attributes":{"size":"medium","align":"center"}}]},"rType":"richtext"},"hali":"","vali":"middle"}}}},"v":"1"}