{"i":{"SJVPqr8pb":{"id":"SJVPqr8pb","type":"slide","setup":{"transparentBg":{"selectedKey":false},"bord":{"size":14,"rad":7},"bg":{"selectedKey":"image","fill":{"opac":1,"rgb":"#FFF"},"img":{"filt":{"opac":100,"gray":0,"blur":0,"tint":{"rgb":"#000000","opac":0.46}},"pos":{"type":"crop","fit":{"bg":{"color":{"rgb":"#FFF","opac":100}},"vali":"center","hali":"center"},"crop":{"poi":{"x":2063,"y":1350.5}}},"measures":{"size":{"width":4051,"height":2701}},"orig":{"rType":"asset","rSubType":"image","fileName":"shutterstock_261269027-min.jpg","fileSize":123482,"val":"mc-af3b480616c34126d97ef1f77f411fe2.jpg","aid":"oWgRpm8--K7"}}}}},"Hyc_5BUpb":{"id":"Hyc_5BUpb","type":"interactive","subtype":"interactiveEmbed","setup":{"embed":{"url":"https://goo.gl/forms/28GMm0uRud8SP6303","iframeUrl":"//cdn.iframe.ly/api/iframe?url=https%3A%2F%2Fgoo.gl%2Fforms%2F28GMm0uRud8SP6303&amp;key=7ad3e8783279bdbd7573dd1281baf0fb","service":"Google Docs","thumbnail":"https://lh6.googleusercontent.com/cBPPfsEtHvpdAORc9eSG2xaVGWcvLRlWQb6rb4O3aOKa2ciQumhp3qwFWt9jNXxPfqU=w1200-h630-p"}}},"rJpwcrLp-":{"id":"rJpwcrLp-","type":"interactive","subtype":"interactiveRichText","setup":{"bg":{"fill":{"opac":0,"rgb":"#FFF"}},"txt":{"rType":"richtext","val":{"ops":[{"insert":"Evaluation with","attributes":{"color":"#ffffff","bold":true}},{"attributes":{"size":"large"},"insert":"\n"},{"insert":"Google Forms","attributes":{"color":"#ffffff","bold":true}},{"insert":"\n","attributes":{"size":"large"}}]}},"rType":"richtext","hali":"right","vali":"top","padd":45}}},"v":"1"}