{"i":{"Az27gjw-s":{"id":"Az27gjw-s","type":"slide","setup":{"bg":{"selectedKey":"image","fill":{"opac":1,"rgb":"#FFF"},"img":{"filt":{"opac":100,"gray":0,"blur":0,"tint":{"rgb":"#e50a4f","opac":0,"useGradient":true,"gradient":{"angle":0,"opac":0,"stops":[{"color":"#EB1C79","pos":0},{"color":"#630ba6","pos":100}]}}},"pos":{"type":"crop","fit":{"bg":{"color":{"rgb":"#FFF","opac":100}},"vali":"center","hali":"center"},"crop":{"poi":{"x":710,"y":352},"bg":{"color":{"rgb":"#e50a4f","opac":0}}},"zoom":5},"measures":{"size":{"width":1080,"height":720}},"orig":{"rType":"asset","rSubType":"image","fileName":"unsplash.jpg","fileSize":0,"val":"mc-33b61b1a32ac647c442f2db9d08cede3.jpg","aid":"gpP8gUFlS"}}},"transparentBg":{"selectedKey":false},"frmeColo":{"color":{"opac":1,"rgb":"#666"}},"bord":{"size":0,"rad":0}}},"Iek7D8zAfJ":{"id":"Iek7D8zAfJ","type":"interactive","subtype":"interactiveRichText","setup":{"bg":{"fill":{"opac":0.7,"rgb":"#000000"}},"txt":{"rType":"richtext","val":{"ops":[{"insert":"Arrange exercise","attributes":{"color":"#ffffff"}},{"insert":"\n","attributes":{"size":"huge"}}]}},"rType":"richtext","hali":"center","vali":"middle","frmeTp":{"selectedKey":"noneFrame"}}}},"v":"1"}