{"i":{"faWtjX-eJ":{"id":"faWtjX-eJ","type":"slide","setup":{"bg":{"selectedKey":"fill","fill":{"opac":1,"rgb":"#FFF"}},"transparentBg":{"selectedKey":false},"bord":{"size":15,"rad":10}}},"ZHYhAVUBA":{"id":"ZHYhAVUBA","type":"interactive","subtype":"interactiveCard","setup":{"animation":{"selectedKey":"rotateH"},"front":{"selectedKey":"fill","fill":{"opac":0.2,"rgb":"#dddddd"},"txt":{"val":{"ops":[{"insert":"By Link","attributes":{"color":"#ff3371","bold":true}},{"insert":"\n","attributes":{"size":"largeTitle","align":"center"}}]},"rType":"richtext"},"hali":"","vali":"middle","paddV1":30},"back":{"selectedKey":"fill","fill":{"opac":0.2,"rgb":"#999999"},"txt":{"val":{"ops":[{"attributes":{"color":"#333333"},"insert":"Share your course through direct link."},{"insert":"\n","attributes":{"align":"center"}}]},"rType":"richtext"},"vali":"middle","hali":"","paddV1":30}}},"Do-3kR3VA":{"id":"Do-3kR3VA","type":"interactive","subtype":"interactiveCard","setup":{"animation":{"selectedKey":"rotateH"},"front":{"selectedKey":"fill","fill":{"opac":0.2,"rgb":"#dddddd"},"txt":{"val":{"ops":[{"insert":"Intranet / Web","attributes":{"bold":true,"color":"#ff3371"}},{"insert":"\n","attributes":{"size":"largeTitle","align":"center"}}]},"rType":"richtext"},"hali":"","vali":"middle","paddV1":30},"back":{"selectedKey":"fill","fill":{"opac":0.2,"rgb":"#999999"},"txt":{"val":{"ops":[{"insert":"Publish the content on your website or corporate intranet.","attributes":{"color":"#333333"}},{"insert":"\n","attributes":{"align":"center"}}]},"rType":"richtext"},"vali":"middle","hali":"","paddV1":30}}},"62ZsgBwQ68":{"id":"62ZsgBwQ68","type":"interactive","subtype":"interactiveRichText","setup":{"bg":{"fill":{"opac":0.2,"rgb":"#FFF"}},"txt":{"rType":"richtext","val":{"ops":[{"insert":"Publish your courses online in just a few minutes","attributes":{"color":"#000000"}},{"insert":"\n","attributes":{"size":"hugeTitle","align":"center"}},{"insert":"\n","attributes":{"size":"largeTitle","align":"center"}},{"insert":"Easy ways to rapidly publish and distribute your courses.","attributes":{"color":"#000000"}},{"insert":"\n","attributes":{"align":"center","size":"medium"}}]}},"rType":"richtext","vali":"middle","padd":76,"frmeTp":{"selectedKey":"noneFrame"},"hali":"","paddV1":40}},"phJqJKa6g":{"id":"phJqJKa6g","type":"interactive","subtype":"interactiveCard","setup":{"animation":{"selectedKey":"rotateH"},"front":{"selectedKey":"fill","fill":{"opac":0.2,"rgb":"#dddddd"},"txt":{"val":{"ops":[{"insert":"LMS ","attributes":{"bold":true,"color":"#ff3371"}},{"insert":"\n","attributes":{"size":"largeTitle","align":"center"}},{"insert":"or learning platform","attributes":{"bold":true,"color":"#ff3371"}},{"insert":"\n","attributes":{"size":"largeTitle","align":"center"}}]},"rType":"richtext"},"hali":"","vali":"middle","paddV1":30},"back":{"selectedKey":"fill","fill":{"opac":0.2,"rgb":"#999999"},"txt":{"val":{"ops":[{"insert":"isEazy Author makes it easy for you to export your courses to any LMS or learning platform. Simply package up your course and upload in your choice of format: SCORM 1.2, 2004 and Tin Can/xAPI.","attributes":{"color":"#333333"}},{"insert":"\n","attributes":{"align":"center"}}]},"rType":"richtext"},"vali":"middle","hali":"","paddV1":30}}},"mN5ZORYEj":{"id":"mN5ZORYEj","type":"interactive","subtype":"interactiveCard","setup":{"animation":{"selectedKey":"rotateH"},"front":{"selectedKey":"fill","fill":{"opac":0.2,"rgb":"#dddddd"},"txt":{"val":{"ops":[{"insert":"Author Go!","attributes":{"color":"#ff3371","bold":true}},{"insert":"\n","attributes":{"size":"largeTitle","align":"center"}}]},"rType":"richtext"},"hali":"","vali":"middle","paddV1":30},"back":{"selectedKey":"fill","fill":{"opac":0.2,"rgb":"#999999"},"txt":{"val":{"ops":[{"insert":"Leverage our ‘plug and play’ distribution platform: track learner activity and progress through your published courses – all within the same easy interface and at the click of a button","attributes":{"color":"#333333"}},{"insert":"\n","attributes":{"align":"center"}}]},"rType":"richtext"},"vali":"middle","hali":"","paddV1":30}}}},"v":"1"}