{"i":{"2iNW0D6LI":{"id":"2iNW0D6LI","type":"slide","setup":{"bg":{"selectedKey":"gradient","fill":{"opac":1,"rgb":"#007fff"},"img":{"filt":{"opac":100,"gray":0,"blur":0,"tint":{"rgb":"#FFF","opac":0}},"pos":{"type":"crop","fit":{"bg":{"color":{"rgb":"#FFF","opac":100}},"vali":"center","hali":"center"},"crop":{"poi":{"x":540,"y":371.5}}},"measures":{"size":{"width":1080,"height":1350}}},"gradient":{"angle":0,"opac":1,"id":"de1-myOh0"}},"transparentBg":{"selectedKey":false},"bord":{"size":30,"rad":0}}},"fcIoeV49dM":{"id":"fcIoeV49dM","type":"interactive","subtype":"interactiveArrange","setup":{"cover":{"selectedKey":"image","img":{"filt":{"opac":100,"gray":0,"blur":0,"tint":{"rgb":"#FFF","opac":0}},"pos":{"type":"crop","fit":{"bg":{"color":{"rgb":"#FFF","opac":100}},"vali":"center","hali":"center"},"crop":{"bg":{"color":{"rgb":"#FFF","opac":0}},"poi":{"x":523,"y":365}},"mask":{"shape":1}},"measures":{"size":{"width":1080,"height":720}},"orig":{"rType":"asset","rSubType":"image","fileName":"unsplash.jpg","fileSize":0,"val":"mc-aea2b675955b1ef0d2d0d5874a11f21c.jpg","aid":"6fnTexS56h"}}},"desc":{"rType":"text","tag":"p","val":"\nQuality Control"},"statement":{"rType":"text","val":"What are the steps to follow in Quality Control?"},"img":{"filt":{"opac":100,"gray":0,"blur":0,"tint":{"rgb":"#FFF","opac":0}},"pos":{"type":"crop","fit":{"bg":{"color":{"rgb":"#FFF","opac":100}},"vali":"center","hali":"center"},"crop":{"bg":{"color":{"rgb":"#FFF","opac":0}},"poi":{"x":552,"y":360}},"mask":{"shape":1}},"measures":{"size":{"width":1080,"height":720}},"orig":{"rType":"asset","rSubType":"image","fileName":"unsplash.jpg","fileSize":0,"val":"mc-aea2b675955b1ef0d2d0d5874a11f21c.jpg","aid":"GXgs-icMsj"}},"answ":{"i":{"wqfOHksTz":{"type":"answer","id":"wqfOHksTz","text":{"val":"Set the quality standards."}},"cuKH2Aw1l":{"type":"answer","id":"cuKH2Aw1l","text":{"val":"Run operational processes."}},"NcZfbVB1f":{"type":"answer","id":"NcZfbVB1f","text":{"val":"Review the results."}},"Kxgj5j7wa":{"type":"answer","id":"Kxgj5j7wa","text":{"val":"Get feedback."}},"XJEzUad2V":{"type":"answer","id":"XJEzUad2V","text":{"val":"Make improvements."}}},"p":["wqfOHksTz","cuKH2Aw1l","NcZfbVB1f","Kxgj5j7wa","XJEzUad2V"]}}},"h72IAqN0GK":{"id":"h72IAqN0GK","type":"interactive","subtype":"interactiveRichText","setup":{"frmeTp":{"selectedKey":"note"},"bg":{"fill":{"opac":1,"rgb":"#ffffff"}},"txt":{"rType":"richtext","val":{"ops":[{"insert":"ARRANGE","attributes":{"color":"#222222","bold":true}},{"insert":"\n","attributes":{"size":"hugeTitle"}},{"insert":"\n","attributes":{"size":"normal"}},{"insert":"EXERCISE","attributes":{"color":"#00ccff","bold":true}},{"insert":"\n\n","attributes":{"size":"normal"}},{"insert":"Can you put the ideas in the right order?","attributes":{"color":"#222222"}},{"insert":"\n\n","attributes":{"size":"normal"}},{"insert":"Simply click on the arrows to move the answers up and down.","attributes":{"color":"#222222"}},{"insert":"\n","attributes":{"size":"normal"}}]}},"frmeColo":{"color":{"opac":1,"rgb":"#ffffff"}},"rType":"richtext","paddV1":50,"hali":""}}},"v":"1"}