{"i":{"HyZfLAJKz":{"id":"HyZfLAJKz","type":"slide","setup":{"transparentBg":{"selectedKey":false},"bord":{"size":0,"rad":0},"bg":{"selectedKey":"image","fill":{"opac":1,"rgb":"#FFF"},"img":{"filt":{"opac":100,"gray":0,"blur":0,"tint":{"rgb":"#546422","opac":0.38}},"pos":{"type":"crop","fit":{"bg":{"color":{"rgb":"#FFF","opac":100}},"vali":"center","hali":"center"},"crop":{"poi":{"x":445,"y":309.5}}},"measures":{"size":{"width":1100,"height":619}},"orig":{"rType":"asset","rSubType":"image","fileName":"bg2.jpg","fileSize":312316,"val":"mc-426cdf4d617c84ef040c209492339cd9.jpg","aid":"nij9h5KT623"}}}}},"rkWZfICJFz":{"id":"rkWZfICJFz","type":"interactive","subtype":"interactiveCoverFlow","setup":{"imgs":{"i":{"Hk0EHSU6-":{"type":"image","id":"Hk0EHSU6-","img":{"filt":{"opac":100,"gray":0,"blur":0,"tint":{"rgb":"#FFF","opac":0}},"pos":{"type":"fit","fit":{"bg":{"color":{"rgb":"#FFF","opac":0}},"vali":"center","hali":"center"},"crop":{"poi":{"x":697.5,"y":337.5}}},"measures":{"size":{"width":1200,"height":675}},"orig":{"rType":"asset","rSubType":"image","fileName":"bird1.png","fileSize":93138,"val":"mc-4ed1eb2e96e54bdf6e92b3b6664de7d2.png","aid":"-jj33xQoylz"}},"desc":{"rType":"richtext","val":{"ops":[{"insert":"Footer text - Hummingbird","attributes":{"color":"#ffffff"}},{"insert":"\n","attributes":{"size":"medium"}}]}},"txtBg":{"fill":{"opac":1,"rgb":"#000"}}},"rk9HHSLp-":{"type":"image","id":"rk9HHSLp-","img":{"filt":{"opac":100,"gray":0,"blur":0,"tint":{"rgb":"#FFF","opac":0}},"pos":{"type":"fit","fit":{"bg":{"color":{"rgb":"#FFF","opac":0}},"vali":"center","hali":"center"},"crop":{"poi":{"x":517.5,"y":337.5}}},"measures":{"size":{"width":1200,"height":675}},"orig":{"rType":"asset","rSubType":"image","fileName":"bird2.png","fileSize":253557,"val":"mc-f40d2174be380066adeaf81f2ed1bebe.png","aid":"Hth8AnE7fXh"}},"desc":{"rType":"richtext","val":{"ops":[{"attributes":{"color":"#ffffff"},"insert":"Footer text - Parrot"},{"insert":"\n","attributes":{"size":"medium"}}]}},"txtBg":{"fill":{"opac":1,"rgb":"#000"}}},"rJLLBrIpb":{"type":"image","id":"rJLLBrIpb","img":{"filt":{"opac":100,"gray":0,"blur":0,"tint":{"rgb":"#FFF","opac":0}},"pos":{"type":"fit","fit":{"bg":{"color":{"rgb":"#FFF","opac":0}},"vali":"center","hali":"center"},"crop":{"poi":{"x":667.5,"y":337.5}}},"measures":{"size":{"width":1200,"height":675}},"orig":{"rType":"asset","rSubType":"image","fileName":"bird3.png","fileSize":275893,"val":"mc-3706946cea9ba01b81638bf145ba57ad.png","aid":"rA5NRvNiJTV"}},"desc":{"rType":"richtext","val":{"ops":[{"insert":"Footer text - Eagle","attributes":{"color":"#ffffff"}},{"insert":"\n","attributes":{"size":"medium"}}]}},"txtBg":{"fill":{"opac":1,"rgb":"#000000"}}}},"p":["rk9HHSLp-","rJLLBrIpb","Hk0EHSU6-"]},"style":{"selectedKey":"textFooter"}}}},"v":"1"}