{"i":{"SJ3EG6aOS":{"id":"SJ3EG6aOS","type":"slide","setup":{"bord":{"size":0,"rad":0},"bg":{"selectedKey":"fill","fill":{"opac":1,"rgb":"#FFF"}},"transparentBg":{"selectedKey":false}}},"ryg3VM6a_S":{"id":"ryg3VM6a_S","type":"interactive","subtype":"interactiveRichText","setup":{"frmeTp":{"selectedKey":"noneFrame"},"bg":{"fill":{"opac":0.2,"rgb":"#FFF"}},"txt":{"rType":"richtext","val":{"ops":[{"insert":"Linked scenes","attributes":{"color":"#000000"}},{"insert":"\n","attributes":{"size":"hugeTitle"}},{"insert":"\n\n"},{"insert":"These are a very versatile interactive element.","attributes":{"color":"#999999"}},{"insert":"\n\n","attributes":{"size":"medium"}},{"insert":" To configure this element you must design a series of screens or scenes in which you can place a background image, optional texts or a series of navigation elements that will allow the user to access other images using your on-screen navigation. ","attributes":{"color":"#999999"}},{"insert":"\n","attributes":{"size":"medium"}},{"insert":"\n"}]}},"rType":"richtext","paddV1":29}},"SJb24z6Tdr":{"id":"SJb24z6Tdr","type":"interactive","subtype":"interactiveLinkedImages","setup":{"imgs":{"i":{"HJ2FZqhOB":{"type":"image","id":"HJ2FZqhOB","style":{"selectedKey":"textLabels"},"txtBg":{"fill":{"opac":0.8,"rgb":"#000"}},"bg":{"selectedKey":"image","fill":{"opac":1,"rgb":"#FFF"},"img":{"filt":{"opac":100,"gray":0,"blur":0,"tint":{"rgb":"#FFF","opac":0}},"pos":{"type":"crop","fit":{"bg":{"color":{"rgb":"#FFF","opac":100}},"vali":"center","hali":"center"},"crop":{"poi":{"x":572,"y":282}},"mask":{"shape":1}},"measures":{"size":{"width":1200,"height":675}},"orig":{"rType":"asset","rSubType":"image","fileName":"info2_sintexto (1).png","fileSize":25762,"val":"mc-c5fed5ecaf0f0afdf20219fe26fd39ac.png","aid":"SJnVfp6OH"}}},"name":{"rType":"text","val":"Home"},"t":{"i":{"BJ2Sm5nOr":{"type":"text","id":"BJ2Sm5nOr","pos":{"x":174,"y":437},"style":{"selectedKey":"noBoxed"},"size":{"selectedKey":"s"},"color":{"opac":1,"rgb":"#FF3371"},"desc":{"rType":"richtext","hali":"","val":{"ops":[{"insert":"Excepteur sint occaecat cupidatat non proident, sunt in culpa qui.","attributes":{"color":"#000000"}},{"insert":"\n","attributes":{"size":"normal"}}]}}},"SkR3zqn_B":{"type":"text","id":"SkR3zqn_B","pos":{"x":603,"y":197},"style":{"selectedKey":"noBoxed"},"size":{"selectedKey":"s"},"color":{"opac":1,"rgb":"#ffcc00"},"desc":{"rType":"richtext","val":{"ops":[{"insert":"Title 2","attributes":{"color":"#666666","bold":true}},{"insert":"\n"}]},"hali":""}},"ryumm9ndH":{"type":"text","id":"ryumm9ndH","pos":{"x":180,"y":100},"style":{"selectedKey":"noBoxed"},"size":{"selectedKey":"s"},"color":{"opac":1,"rgb":"#007199"},"desc":{"rType":"richtext","hali":"","val":{"ops":[{"insert":"Excepteur sint occaecat cupidatat non proident, sunt in culpa qui.","attributes":{"color":"#000000"}},{"insert":"\n","attributes":{"size":"normal"}}]}}},"SkVqmqhdB":{"type":"text","id":"SkVqmqhdB","pos":{"x":167,"y":693},"style":{"selectedKey":"noBoxed"},"size":{"selectedKey":"s"},"color":{"opac":1,"rgb":"#009688"},"desc":{"rType":"richtext","val":{"ops":[{"insert":"Title 5","attributes":{"color":"#ffffff","bold":true}},{"insert":"\n"}]},"hali":""}},"H1Kh-c3OH":{"type":"text","id":"H1Kh-c3OH","pos":{"x":170,"y":29},"style":{"selectedKey":"noBoxed"},"size":{"selectedKey":"s"},"color":{"opac":1,"rgb":"#007199"},"desc":{"rType":"richtext","val":{"ops":[{"insert":"Title 1 ","attributes":{"color":"#ffffff","bold":true}},{"insert":"\n"}]},"hali":""}},"HJjxz93uB":{"type":"text","id":"HJjxz93uB","pos":{"x":610,"y":273},"style":{"selectedKey":"noBoxed"},"size":{"selectedKey":"s"},"color":{"opac":1,"rgb":"#ffcc00"},"desc":{"rType":"richtext","hali":"","val":{"ops":[{"insert":"Excepteur sint occaecat cupidatat non proident, sunt in culpa qui.","attributes":{"color":"#000000"}},{"insert":"\n","attributes":{"size":"normal"}}]}}},"rJ0uX9nOr":{"type":"text","id":"rJ0uX9nOr","pos":{"x":606,"y":605},"style":{"selectedKey":"noBoxed"},"size":{"selectedKey":"s"},"color":{"opac":1,"rgb":"#007199"},"desc":{"rType":"richtext","hali":"","val":{"ops":[{"insert":"Excepteur sint occaecat cupidatat non proident, sunt in culpa qui.","attributes":{"color":"#000000"}},{"insert":"\n","attributes":{"size":"normal"}}]}}},"Sk4vmc3uH":{"type":"text","id":"Sk4vmc3uH","pos":{"x":592,"y":529},"style":{"selectedKey":"noBoxed"},"size":{"selectedKey":"s"},"color":{"opac":1,"rgb":"#007199"},"desc":{"rType":"richtext","val":{"ops":[{"insert":"Title 4","attributes":{"color":"#ffffff","bold":true}},{"insert":"\n"}]},"hali":""}},"SJpqfqhuH":{"type":"text","id":"SJpqfqhuH","pos":{"x":170,"y":360},"style":{"selectedKey":"noBoxed"},"size":{"selectedKey":"s"},"color":{"opac":1,"rgb":"#FF3371"},"desc":{"rType":"richtext","val":{"ops":[{"insert":"Title 3","attributes":{"color":"#ffffff","bold":true}},{"insert":"\n"}]},"hali":""}},"Hkji793uB":{"type":"text","id":"Hkji793uB","pos":{"x":181,"y":773},"style":{"selectedKey":"noBoxed"},"size":{"selectedKey":"s"},"color":{"opac":1,"rgb":"#009688"},"desc":{"rType":"richtext","hali":"","val":{"ops":[{"insert":"Excepteur sint occaecat cupidatat non proident, sunt in culpa qui.","attributes":{"color":"#000000"}},{"insert":"\n","attributes":{"size":"normal"}}]}}}},"p":["H1Kh-c3OH","ryumm9ndH","HJjxz93uB","SkR3zqn_B","SJpqfqhuH","BJ2Sm5nOr","Sk4vmc3uH","rJ0uX9nOr","SkVqmqhdB","Hkji793uB"]},"e":{"i":{"ByvTm9huB":{"type":"element","id":"ByvTm9huB","link":{"selectedKey":"image","val":"H1_1Uc3OH"},"animation":{"selectedKey":"fade"},"pos":{"x":529,"y":71},"icon":{"selectedKey":21},"size":{"selectedKey":"m"},"iconColor":{"opac":1,"rgb":"#007199"}},"S1dSE93uS":{"type":"element","id":"S1dSE93uS","link":{"selectedKey":"image","val":"Hk5K89huB"},"animation":{"selectedKey":"fade"},"pos":{"x":529,"y":240},"icon":{"selectedKey":22},"size":{"selectedKey":"m"},"iconColor":{"opac":1,"rgb":"#ffcc00"}},"B1CLNc3ur":{"type":"element","id":"B1CLNc3ur","link":{"selectedKey":"image","val":"B1Bq8q3Or"},"animation":{"selectedKey":"fade"},"pos":{"x":530,"y":410},"icon":{"selectedKey":23},"size":{"selectedKey":"m"},"iconColor":{"opac":1,"rgb":"#e50a4f"}},"HyQd4qnuH":{"type":"element","id":"HyQd4qnuH","link":{"selectedKey":"image","val":"rk1oLq2_S"},"animation":{"selectedKey":"fade"},"pos":{"x":529,"y":570},"icon":{"selectedKey":24},"size":{"selectedKey":"m"},"iconColor":{"opac":1,"rgb":"#007199"}},"BkmhV9nOH":{"type":"element","id":"BkmhV9nOH","link":{"selectedKey":"image","val":"rybhIc2uS"},"animation":{"selectedKey":"fade"},"pos":{"x":529,"y":730},"icon":{"selectedKey":25},"size":{"selectedKey":"m"},"iconColor":{"opac":1,"rgb":"#009688"}}},"p":["ByvTm9huB","S1dSE93uS","B1CLNc3ur","HyQd4qnuH","BkmhV9nOH"]}},"H1_1Uc3OH":{"type":"image","id":"H1_1Uc3OH","style":{"selectedKey":"textOverlapping"},"txtBg":{"fill":{"opac":0.5,"rgb":"#000"}},"bg":{"selectedKey":"fill","fill":{"opac":1,"rgb":"#007199"}},"name":{"rType":"text","val":"Step 1"},"e":{"i":{"S1E-L9hdB":{"type":"element","id":"S1E-L9hdB","link":{"selectedKey":"image","val":"HJ2FZqhOB"},"animation":{"selectedKey":"fade"},"pos":{"x":950,"y":60},"icon":{"selectedKey":18},"size":{"selectedKey":"m"},"iconColor":{"opac":1,"rgb":"#FFF"}}},"p":["S1E-L9hdB"]},"desc":{"rType":"richtext","val":{"ops":[{"insert":"Title 1","attributes":{"color":"#ffffff"}},{"insert":"\n","attributes":{"size":"largeTitle"}},{"insert":"· · ·","attributes":{"color":"#ffffff","bold":true}},{"insert":"\n","attributes":{"size":"large"}},{"insert":"Lorem ipsum dolor sit amet, consectetur adipiscing elit, sed do eiusmod tempor incididunt ut labore et dolore magna aliqua. Ut enim ad minim veniam, quis nostrud exercitation ullamco laboris nisi ut aliquip ex ea commodo consequat. Duis aute irure dolor in reprehenderit in voluptate velit esse ","attributes":{"color":"#ffffff"}},{"insert":"cillum dolore eu fugiat nulla pariatur","attributes":{"color":"#ffffff","bold":true}},{"insert":". ","attributes":{"color":"#ffffff"}},{"insert":"\n\n","attributes":{"size":"normal"}},{"insert":"Nec ultrices dui sapien eget. Tortor at risus viverra adipiscing at in tellus. Risus sed vulputate odio ut enim. Risus viverra adipiscing at in. Nec ultrices dui sapien eget.","attributes":{"color":"#ffffff"}},{"insert":"\n"},{"insert":"\n\n","attributes":{"size":"medium"}}]},"paddV1":53}},"Hk5K89huB":{"type":"image","id":"Hk5K89huB","style":{"selectedKey":"textOverlapping"},"txtBg":{"fill":{"opac":0.5,"rgb":"#000"}},"bg":{"selectedKey":"fill","fill":{"opac":1,"rgb":"#ECCC06"}},"name":{"rType":"text","val":"Step 2"},"e":{"i":{"S1E-L9hdB":{"type":"element","id":"S1E-L9hdB","link":{"selectedKey":"image","val":"HJ2FZqhOB"},"animation":{"selectedKey":"fade"},"pos":{"x":950,"y":60},"icon":{"selectedKey":18},"size":{"selectedKey":"m"},"iconColor":{"opac":1,"rgb":"#FFF"}}},"p":["S1E-L9hdB"]},"desc":{"rType":"richtext","val":{"ops":[{"insert":"Title 2","attributes":{"color":"#ffffff"}},{"insert":"\n","attributes":{"size":"largeTitle"}},{"insert":"· · ·","attributes":{"color":"#ffffff","bold":true}},{"insert":"\n","attributes":{"size":"large"}},{"insert":"Lorem ipsum dolor sit amet, consectetur adipiscing elit, sed do eiusmod tempor incididunt ut labore et dolore magna aliqua. Ut enim ad minim veniam, quis nostrud exercitation ullamco laboris nisi ut aliquip ex ea commodo consequat. Duis aute irure dolor in reprehenderit in voluptate velit esse ","attributes":{"color":"#ffffff"}},{"insert":"cillum dolore eu fugiat nulla pariatur","attributes":{"color":"#ffffff","bold":true}},{"insert":". ","attributes":{"color":"#ffffff"}},{"insert":"\n\n","attributes":{"size":"normal"}},{"insert":"Nec ultrices dui sapien eget. Tortor at risus viverra adipiscing at in tellus. Risus sed vulputate odio ut enim. Risus viverra adipiscing at in. Nec ultrices dui sapien eget.","attributes":{"color":"#ffffff"}},{"insert":"\n"},{"insert":"\n\n","attributes":{"size":"medium"}}]},"paddV1":53}},"B1Bq8q3Or":{"type":"image","id":"B1Bq8q3Or","style":{"selectedKey":"textOverlapping"},"txtBg":{"fill":{"opac":0.5,"rgb":"#000"}},"bg":{"selectedKey":"fill","fill":{"opac":1,"rgb":"#FF3371"}},"name":{"rType":"text","val":"Step 3"},"e":{"i":{"S1E-L9hdB":{"type":"element","id":"S1E-L9hdB","link":{"selectedKey":"image","val":"HJ2FZqhOB"},"animation":{"selectedKey":"fade"},"pos":{"x":950,"y":60},"icon":{"selectedKey":18},"size":{"selectedKey":"m"},"iconColor":{"opac":1,"rgb":"#FFF"}}},"p":["S1E-L9hdB"]},"desc":{"rType":"richtext","val":{"ops":[{"insert":"Title 3","attributes":{"color":"#ffffff"}},{"insert":"\n","attributes":{"size":"largeTitle"}},{"insert":"· · ·","attributes":{"color":"#ffffff","bold":true}},{"insert":"\n","attributes":{"size":"large"}},{"insert":"Lorem ipsum dolor sit amet, consectetur adipiscing elit, sed do eiusmod tempor incididunt ut labore et dolore magna aliqua. Ut enim ad minim veniam, quis nostrud exercitation ullamco laboris nisi ut aliquip ex ea commodo consequat. Duis aute irure dolor in reprehenderit in voluptate velit esse ","attributes":{"color":"#ffffff"}},{"insert":"cillum dolore eu fugiat nulla pariatur","attributes":{"color":"#ffffff","bold":true}},{"insert":". ","attributes":{"color":"#ffffff"}},{"insert":"\n\n","attributes":{"size":"normal"}},{"insert":"Nec ultrices dui sapien eget. Tortor at risus viverra adipiscing at in tellus. Risus sed vulputate odio ut enim. Risus viverra adipiscing at in. Nec ultrices dui sapien eget.","attributes":{"color":"#ffffff"}},{"insert":"\n"},{"insert":"\n\n","attributes":{"size":"medium"}}]},"paddV1":53}},"rk1oLq2_S":{"type":"image","id":"rk1oLq2_S","style":{"selectedKey":"textOverlapping"},"txtBg":{"fill":{"opac":0.5,"rgb":"#000000"}},"bg":{"selectedKey":"fill","fill":{"opac":1,"rgb":"#007199"}},"name":{"rType":"text","val":"Step 4"},"e":{"i":{"S1E-L9hdB":{"type":"element","id":"S1E-L9hdB","link":{"selectedKey":"image","val":"HJ2FZqhOB"},"animation":{"selectedKey":"fade"},"pos":{"x":950,"y":60},"icon":{"selectedKey":18},"size":{"selectedKey":"m"},"iconColor":{"opac":1,"rgb":"#FFF"}}},"p":["S1E-L9hdB"]},"desc":{"rType":"richtext","val":{"ops":[{"insert":"Title 4","attributes":{"color":"#ffffff"}},{"insert":"\n","attributes":{"size":"largeTitle"}},{"insert":"· · ·","attributes":{"color":"#ffffff","bold":true}},{"insert":"\n","attributes":{"size":"large"}},{"insert":"Lorem ipsum dolor sit amet, consectetur adipiscing elit, sed do eiusmod tempor incididunt ut labore et dolore magna aliqua. Ut enim ad minim veniam, quis nostrud exercitation ullamco laboris nisi ut aliquip ex ea commodo consequat. Duis aute irure dolor in reprehenderit in voluptate velit esse ","attributes":{"color":"#ffffff"}},{"insert":"cillum dolore eu fugiat nulla pariatur","attributes":{"color":"#ffffff","bold":true}},{"insert":". ","attributes":{"color":"#ffffff"}},{"insert":"\n\n","attributes":{"size":"normal"}},{"insert":"Nec ultrices dui sapien eget. Tortor at risus viverra adipiscing at in tellus. Risus sed vulputate odio ut enim. Risus viverra adipiscing at in. Nec ultrices dui sapien eget.","attributes":{"color":"#ffffff"}},{"insert":"\n"},{"insert":"\n\n","attributes":{"size":"medium"}}]},"paddV1":53}},"rybhIc2uS":{"type":"image","id":"rybhIc2uS","style":{"selectedKey":"textOverlapping"},"txtBg":{"fill":{"opac":0.5,"rgb":"#000000"}},"bg":{"selectedKey":"fill","fill":{"opac":1,"rgb":"#009688"}},"name":{"rType":"text","val":"Step 5"},"e":{"i":{"S1E-L9hdB":{"type":"element","id":"S1E-L9hdB","link":{"selectedKey":"image","val":"HJ2FZqhOB"},"animation":{"selectedKey":"fade"},"pos":{"x":950,"y":60},"icon":{"selectedKey":18},"size":{"selectedKey":"m"},"iconColor":{"opac":1,"rgb":"#FFF"}}},"p":["S1E-L9hdB"]},"desc":{"rType":"richtext","val":{"ops":[{"insert":"Title 5","attributes":{"color":"#ffffff"}},{"insert":"\n","attributes":{"size":"largeTitle"}},{"insert":"· · ·","attributes":{"color":"#ffffff","bold":true}},{"insert":"\n","attributes":{"size":"large"}},{"insert":"Lorem ipsum dolor sit amet, consectetur adipiscing elit, sed do eiusmod tempor incididunt ut labore et dolore magna aliqua. Ut enim ad minim veniam, quis nostrud exercitation ullamco laboris nisi ut aliquip ex ea commodo consequat. Duis aute irure dolor in reprehenderit in voluptate velit esse ","attributes":{"color":"#ffffff"}},{"insert":"cillum dolore eu fugiat nulla pariatur","attributes":{"color":"#ffffff","bold":true}},{"insert":". ","attributes":{"color":"#ffffff"}},{"insert":"\n\n","attributes":{"size":"normal"}},{"insert":"Nec ultrices dui sapien eget. Tortor at risus viverra adipiscing at in tellus. Risus sed vulputate odio ut enim. Risus viverra adipiscing at in. Nec ultrices dui sapien eget.","attributes":{"color":"#ffffff"}},{"insert":"\n"},{"insert":"\n\n","attributes":{"size":"medium"}}]},"paddV1":53}}},"p":["HJ2FZqhOB","H1_1Uc3OH","Hk5K89huB","B1Bq8q3Or","rk1oLq2_S","rybhIc2uS"]}}}},"v":"1"}