{"i":{"rkXVf6T_B":{"id":"rkXVf6T_B","type":"slide","setup":{"bord":{"size":0,"rad":0},"bg":{"selectedKey":"fill","fill":{"opac":0,"rgb":"#B5B5B5"}},"transparentBg":{"selectedKey":false}}},"By-XEG6aur":{"id":"By-XEG6aur","type":"interactive","subtype":"interactiveLinkedImages","setup":{"imgs":{"i":{"Sy7ygDo_S":{"type":"image","id":"Sy7ygDo_S","style":{"selectedKey":"textLabels"},"txtBg":{"fill":{"opac":0.8,"rgb":"#000"}},"bg":{"selectedKey":"image","fill":{"opac":1,"rgb":"#FFF"},"img":{"filt":{"opac":100,"gray":0,"blur":0,"tint":{"rgb":"#FFF","opac":0}},"pos":{"type":"crop","fit":{"bg":{"color":{"rgb":"#FFF","opac":0}},"vali":"center","hali":"center"},"crop":{"poi":{"x":577.5,"y":337.5}},"mask":{"shape":1}},"measures":{"size":{"width":1200,"height":675}},"orig":{"rType":"asset","rSubType":"image","fileName":"info1.png","fileSize":61755,"val":"mc-094186fd82068b4ede13a9619b7831cc.png","aid":"ryX4GpT_B"}}},"name":{"rType":"text","val":"Home"},"t":{"i":{"BJa7lwj_r":{"type":"text","id":"BJa7lwj_r","pos":{"x":200,"y":90},"style":{"selectedKey":"noBoxed"},"size":{"selectedKey":"m"},"color":{"opac":0,"rgb":"#ECCC06"},"desc":{"rType":"richtext","val":{"ops":[{"insert":"Editable Text","attributes":{"color":"#ffffff"}},{"insert":"\n","attributes":{"size":"large"}}]}}},"B1XZ-vj_H":{"type":"text","id":"B1XZ-vj_H","pos":{"x":250,"y":240},"style":{"selectedKey":"noBoxed"},"size":{"selectedKey":"m"},"color":{"opac":0,"rgb":"#EA3A3A"},"desc":{"rType":"richtext","val":{"ops":[{"attributes":{"color":"#ffffff"},"insert":"Editable Text"},{"insert":"\n","attributes":{"size":"large"}}]}}},"S1MNZDo_S":{"type":"text","id":"S1MNZDo_S","pos":{"x":190,"y":390},"style":{"selectedKey":"noBoxed"},"size":{"selectedKey":"m"},"color":{"opac":0,"rgb":"#9066DD"},"desc":{"rType":"richtext","val":{"ops":[{"insert":"Editable Text","attributes":{"color":"#ffffff"}},{"insert":"\n","attributes":{"size":"large"}}]}}},"SJgHWwjdr":{"type":"text","id":"SJgHWwjdr","pos":{"x":220,"y":520},"style":{"selectedKey":"noBoxed"},"size":{"selectedKey":"m"},"color":{"opac":0,"rgb":"#007199"},"desc":{"rType":"richtext","val":{"ops":[{"insert":"Editable Text","attributes":{"color":"#ffffff"}},{"insert":"\n","attributes":{"size":"large"}}]}}},"ryRBWDo_r":{"type":"text","id":"ryRBWDo_r","pos":{"x":210,"y":660},"style":{"selectedKey":"noBoxed"},"size":{"selectedKey":"m"},"color":{"opac":0,"rgb":"#0aa6e5"},"desc":{"rType":"richtext","val":{"ops":[{"insert":"Editable ","attributes":{"color":"#ffffff"}},{"insert":"\n","attributes":{"size":"large"}}]}}}},"p":["BJa7lwj_r","B1XZ-vj_H","S1MNZDo_S","SJgHWwjdr","ryRBWDo_r"]},"e":{"i":{"HyyuWPj_S":{"type":"element","id":"HyyuWPj_S","link":{"selectedKey":"image","val":"ry5FZPiOS"},"animation":{"selectedKey":"fade"},"pos":{"x":859,"y":142},"icon":{"selectedKey":11},"size":{"selectedKey":"m"},"iconColor":{"opac":1,"rgb":"#ECCC06"}},"r1f5GDsOH":{"type":"element","id":"r1f5GDsOH","link":{"selectedKey":"image","val":"SJBvzDiuH"},"animation":{"selectedKey":"fade"},"pos":{"x":942,"y":284},"icon":{"selectedKey":11},"size":{"selectedKey":"m"},"iconColor":{"opac":1,"rgb":"#EA3A3A"}},"rJGsfDs_r":{"type":"element","id":"rJGsfDs_r","link":{"selectedKey":"image","val":"HyFwzwjOr"},"animation":{"selectedKey":"fade"},"pos":{"x":875,"y":447},"icon":{"selectedKey":11},"size":{"selectedKey":"m"},"iconColor":{"opac":1,"rgb":"#9066DD"}},"rkonzPjOB":{"type":"element","id":"rkonzPjOB","link":{"selectedKey":"image","val":"By9vGwi_H"},"animation":{"selectedKey":"fade"},"pos":{"x":815,"y":599},"icon":{"selectedKey":11},"size":{"selectedKey":"m"},"iconColor":{"opac":1,"rgb":"#007199"}},"HJCaGvodS":{"type":"element","id":"HJCaGvodS","link":{"selectedKey":"image","val":"rkjPfPjdH"},"animation":{"selectedKey":"fade"},"pos":{"x":743,"y":716},"icon":{"selectedKey":11},"size":{"selectedKey":"m"},"iconColor":{"opac":1,"rgb":"#0aa6e5"}}},"p":["HyyuWPj_S","r1f5GDsOH","rJGsfDs_r","rkonzPjOB","HJCaGvodS"]}},"ry5FZPiOS":{"type":"image","id":"ry5FZPiOS","style":{"selectedKey":"textOverlapping"},"txtBg":{"fill":{"opac":0.5,"rgb":"#000000"}},"bg":{"selectedKey":"fill","fill":{"opac":1,"rgb":"#ECCC06"}},"name":{"rType":"text","val":"Step 1"},"desc":{"rType":"richtext","val":{"ops":[{"attributes":{"color":"#ffffff"},"insert":"Description example "},{"attributes":{"size":"large"},"insert":"\n"},{"attributes":{"color":"#ffffff","bold":true},"insert":"· · ·"},{"attributes":{"size":"large"},"insert":"\n"},{"attributes":{"color":"#ffffff"},"insert":"Lorem ipsum dolor sit amet, consectetur adipiscing elit, sed do eiusmod tempor incididunt ut labore et dolore magna aliqua. Ut enim ad minim veniam, quis nostrud exercitation ullamco laboris nisi ut aliquip ex ea commodo consequat. Duis aute irure dolor in reprehenderit in voluptate velit esse "},{"attributes":{"color":"#ffffff","bold":true},"insert":"cillum dolore eu fugiat nulla pariatur"},{"attributes":{"color":"#ffffff"},"insert":". "},{"attributes":{"size":"normal"},"insert":"\n\n"},{"attributes":{"color":"#ffffff"},"insert":"Nec ultrices dui sapien eget. Tortor at risus viverra adipiscing at in tellus. Risus sed vulputate odio ut enim. Risus viverra adipiscing at in. Nec ultrices dui sapien eget."},{"insert":"\n"},{"attributes":{"size":"medium"},"insert":"\n\n"}]},"paddV1":49},"e":{"i":{"HJCa-Ds_r":{"type":"element","id":"HJCa-Ds_r","link":{"selectedKey":"image","val":"Sy7ygDo_S"},"animation":{"selectedKey":"fade"},"pos":{"x":938,"y":57},"icon":{"selectedKey":18},"size":{"selectedKey":"m"},"iconColor":{"opac":1,"rgb":"#FFF"}}},"p":["HJCa-Ds_r"]}},"SJBvzDiuH":{"type":"image","id":"SJBvzDiuH","style":{"selectedKey":"textOverlapping"},"txtBg":{"fill":{"opac":0.5,"rgb":"#000000"}},"bg":{"selectedKey":"fill","fill":{"opac":1,"rgb":"#C41313"}},"name":{"rType":"text","val":"Step 2"},"desc":{"rType":"richtext","val":{"ops":[{"attributes":{"color":"#ffffff"},"insert":"Description example "},{"attributes":{"size":"large"},"insert":"\n"},{"attributes":{"color":"#ffffff","bold":true},"insert":"· · ·"},{"attributes":{"size":"large"},"insert":"\n"},{"attributes":{"color":"#ffffff"},"insert":"Lorem ipsum dolor sit amet, consectetur adipiscing elit, sed do eiusmod tempor incididunt ut labore et dolore magna aliqua. Ut enim ad minim veniam, quis nostrud exercitation ullamco laboris nisi ut aliquip ex ea commodo consequat. Duis aute irure dolor in reprehenderit in voluptate velit esse "},{"attributes":{"color":"#ffffff","bold":true},"insert":"cillum dolore eu fugiat nulla pariatur"},{"attributes":{"color":"#ffffff"},"insert":". "},{"attributes":{"size":"normal"},"insert":"\n\n"},{"attributes":{"color":"#ffffff"},"insert":"Nec ultrices dui sapien eget. Tortor at risus viverra adipiscing at in tellus. Risus sed vulputate odio ut enim. Risus viverra adipiscing at in. Nec ultrices dui sapien eget."},{"insert":"\n"},{"attributes":{"size":"medium"},"insert":"\n\n"}]},"paddV1":49},"e":{"i":{"HJCa-Ds_r":{"type":"element","id":"HJCa-Ds_r","link":{"selectedKey":"image","val":"Sy7ygDo_S"},"animation":{"selectedKey":"fade"},"pos":{"x":938,"y":57},"icon":{"selectedKey":18},"size":{"selectedKey":"m"},"iconColor":{"opac":1,"rgb":"#FFF"}}},"p":["HJCa-Ds_r"]}},"HyFwzwjOr":{"type":"image","id":"HyFwzwjOr","style":{"selectedKey":"textOverlapping"},"txtBg":{"fill":{"opac":0.5,"rgb":"#000000"}},"bg":{"selectedKey":"fill","fill":{"opac":1,"rgb":"#9066DD"}},"name":{"rType":"text","val":"Step 3"},"desc":{"rType":"richtext","val":{"ops":[{"attributes":{"color":"#ffffff"},"insert":"Description example "},{"attributes":{"size":"large"},"insert":"\n"},{"attributes":{"color":"#ffffff","bold":true},"insert":"· · ·"},{"attributes":{"size":"large"},"insert":"\n"},{"attributes":{"color":"#ffffff"},"insert":"Lorem ipsum dolor sit amet, consectetur adipiscing elit, sed do eiusmod tempor incididunt ut labore et dolore magna aliqua. Ut enim ad minim veniam, quis nostrud exercitation ullamco laboris nisi ut aliquip ex ea commodo consequat. Duis aute irure dolor in reprehenderit in voluptate velit esse "},{"attributes":{"color":"#ffffff","bold":true},"insert":"cillum dolore eu fugiat nulla pariatur"},{"attributes":{"color":"#ffffff"},"insert":". "},{"attributes":{"size":"normal"},"insert":"\n\n"},{"attributes":{"color":"#ffffff"},"insert":"Nec ultrices dui sapien eget. Tortor at risus viverra adipiscing at in tellus. Risus sed vulputate odio ut enim. Risus viverra adipiscing at in. Nec ultrices dui sapien eget."},{"insert":"\n"},{"attributes":{"size":"medium"},"insert":"\n\n"}]},"paddV1":49},"e":{"i":{"HJCa-Ds_r":{"type":"element","id":"HJCa-Ds_r","link":{"selectedKey":"image","val":"Sy7ygDo_S"},"animation":{"selectedKey":"fade"},"pos":{"x":938,"y":57},"icon":{"selectedKey":18},"size":{"selectedKey":"m"},"iconColor":{"opac":1,"rgb":"#FFF"}}},"p":["HJCa-Ds_r"]}},"By9vGwi_H":{"type":"image","id":"By9vGwi_H","style":{"selectedKey":"textOverlapping"},"txtBg":{"fill":{"opac":0.5,"rgb":"#000000"}},"bg":{"selectedKey":"fill","fill":{"opac":1,"rgb":"#007199"}},"name":{"rType":"text","val":"Step 4"},"desc":{"rType":"richtext","val":{"ops":[{"attributes":{"color":"#ffffff"},"insert":"Description example "},{"attributes":{"size":"large"},"insert":"\n"},{"attributes":{"color":"#ffffff","bold":true},"insert":"· · ·"},{"attributes":{"size":"large"},"insert":"\n"},{"attributes":{"color":"#ffffff"},"insert":"Lorem ipsum dolor sit amet, consectetur adipiscing elit, sed do eiusmod tempor incididunt ut labore et dolore magna aliqua. Ut enim ad minim veniam, quis nostrud exercitation ullamco laboris nisi ut aliquip ex ea commodo consequat. Duis aute irure dolor in reprehenderit in voluptate velit esse "},{"attributes":{"color":"#ffffff","bold":true},"insert":"cillum dolore eu fugiat nulla pariatur"},{"attributes":{"color":"#ffffff"},"insert":". "},{"attributes":{"size":"normal"},"insert":"\n\n"},{"attributes":{"color":"#ffffff"},"insert":"Nec ultrices dui sapien eget. Tortor at risus viverra adipiscing at in tellus. Risus sed vulputate odio ut enim. Risus viverra adipiscing at in. Nec ultrices dui sapien eget."},{"insert":"\n"},{"attributes":{"size":"medium"},"insert":"\n\n"}]},"paddV1":49},"e":{"i":{"HJCa-Ds_r":{"type":"element","id":"HJCa-Ds_r","link":{"selectedKey":"image","val":"Sy7ygDo_S"},"animation":{"selectedKey":"fade"},"pos":{"x":938,"y":57},"icon":{"selectedKey":18},"size":{"selectedKey":"m"},"iconColor":{"opac":1,"rgb":"#FFF"}}},"p":["HJCa-Ds_r"]}},"rkjPfPjdH":{"type":"image","id":"rkjPfPjdH","style":{"selectedKey":"textOverlapping"},"txtBg":{"fill":{"opac":0.1,"rgb":"#000000"}},"bg":{"selectedKey":"fill","fill":{"opac":1,"rgb":"#0aa6e5"}},"name":{"rType":"text","val":"Step 5"},"desc":{"rType":"richtext","val":{"ops":[{"attributes":{"color":"#ffffff"},"insert":"Description example "},{"attributes":{"size":"large"},"insert":"\n"},{"attributes":{"color":"#ffffff","bold":true},"insert":"· · ·"},{"attributes":{"size":"large"},"insert":"\n"},{"attributes":{"color":"#ffffff"},"insert":"Lorem ipsum dolor sit amet, consectetur adipiscing elit, sed do eiusmod tempor incididunt ut labore et dolore magna aliqua. Ut enim ad minim veniam, quis nostrud exercitation ullamco laboris nisi ut aliquip ex ea commodo consequat. Duis aute irure dolor in reprehenderit in voluptate velit esse "},{"attributes":{"color":"#ffffff","bold":true},"insert":"cillum dolore eu fugiat nulla pariatur"},{"attributes":{"color":"#ffffff"},"insert":". "},{"attributes":{"size":"normal"},"insert":"\n\n"},{"attributes":{"color":"#ffffff"},"insert":"Nec ultrices dui sapien eget. Tortor at risus viverra adipiscing at in tellus. Risus sed vulputate odio ut enim. Risus viverra adipiscing at in. Nec ultrices dui sapien eget."},{"insert":"\n"},{"attributes":{"size":"medium"},"insert":"\n\n"}]},"paddV1":49},"e":{"i":{"HJCa-Ds_r":{"type":"element","id":"HJCa-Ds_r","link":{"selectedKey":"image","val":"Sy7ygDo_S"},"animation":{"selectedKey":"fade"},"pos":{"x":938,"y":57},"icon":{"selectedKey":18},"size":{"selectedKey":"m"},"iconColor":{"opac":1,"rgb":"#FFF"}}},"p":["HJCa-Ds_r"]}}},"p":["Sy7ygDo_S","ry5FZPiOS","SJBvzDiuH","HyFwzwjOr","By9vGwi_H","rkjPfPjdH"]}}},"SJg74Gp6ur":{"id":"SJg74Gp6ur","type":"interactive","subtype":"interactiveRichText","setup":{"frmeTp":{"selectedKey":"noneFrame"},"bg":{"fill":{"opac":0.2,"rgb":"#FFF"}},"txt":{"rType":"richtext","val":{"ops":[{"insert":"Linked scenes"},{"insert":"\n","attributes":{"size":"hugeTitle"}},{"insert":"\n\n"},{"insert":"These are a very versatile interactive element. To configure this element you must design a series of screens or scenes in which you can place a background image, optional texts or a series of navigation elements that will allow the user to access other images using your on-screen navigation. ","attributes":{"color":"#999999"}},{"insert":"\n\n","attributes":{"size":"medium"}},{"insert":"This will allow you to create contents that can be navigated as you wish with the ability to create a great number of situations and exercises.  ","attributes":{"color":"#999999"}},{"insert":"\n","attributes":{"size":"medium"}}]}},"rType":"richtext","paddV1":32,"frmeColo":{"color":{"opac":1,"rgb":"#666"}}}}},"v":"1"}