{"i":{"dXPfQEthy":{"id":"dXPfQEthy","type":"slide","setup":{"bg":{"selectedKey":"fill","fill":{"opac":1,"rgb":"#ffffff"}},"transparentBg":{"selectedKey":false},"bord":{"size":0,"rad":0}}},"-p1bNSIB-J":{"id":"-p1bNSIB-J","type":"interactive","subtype":"interactiveRichText","setup":{"frmeTp":{"selectedKey":"noneFrame"},"bg":{"fill":{"opac":0,"rgb":"#ffffff"}},"txt":{"rType":"richtext","val":{"ops":[{"insert":"GAMES","attributes":{"color":"#e50a4f"}},{"insert":"\n","attributes":{"size":"medium"}},{"insert":"\n","attributes":{"size":"small"}},{"insert":"Words","attributes":{"color":"#505050","bold":true}},{"insert":"\n\n","attributes":{"size":"huge"}},{"insert":"Read the given hints and attempt to guess the words.","attributes":{"color":"#151515"}},{"insert":"\n","attributes":{"size":"normal"}},{"insert":"If the words are on the tip of your tongue, don't worry. Just try, even if you misspell them.","attributes":{"color":"#151515"}},{"insert":"\n","attributes":{"size":"normal"}},{"insert":"For sure you'll get them right!","attributes":{"color":"#151515"}},{"insert":"\n","attributes":{"size":"normal"}}]}},"rType":"richtext","hali":"","vali":"middle","paddV1":30}},"13FT6S13nu":{"id":"13FT6S13nu","type":"interactive","subtype":"interactiveWords","setup":{"cover":{"selectedKey":"image","img":{"filt":{"opac":100,"gray":0,"blur":0,"tint":{"rgb":"#FFF","opac":0}},"pos":{"type":"crop","fit":{"bg":{"color":{"rgb":"#FFF","opac":100}},"vali":"center","hali":"center"},"crop":{"bg":{"color":{"rgb":"#FFF","opac":0}},"poi":{"x":551,"y":361}},"mask":{"shape":1}},"measures":{"size":{"width":1080,"height":722}},"orig":{"rType":"asset","rSubType":"image","fileName":"unsplash.jpg","fileSize":0,"val":"mc-86dc16bb95f7c2ef59466e4c1485ffcb.jpg","aid":"QPsUVdbvS6"}}},"wordsPerGame":{"value":5},"gamification":{"time":{"visible":true,"value":180},"points":{"visible":true,"value":5000},"wildcards":{"value":2}},"words":{"i":{"cMNI4RELj":{"type":"word","id":"cMNI4RELj","title":{"rType":"text","val":"synchrony"},"clue":{"rType":"text","val":"The way events take place at the same time"},"explanation":{"rType":"text","val":"Learning can be synchronous or asynchronous. Maybe even a combination of both. There are benefits for the trainer and trainees in each case. Whereas with synchronous learning, immediate feedback can be provided, with asynchronous learning, the students can learn at their own pace."},"img":{"filt":{"opac":100,"gray":0,"blur":0,"tint":{"rgb":"#FFF","opac":0}},"pos":{"type":"crop","fit":{"bg":{"color":{"rgb":"#FFF","opac":100}},"vali":"center","hali":"center"},"crop":{"bg":{"color":{"rgb":"#FFF","opac":0}},"poi":{"x":581,"y":302}},"mask":{"shape":1}},"measures":{"size":{"width":1080,"height":720}},"orig":{"rType":"asset","rSubType":"image","fileName":"unsplash.jpg","fileSize":0,"val":"mc-6fc769d3c863b076fd04cafe967a6fcd.jpg","aid":"vyBTWZozQg"}}},"VCQvb9-7u":{"type":"word","id":"VCQvb9-7u","title":{"rType":"text","val":"flow"},"clue":{"rType":"text","val":"A state of optimal experience. "},"explanation":{"rType":"text","val":"You are so absorted that you lose track of time and self"},"img":{"filt":{"opac":100,"gray":0,"blur":0,"tint":{"rgb":"#FFF","opac":0}},"pos":{"type":"crop","fit":{"bg":{"color":{"rgb":"#FFF","opac":100}},"vali":"center","hali":"center"},"crop":{"bg":{"color":{"rgb":"#FFF","opac":0}},"poi":{"x":552,"y":360}},"mask":{"shape":1}},"measures":{"size":{"width":1080,"height":720}},"orig":{"rType":"asset","rSubType":"image","fileName":"unsplash.jpg","fileSize":0,"val":"mc-9fba6d058310dfb73fc121797f34069c.jpg","aid":"oRpkiODbB9"}}},"_Oa-LXjjM":{"type":"word","id":"_Oa-LXjjM","title":{"rType":"text","val":"motivate"},"clue":{"rType":"text","val":"To start the internal process of drive or need, the want for a change."},"explanation":{"rType":"text","val":"It is said that there is little that can be done to create or foster motivation. However, we all know that we can create the best conditions and learning environment for motivation to flourish."},"img":{"filt":{"opac":100,"gray":0,"blur":0,"tint":{"rgb":"#FFF","opac":0}},"pos":{"type":"crop","fit":{"bg":{"color":{"rgb":"#FFF","opac":100}},"vali":"center","hali":"center"},"crop":{"bg":{"color":{"rgb":"#FFF","opac":0}},"poi":{"x":576,"y":917}},"mask":{"shape":1}},"measures":{"size":{"width":1080,"height":1620}},"orig":{"rType":"asset","rSubType":"image","fileName":"unsplash.jpg","fileSize":0,"val":"mc-9c42cd92f3b304d476d6941f5ba91d4a.jpg","aid":"Vm2q-JOYOq"}}},"7GmqL-rG3":{"type":"word","id":"7GmqL-rG3","title":{"rType":"text","val":"template"},"clue":{"rType":"text","val":"A predesigned, customized format and structure."},"img":{"filt":{"opac":100,"gray":0,"blur":0,"tint":{"rgb":"#FFF","opac":0}},"pos":{"type":"crop","fit":{"bg":{"color":{"rgb":"#FFF","opac":100}},"vali":"center","hali":"center"},"crop":{"bg":{"color":{"rgb":"#FFF","opac":0}},"poi":{"x":863,"y":674}},"mask":{"shape":1}},"measures":{"size":{"width":1920,"height":1080}},"orig":{"rType":"asset","rSubType":"image","fileName":"create3.png","fileSize":1239566,"val":"mc-025a1c298a37834fe4e49bbd411bf8c8.png","aid":"b9CMRSS5Pv"}},"explanation":{"rType":"text","val":"Templates are meant to make your life easier. With isEazy author you can choose among a wide variety of them so that you only have to worry about the contents you create, forget about wasting time thinking of design. "}},"b-hq2Lig6":{"type":"word","id":"b-hq2Lig6","title":{"rType":"text","val":"summative"},"clue":{"rType":"text","val":"Evaluations of student learning at the end of a course or lesson or stage."},"explanation":{"rType":"text","val":"The Final Test is a clear example of this kind of assessment. The key advantage is that if offers instant feedback for the students most importantly so that they are aware of what is it they need to review."},"img":{"filt":{"opac":100,"gray":0,"blur":0,"tint":{"rgb":"#FFF","opac":0}},"pos":{"type":"crop","fit":{"bg":{"color":{"rgb":"#FFF","opac":100}},"vali":"center","hali":"center"},"crop":{"bg":{"color":{"rgb":"#FFF","opac":0}},"poi":{"x":483,"y":892}},"mask":{"shape":1}},"measures":{"size":{"width":1080,"height":1620}},"orig":{"rType":"asset","rSubType":"image","fileName":"unsplash.jpg","fileSize":0,"val":"mc-aebfd30f5cd39a5694aaed53d173aa65.jpg","aid":"oaPleqG_3W"}}},"BKb8auqcQ":{"type":"word","id":"BKb8auqcQ","title":{"rType":"text","val":"skill"},"clue":{"rType":"text","val":"the range of things that someone is good at, especially things that are useful in a particular job"},"explanation":{"rType":"text","val":"What are the skills that come to your mind when thinking of the future? Learnability? Emotional and social intelligence? Cognitive flexibility? That's just the tip of the iceberg."},"img":{"filt":{"opac":100,"gray":0,"blur":0,"tint":{"rgb":"#FFF","opac":0}},"pos":{"type":"crop","fit":{"bg":{"color":{"rgb":"#FFF","opac":100}},"vali":"center","hali":"center"},"crop":{"bg":{"color":{"rgb":"#FFF","opac":0}},"poi":{"x":552,"y":360}},"mask":{"shape":1}},"measures":{"size":{"width":1080,"height":720}},"orig":{"rType":"asset","rSubType":"image","fileName":"unsplash.jpg","fileSize":0,"val":"mc-4b0280a21d0b04e398253e1c0bcae23a.jpg","aid":"znCAHuD7UO"}}},"zoziLf0sN":{"type":"word","id":"zoziLf0sN","title":{"rType":"text","val":"blended"},"clue":{"rType":"text","val":"A way of learning that combines the usual classroom lessons with lessons delivered over the internet."},"explanation":{"rType":"text","val":"You can blend the best out of both the virtual and the real world to make the learning experience complete. Did you know that this term dates back to the late 90s when computer were becoming part of our daily lives at home?"},"img":{"filt":{"opac":100,"gray":0,"blur":0,"tint":{"rgb":"#FFF","opac":0}},"pos":{"type":"crop","fit":{"bg":{"color":{"rgb":"#FFF","opac":100}},"vali":"center","hali":"center"},"crop":{"bg":{"color":{"rgb":"#FFF","opac":0}},"poi":{"x":602,"y":290}},"mask":{"shape":1}},"measures":{"size":{"width":1080,"height":720}},"orig":{"rType":"asset","rSubType":"image","fileName":"unsplash.jpg","fileSize":0,"val":"mc-e0a132279b2822ec4e82a3b5bb842a1a.jpg","aid":"Tgs9RzIQgI"}}},"jLrKw0tuD":{"type":"word","id":"jLrKw0tuD","title":{"rType":"text","val":"scaffold"},"clue":{"rType":"text","val":"To break up the learning into chunks to ensure that taking in new concepts and knowledge becomes easier."},"explanation":{"rType":"text","val":"Some techniques or strategies that can be used when scaffolding are asking questions, pre-teaching, using visual aids and modeling."},"img":{"filt":{"opac":100,"gray":0,"blur":0,"tint":{"rgb":"#FFF","opac":0}},"pos":{"type":"crop","fit":{"bg":{"color":{"rgb":"#FFF","opac":100}},"vali":"center","hali":"center"},"crop":{"bg":{"color":{"rgb":"#FFF","opac":0}},"poi":{"x":552,"y":360}},"mask":{"shape":1}},"measures":{"size":{"width":1080,"height":720}},"orig":{"rType":"asset","rSubType":"image","fileName":"unsplash.jpg","fileSize":0,"val":"mc-795bc0f224fa64d8d8d2c1d7b3537422.jpg","aid":"yNuKPaUlj6"}}},"_imsUJaqF":{"type":"word","id":"_imsUJaqF","title":{"rType":"text","val":"pill"},"clue":{"rType":"text","val":"Super short course which allows learners to get the information they need fast."},"explanation":{"rType":"text","val":"This is closely connected with the idea of just in time learning: today we need our staff to have available and ready to use information that they can review anytime. "},"img":{"filt":{"opac":100,"gray":0,"blur":0,"tint":{"rgb":"#FFF","opac":0}},"pos":{"type":"crop","fit":{"bg":{"color":{"rgb":"#FFF","opac":100}},"vali":"center","hali":"center"},"crop":{"bg":{"color":{"rgb":"#FFF","opac":0}},"poi":{"x":552,"y":153}},"mask":{"shape":1}},"measures":{"size":{"width":1080,"height":720}},"orig":{"rType":"asset","rSubType":"image","fileName":"unsplash.jpg","fileSize":0,"val":"mc-3d5a6a8a7f2eb5232fb8c1e55b5526ad.jpg","aid":"JumNHVvtt9"}}},"82-O5hnTh":{"type":"word","id":"82-O5hnTh","title":{"rType":"text","val":"adaptive"},"clue":{"rType":"text","val":"Personalized learning: one that allows students to receive customized training."},"explanation":{"rType":"text","val":"Provide your staff with the right training tailored to their individual needs. create flexible training pathways, allow freedom of choice, this is how you can start!"},"img":{"filt":{"opac":100,"gray":0,"blur":0,"tint":{"rgb":"#FFF","opac":0}},"pos":{"type":"crop","fit":{"bg":{"color":{"rgb":"#FFF","opac":100}},"vali":"center","hali":"center"},"crop":{"bg":{"color":{"rgb":"#FFF","opac":0}},"poi":{"x":539,"y":898}},"mask":{"shape":1}},"measures":{"size":{"width":1080,"height":1620}},"orig":{"rType":"asset","rSubType":"image","fileName":"unsplash.jpg","fileSize":0,"val":"mc-4248ae3055b43a23b7f594c7d41e0ee9.jpg","aid":"9gapoOG7jN"}}},"xhLtRzs6Z":{"type":"word","id":"xhLtRzs6Z","title":{"rType":"text","val":"engage"},"clue":{"rType":"text","val":"To spark attention, curiosity, interest, optimism, and passion in students when learning."},"explanation":{"rType":"text","val":"The best way to engage your students in learning are interactive elements. Forget about passive learning!"},"img":{"filt":{"opac":100,"gray":0,"blur":0,"tint":{"rgb":"#FFF","opac":0}},"pos":{"type":"crop","fit":{"bg":{"color":{"rgb":"#FFF","opac":100}},"vali":"center","hali":"center"},"crop":{"bg":{"color":{"rgb":"#FFF","opac":0}},"poi":{"x":460,"y":456}},"mask":{"shape":1}},"measures":{"size":{"width":1080,"height":720}},"orig":{"rType":"asset","rSubType":"image","fileName":"unsplash.jpg","fileSize":0,"val":"mc-c8bd61461bbea3d9503f9ca69b30b968.jpg","aid":"_TAdoF-Wdp"}}},"wxU5zNZcV":{"type":"word","id":"wxU5zNZcV","title":{"rType":"text","val":"gamify"},"clue":{"rType":"text","val":"To apply typical elements of game playing to other activities such as learning."},"explanation":{"rType":"text","val":"There are countless reasons why gamifying your training program is a must. Remember trying the games in isEazy Author!"},"img":{"filt":{"opac":100,"gray":0,"blur":0,"tint":{"rgb":"#FFF","opac":0}},"pos":{"type":"crop","fit":{"bg":{"color":{"rgb":"#FFF","opac":100}},"vali":"center","hali":"center"},"crop":{"bg":{"color":{"rgb":"#FFF","opac":0}},"poi":{"x":879,"y":537}},"mask":{"shape":1}},"measures":{"size":{"width":1773,"height":1182}},"orig":{"rType":"asset","rSubType":"image","fileName":"celebrating mobile.jpg","fileSize":104494,"val":"mc-fb11f52e9ea589190503b5383b8f4211.jpg","aid":"xd0rx3A9SP"}}},"SB-Hhb7jT":{"type":"word","id":"SB-Hhb7jT","title":{"rType":"text","val":"hots"},"clue":{"rType":"text","val":"In learning taxonomies, the type of skills that focus on analytical skills, for example."},"explanation":{"rType":"text","val":"HOTS is the acronym for Higher Order Thinking Skills."},"img":{"filt":{"opac":100,"gray":0,"blur":0,"tint":{"rgb":"#FFF","opac":0}},"pos":{"type":"crop","fit":{"bg":{"color":{"rgb":"#FFF","opac":100}},"vali":"center","hali":"center"},"crop":{"bg":{"color":{"rgb":"#FFF","opac":0}},"poi":{"x":601,"y":613}},"mask":{"shape":1}},"measures":{"size":{"width":1080,"height":1350}},"orig":{"rType":"asset","rSubType":"image","fileName":"unsplash.jpg","fileSize":0,"val":"mc-a039d79c06ad6d738e4cdba5cf1615dc.jpg","aid":"D4jLPo8xPFn"}}},"GgosJRvfz":{"type":"word","id":"GgosJRvfz","title":{"rType":"text","val":"scorm"},"clue":{"rType":"text","val":"A set of technical standards for eLearning products."},"explanation":{"rType":"text","val":"SCORM has been around for over 20 years and is still widely used in a vast array of LMS."},"img":{"filt":{"opac":100,"gray":0,"blur":0,"tint":{"rgb":"#FFF","opac":0}},"pos":{"type":"crop","fit":{"bg":{"color":{"rgb":"#FFF","opac":100}},"vali":"center","hali":"center"},"crop":{"bg":{"color":{"rgb":"#FFF","opac":0}},"poi":{"x":581,"y":252}},"mask":{"shape":1}},"measures":{"size":{"width":1080,"height":720}},"orig":{"rType":"asset","rSubType":"image","fileName":"unsplash.jpg","fileSize":0,"val":"mc-354d18c3beed444e580ffb91cccfd82e.jpg","aid":"w93cRVd6KN7"}}},"gmgBIWWBx":{"type":"word","id":"gmgBIWWBx","title":{"rType":"text","val":"attention"},"clue":{"rType":"text","val":"Focus, heed."},"explanation":{"rType":"text","val":"William James (1890) wrote that \"Attention is the taking possession by the mind, in clear and vivid form, of one out of what seem several simultaneously possible objects or trains of thought."},"img":{"filt":{"opac":100,"gray":0,"blur":0,"tint":{"rgb":"#FFF","opac":0}},"pos":{"type":"crop","fit":{"bg":{"color":{"rgb":"#FFF","opac":100}},"vali":"center","hali":"center"},"crop":{"bg":{"color":{"rgb":"#FFF","opac":0}},"poi":{"x":540,"y":503.5}},"mask":{"shape":1}},"measures":{"size":{"width":1080,"height":885}},"orig":{"rType":"asset","rSubType":"image","fileName":"unsplash.jpg","fileSize":0,"val":"mc-6491a668e8fe49163af61c735597e406.jpg","aid":"xB2mHlzQhfW"}}}},"p":["VCQvb9-7u","xhLtRzs6Z","_Oa-LXjjM","gmgBIWWBx","BKb8auqcQ","cMNI4RELj","zoziLf0sN","GgosJRvfz","7GmqL-rG3","b-hq2Lig6","wxU5zNZcV","jLrKw0tuD","SB-Hhb7jT","_imsUJaqF","82-O5hnTh"]},"desc":{"rType":"text","val":"How much do you know\nabout e-learning?"}}}},"v":"1"}