{"i":{"SkLfnnKIz":{"id":"SkLfnnKIz","type":"slide","setup":{"bg":{"selectedKey":"image","fill":{"opac":1,"rgb":"#FFF"},"img":{"filt":{"opac":100,"gray":0,"blur":0,"tint":{"rgb":"#FFF","opac":0}},"pos":{"type":"crop","fit":{"bg":{"color":{"rgb":"#FFF","opac":100}},"vali":"center","hali":"center"},"crop":{"poi":{"x":655,"y":439}}},"measures":{"size":{"width":1200,"height":675}},"orig":{"rType":"asset","rSubType":"image","fileName":"cover_download.jpg","fileSize":103060,"val":"mc-7212d7b208a6ef207d4bcb7ddc5082b9.jpg","aid":"9O7v07rzTqe"}}},"transparentBg":{"selectedKey":false},"bord":{"size":0,"rad":0}}},"rkeIMnntLM":{"id":"rkeIMnntLM","type":"interactive","subtype":"interactiveRichText","setup":{"bg":{"fill":{"opac":0.7,"rgb":"#000000"}},"txt":{"rType":"richtext","val":{"ops":[{"insert":"Download","attributes":{"color":"#ffffff"}},{"insert":"\n","attributes":{"size":"huge"}}]}},"rType":"richtext","hali":"center","vali":"middle"}}},"v":"1"}