{"i":{"HyQ7h2tIz":{"id":"HyQ7h2tIz","type":"slide","setup":{"transparentBg":{"selectedKey":false},"bord":{"size":0,"rad":0},"bg":{"selectedKey":"image","fill":{"opac":1,"rgb":"#FFF"},"img":{"filt":{"opac":100,"gray":0,"blur":0,"tint":{"rgb":"#FFF","opac":0}},"pos":{"type":"crop","fit":{"bg":{"color":{"rgb":"#FFF","opac":100}},"vali":"center","hali":"center"},"crop":{"poi":{"x":338,"y":305}}},"measures":{"size":{"width":1100,"height":619}},"orig":{"rType":"asset","rSubType":"image","fileName":"cover_cards.jpg","fileSize":90142,"val":"mc-a26f7c91e02e2a48966e86e5d88a1a07.jpg","aid":"3kB5l8U1IG3"}}}}},"rkgQ7hhKLf":{"id":"rkgQ7hhKLf","type":"interactive","subtype":"interactiveRichText","setup":{"bg":{"fill":{"opac":0.7,"rgb":"#000000"}},"txt":{"rType":"richtext","val":{"ops":[{"insert":"Cards","attributes":{"color":"#ffffff"}},{"insert":"\n","attributes":{"size":"huge"}}]}},"rType":"richtext","hali":"center","vali":"middle"}}},"v":"1"}