{"i":{"HyWINjkcG":{"id":"HyWINjkcG","type":"slide","setup":{"transparentBg":{"selectedKey":false},"bord":{"size":0,"rad":0},"bg":{"selectedKey":"fill","fill":{"opac":1,"rgb":"#FFF"}}}},"Hk8UriJqM":{"id":"Hk8UriJqM","type":"interactive","subtype":"interactiveABC","setup":{"cover":{"selectedKey":"image","img":{"filt":{"opac":100,"gray":0,"blur":0,"tint":{"rgb":"#000000","opac":0.52}},"pos":{"type":"crop","fit":{"bg":{"color":{"rgb":"#FFF","opac":100}},"vali":"center","hali":"center"},"crop":{"poi":{"x":1695,"y":971}}},"measures":{"size":{"width":2880,"height":1920}},"orig":{"rType":"asset","rSubType":"image","fileName":"shutterstock_374219503_low.jpg","fileSize":370097,"val":"mc-2b1cdd250f496b7ebbda0abf0de753ac.jpg","aid":"oQ0OP36SC-7"}}},"desc":{"rType":"text","val":"Choose the best \nanswer for each question."},"quest":{"i":{"SJOSPjy5z":{"type":"question","id":"SJOSPjy5z","text":{"rType":"text","val":"What type of film is on Screen 1?"},"answ":{"i":{"HyK8vj1qM":{"type":"answer","id":"HyK8vj1qM","text":{"val":"Horror/thriller"}},"HklPwsk5G":{"type":"answer","id":"HklPwsk5G","text":{"val":"Romance"}},"SkVPvsycM":{"type":"answer","id":"SkVPvsycM","text":{"val":"Sci-fi"}}},"p":["HyK8vj1qM","HklPwsk5G","SkVPvsycM"],"corrects":["HyK8vj1qM"]}},"SylcvsyqG":{"type":"question","id":"SylcvsyqG","text":{"rType":"text","val":"Which screen has an animated film?"},"answ":{"i":{"Sy4cvokcG":{"type":"answer","id":"Sy4cvokcG","text":{"val":"1"}},"ryIqPsJ5G":{"type":"answer","id":"ryIqPsJ5G","text":{"val":"2"}},"ByucPiycf":{"type":"answer","id":"ByucPiycf","text":{"val":"3"}},"BkoqDiJ5M":{"type":"answer","id":"BkoqDiJ5M","text":{"val":"4"}}},"p":["Sy4cvokcG","ryIqPsJ5G","ByucPiycf","BkoqDiJ5M"],"corrects":["BkoqDiJ5M"]}},"HkOnPjJqG":{"type":"question","id":"HkOnPjJqG","text":{"rType":"text","val":"What time does the first film start?"},"answ":{"i":{"rka2Dokcf":{"type":"answer","id":"rka2Dokcf","text":{"val":"2.00"}},"ByGpvoJqM":{"type":"answer","id":"ByGpvoJqM","text":{"val":"3.00"}},"rJPaDsyqM":{"type":"answer","id":"rJPaDsyqM","text":{"val":"4.00"}}},"p":["rka2Dokcf","ByGpvoJqM","rJPaDsyqM"],"corrects":["ByGpvoJqM"]}},"SJORDjy9M":{"type":"question","id":"SJORDjy9M","text":{"rType":"text","val":"If you arrive at the cinema at 7.10, when is the next film?"},"answ":{"i":{"ByaRwsyqz":{"type":"answer","id":"ByaRwsyqz","text":{"val":"7.25"}},"rJ_yOsJ9M":{"type":"answer","id":"rJ_yOsJ9M","text":{"val":"7.45"}},"ry3kuiJ5f":{"type":"answer","id":"ry3kuiJ5f","text":{"val":"7.55"}}},"p":["ByaRwsyqz","rJ_yOsJ9M","ry3kuiJ5f"],"corrects":["rJ_yOsJ9M"]}},"B1AldjkcM":{"type":"question","id":"B1AldjkcM","text":{"rType":"text","val":"Which screen is showing a love story"},"answ":{"i":{"rJGb_jyqG":{"type":"answer","id":"rJGb_jyqG","text":{"val":"2"}},"B14WOikqM":{"type":"answer","id":"B14WOikqM","text":{"val":"3"}},"rkHW_ikcG":{"type":"answer","id":"rkHW_ikcG","text":{"val":"4"}}},"p":["rJGb_jyqG","B14WOikqM","rkHW_ikcG"],"corrects":["rJGb_jyqG"]}},"S1iGOj1cM":{"type":"question","id":"S1iGOj1cM","text":{"rType":"text","val":"Where is the director of 'Streetmatch' from?"},"answ":{"i":{"Hy4m_iJ9f":{"type":"answer","id":"Hy4m_iJ9f","text":{"val":"England"}},"rkdmdsy5z":{"type":"answer","id":"rkdmdsy5z","text":{"val":"France"}},"BysQ_ikcM":{"type":"answer","id":"BysQ_ikcM","text":{"val":"Spain"}},"r1J4dj1qf":{"type":"answer","id":"r1J4dj1qf","text":{"val":"USA"}}},"p":["Hy4m_iJ9f","rkdmdsy5z","BysQ_ikcM","r1J4dj1qf"],"corrects":["rkdmdsy5z"]}},"rJ5NOj19f":{"type":"question","id":"rJ5NOj19f","text":{"rType":"text","val":"What time does the last film start?"},"answ":{"i":{"ry0VdsyqG":{"type":"answer","id":"ry0VdsyqG","text":{"val":"11.45"}},"r1VBdj1qf":{"type":"answer","id":"r1VBdj1qf","text":{"val":"11.55"}},"rydSOi1cG":{"type":"answer","id":"rydSOi1cG","text":{"val":"12.45"}}},"p":["ry0VdsyqG","r1VBdj1qf","rydSOi1cG"],"corrects":["ry0VdsyqG"]}},"rJWIOj15M":{"type":"question","id":"rJWIOj15M","text":{"rType":"text","val":"How much does it cost for a mother and father with 3 children (aged 16, 14 and 9) to see a film?"},"answ":{"i":{"BktUuiy5G":{"type":"answer","id":"BktUuiy5G","text":{"val":"21.50"}},"r1aUdjyqM":{"type":"answer","id":"r1aUdjyqM","text":{"val":"22.50"}},"HkgPOsk5f":{"type":"answer","id":"HkgPOsk5f","text":{"val":"23.50"}},"SJ8vusy5z":{"type":"answer","id":"SJ8vusy5z","text":{"val":"24.50"}}},"p":["BktUuiy5G","r1aUdjyqM","HkgPOsk5f","SJ8vusy5z"],"corrects":["HkgPOsk5f"]}}},"p":["SJOSPjy5z","SylcvsyqG","HkOnPjJqG","SJORDjy9M","B1AldjkcM","S1iGOj1cM","rJ5NOj19f","rJWIOj15M"]}}},"BJ8TNoJ9f":{"id":"BJ8TNoJ9f","type":"interactive","subtype":"interactivePodCast","setup":{"bg":{"selectedKey":"image","fill":{"opac":0.8,"rgb":"#000"},"img":{"filt":{"opac":100,"gray":0,"blur":0,"tint":{"rgb":"#FFF","opac":0}},"pos":{"type":"crop","fit":{"bg":{"color":{"rgb":"#FFF","opac":100}},"vali":"center","hali":"center"},"crop":{"poi":{"x":592.5,"y":275}}},"measures":{"size":{"width":980,"height":550}},"orig":{"rType":"asset","rSubType":"image","fileName":"filmology-header.jpg","fileSize":112906,"val":"mc-77e7a098dc410dfb2bbe78a865f5788d.jpg","aid":"wYAkH0jhaPG"}}},"audio":{"orig":{"rType":"asset","rSubType":"audio","fileName":"1L1-world-of-movies.mp3","fileSize":468637,"val":"mc-f77d13a373c8481f4dd84ada73dc0330.mp3","aid":"bDFnv7XGTb4"}}}},"rJXQBikcf":{"id":"rJXQBikcf","type":"interactive","subtype":"interactiveRichText","setup":{"frmeTp":{"selectedKey":"noneFrame"},"bg":{"fill":{"opac":0.2,"rgb":"#FFF"}},"frmeColo":{"color":{"opac":1,"rgb":"#666"}},"txt":{"rType":"richtext","val":{"ops":[{"insert":"\n"},{"insert":"EXERCISES","attributes":{"color":"#c41313"}},{"insert":"\n","attributes":{"size":"medium"}},{"insert":"\n","attributes":{"size":"large"}},{"insert":"Listening ","attributes":{"bold":true,"color":"#000000"}},{"insert":"+","attributes":{"color":"#b5b5b5","bold":true}},{"insert":" ABC exercise","attributes":{"bold":true,"color":"#000000"}},{"insert":"\n","attributes":{"size":"large"}},{"insert":"\n","attributes":{"size":"small"}},{"insert":"A cinema's recorded message giving information about movies and times of screening.","attributes":{"color":"#666666"}},{"insert":"\n\n","attributes":{"size":"normal"}},{"insert":"Listen to the podcast and choose the best answer for each question. Then, listen again to check.","attributes":{"color":"#666666"}},{"insert":"\n","attributes":{"size":"normal"}},{"insert":"\n"}]}},"rType":"richtext","vali":"middle","padd":43}}},"v":"1"}