{"i":{"E4jXGMAWP":{"id":"E4jXGMAWP","type":"slide","setup":{"transparentBg":{"selectedKey":false},"bord":{"size":0,"rad":0},"bg":{"selectedKey":"image","fill":{"opac":0,"rgb":"#000000"},"img":{"filt":{"opac":100,"gray":0,"blur":0,"tint":{"rgb":"#cebc0b","opac":0.05}},"pos":{"type":"crop","fit":{"bg":{"color":{"rgb":"#FFF","opac":100}},"vali":"center","hali":"center"},"crop":{"poi":{"x":517.5,"y":337.5}}},"measures":{"size":{"width":1200,"height":675}},"orig":{"rType":"asset","rSubType":"image","fileName":"bg.jpg","fileSize":118382,"val":"mc-abc71677f773083945c147e27b78f690.jpg","aid":"sDWv6C7idA"}}}}},"Tn-nRrJlbM":{"id":"Tn-nRrJlbM","type":"interactive","subtype":"interactiveMatch","setup":{"cover":{"selectedKey":"image","img":{"filt":{"opac":50,"gray":0,"blur":0,"tint":{"rgb":"#FFF","opac":0}},"pos":{"type":"crop","fit":{"bg":{"color":{"rgb":"#FFF","opac":100}},"vali":"center","hali":"center"},"crop":{"bg":{"color":{"rgb":"#FFF","opac":0}},"poi":{"x":552,"y":360}},"mask":{"shape":1}},"measures":{"size":{"width":1080,"height":720}},"orig":{"rType":"asset","rSubType":"image","fileName":"unsplash.jpg","fileSize":0,"val":"mc-009e8e24265f877eb257704b0642cd8b.jpg","aid":"sGNf8MBOXD"}}},"desc":{"rType":"text","val":"Do you know these food festivals\naround the world?"},"titleA":{"rType":"text","val":"Food festivals!"},"titleB":{"rType":"text","val":"When & where?"},"cardsPairs":{"i":{"UlerEmnrv":{"type":"cardsPairs","id":"UlerEmnrv","cardA":{"bg":{"selectedKey":"image","img":{"filt":{"opac":100,"gray":0,"blur":0,"tint":{"rgb":"#FFF","opac":0}},"pos":{"type":"crop","fit":{"bg":{"color":{"rgb":"#FFF","opac":100}},"vali":"center","hali":"center"},"crop":{"bg":{"color":{"rgb":"#FFF","opac":0}},"poi":{"x":625,"y":511}},"mask":{"shape":1}},"measures":{"size":{"width":1080,"height":1631}},"orig":{"rType":"asset","rSubType":"image","fileName":"unsplash.jpg","fileSize":0,"val":"mc-24c2de9efba782f0ab29687b765b6c6e.jpg","aid":"XKdWaFf--t"}}},"style":{"selectedKey":"boxed"},"txtColor":{"fill":{"opac":1,"rgb":"#ffffff"}},"boxColor":{"fill":{"opac":1,"rgb":"#e88a30"}},"text":{"rType":"text","val":"Oktoberfest"}},"cardB":{"bg":{"selectedKey":"gradient","img":{"filt":{"opac":100,"gray":0,"blur":0,"tint":{"rgb":"#FFF","opac":0}},"pos":{"type":"crop","fit":{"bg":{"color":{"rgb":"#FFF","opac":100}},"vali":"center","hali":"center"},"crop":{"bg":{"color":{"rgb":"#FFF","opac":0}},"poi":{"orig":{"x":50,"y":50},"cust":{"x":50,"y":50}}},"mask":{"shape":1}}},"fill":{"opac":0.3,"rgb":"#000"},"gradient":{"angle":315,"opac":1,"stops":[{"color":"#dba001","pos":0},{"color":"#989814","pos":100}]}},"style":{"selectedKey":"overlapping"},"txtColor":{"fill":{"opac":1,"rgb":"#FFF"}},"boxColor":{"fill":{"opac":1,"rgb":"#e88a30"}},"text":{"rType":"text","val":"October\nBavaria, Germany"}}},"ujRtN2977":{"type":"cardsPairs","id":"ujRtN2977","cardA":{"bg":{"selectedKey":"image","img":{"filt":{"opac":100,"gray":0,"blur":0,"tint":{"rgb":"#FFF","opac":0}},"pos":{"type":"crop","fit":{"bg":{"color":{"rgb":"#FFF","opac":100}},"vali":"center","hali":"center"},"crop":{"bg":{"color":{"rgb":"#FFF","opac":0}},"poi":{"x":520,"y":360}},"mask":{"shape":1}},"measures":{"size":{"width":1080,"height":720}},"orig":{"rType":"asset","rSubType":"image","fileName":"unsplash.jpg","fileSize":0,"val":"mc-a6c6bdf025a46c501a8e5512d2f7879f.jpg","aid":"culkTpN8Jy"}}},"style":{"selectedKey":"boxed"},"txtColor":{"fill":{"opac":1,"rgb":"#ffffff"}},"boxColor":{"fill":{"opac":1,"rgb":"#e88a30"}},"text":{"rType":"text","val":"Oysterfest"}},"cardB":{"bg":{"selectedKey":"gradient","img":{"filt":{"opac":100,"gray":0,"blur":0,"tint":{"rgb":"#FFF","opac":0}},"pos":{"type":"crop","fit":{"bg":{"color":{"rgb":"#FFF","opac":100}},"vali":"center","hali":"center"},"crop":{"bg":{"color":{"rgb":"#FFF","opac":0}},"poi":{"orig":{"x":50,"y":50},"cust":{"x":50,"y":50}}},"mask":{"shape":1}}},"fill":{"opac":0.3,"rgb":"#000"},"gradient":{"angle":315,"opac":1,"stops":[{"color":"#dba001","pos":0},{"color":"#989814","pos":100}]}},"style":{"selectedKey":"overlapping"},"txtColor":{"fill":{"opac":1,"rgb":"#FFF"}},"boxColor":{"fill":{"opac":1,"rgb":"#e88a30"}},"text":{"rType":"text","val":"October\nLong Island, NY"}}},"aEriymIFL":{"type":"cardsPairs","id":"aEriymIFL","cardA":{"bg":{"selectedKey":"image","img":{"filt":{"opac":100,"gray":0,"blur":0,"tint":{"rgb":"#FFF","opac":0}},"pos":{"type":"crop","fit":{"bg":{"color":{"rgb":"#FFF","opac":100}},"vali":"center","hali":"center"},"crop":{"bg":{"color":{"rgb":"#FFF","opac":0}},"poi":{"x":540,"y":1235.5}},"mask":{"shape":1}},"measures":{"size":{"width":1080,"height":1618}},"orig":{"rType":"asset","rSubType":"image","fileName":"unsplash.jpg","fileSize":0,"val":"mc-a4ebf8da1f5467b2b2e787645b55cba9.jpg","aid":"HkP2mmUzBx"}}},"style":{"selectedKey":"boxed"},"txtColor":{"fill":{"opac":1,"rgb":"#ffffff"}},"boxColor":{"fill":{"opac":1,"rgb":"#e88a30"}},"text":{"rType":"text","val":"Pizzafest"}},"cardB":{"bg":{"selectedKey":"gradient","img":{"filt":{"opac":100,"gray":0,"blur":0,"tint":{"rgb":"#FFF","opac":0}},"pos":{"type":"crop","fit":{"bg":{"color":{"rgb":"#FFF","opac":100}},"vali":"center","hali":"center"},"crop":{"bg":{"color":{"rgb":"#FFF","opac":0}},"poi":{"orig":{"x":50,"y":50},"cust":{"x":50,"y":50}}},"mask":{"shape":1}}},"fill":{"opac":0.3,"rgb":"#000"},"gradient":{"angle":315,"opac":1,"stops":[{"color":"#dba001","pos":0},{"color":"#989814","pos":100}]}},"style":{"selectedKey":"overlapping"},"txtColor":{"fill":{"opac":1,"rgb":"#FFF"}},"boxColor":{"fill":{"opac":1,"rgb":"#e88a30"}},"text":{"rType":"text","val":"June\nNaples, Italy"}}},"Q5gQrSK_C":{"type":"cardsPairs","id":"Q5gQrSK_C","cardA":{"bg":{"selectedKey":"image","img":{"filt":{"opac":100,"gray":0,"blur":0,"tint":{"rgb":"#FFF","opac":0}},"pos":{"type":"crop","fit":{"bg":{"color":{"rgb":"#FFF","opac":100}},"vali":"center","hali":"center"},"crop":{"bg":{"color":{"rgb":"#FFF","opac":0}},"poi":{"x":540,"y":371.5}},"mask":{"shape":1}},"measures":{"size":{"width":1080,"height":755}},"orig":{"rType":"asset","rSubType":"image","fileName":"unsplash.jpg","fileSize":0,"val":"mc-a5fc5ace1ce48cd4d8fae99570e5a9e5.jpg","aid":"R50dY698Mc"}}},"style":{"selectedKey":"boxed"},"txtColor":{"fill":{"opac":1,"rgb":"#ffffff"}},"boxColor":{"fill":{"opac":1,"rgb":"#e88a30"}},"text":{"rType":"text","val":"Dumplingfest"}},"cardB":{"bg":{"selectedKey":"gradient","img":{"filt":{"opac":100,"gray":0,"blur":0,"tint":{"rgb":"#FFF","opac":0}},"pos":{"type":"crop","fit":{"bg":{"color":{"rgb":"#FFF","opac":100}},"vali":"center","hali":"center"},"crop":{"bg":{"color":{"rgb":"#FFF","opac":0}},"poi":{"orig":{"x":50,"y":50},"cust":{"x":50,"y":50}}},"mask":{"shape":1}}},"fill":{"opac":0.3,"rgb":"#000"},"gradient":{"angle":315,"opac":1,"stops":[{"color":"#dba001","pos":0},{"color":"#989814","pos":100}]}},"style":{"selectedKey":"overlapping"},"txtColor":{"fill":{"opac":1,"rgb":"#FFF"}},"boxColor":{"fill":{"opac":1,"rgb":"#e88a30"}},"text":{"rType":"text","val":"February\nHong Kong"}}},"auy3pPznS":{"type":"cardsPairs","id":"auy3pPznS","cardA":{"bg":{"selectedKey":"image","img":{"filt":{"opac":100,"gray":0,"blur":0,"tint":{"rgb":"#FFF","opac":0}},"pos":{"type":"crop","fit":{"bg":{"color":{"rgb":"#FFF","opac":100}},"vali":"center","hali":"center"},"crop":{"bg":{"color":{"rgb":"#FFF","opac":0}},"poi":{"x":552,"y":360}},"mask":{"shape":1}},"measures":{"size":{"width":1080,"height":720}},"orig":{"rType":"asset","rSubType":"image","fileName":"unsplash.jpg","fileSize":0,"val":"mc-2a7fae9476ef110fc20d15d6803c7357.jpg","aid":"KoSmjrdcQF"}}},"style":{"selectedKey":"boxed"},"txtColor":{"fill":{"opac":1,"rgb":"#ffffff"}},"boxColor":{"fill":{"opac":1,"rgb":"#e88a30"}},"text":{"rType":"text","val":"Saffron Rose Festival"}},"cardB":{"bg":{"selectedKey":"gradient","img":{"filt":{"opac":100,"gray":0,"blur":0,"tint":{"rgb":"#FFF","opac":0}},"pos":{"type":"crop","fit":{"bg":{"color":{"rgb":"#FFF","opac":100}},"vali":"center","hali":"center"},"crop":{"bg":{"color":{"rgb":"#FFF","opac":0}},"poi":{"orig":{"x":50,"y":50},"cust":{"x":50,"y":50}}},"mask":{"shape":1}}},"fill":{"opac":0.3,"rgb":"#000"},"gradient":{"angle":315,"opac":1,"stops":[{"color":"#dba001","pos":0},{"color":"#989814","pos":100}]}},"style":{"selectedKey":"overlapping"},"txtColor":{"fill":{"opac":1,"rgb":"#FFF"}},"boxColor":{"fill":{"opac":1,"rgb":"#e88a30"}},"text":{"rType":"text","val":"October\nToledo, Spain"}}},"KBs6FqNi_":{"type":"cardsPairs","id":"KBs6FqNi_","cardA":{"bg":{"selectedKey":"image","img":{"filt":{"opac":100,"gray":0,"blur":0,"tint":{"rgb":"#FFF","opac":0}},"pos":{"type":"crop","fit":{"bg":{"color":{"rgb":"#FFF","opac":100}},"vali":"center","hali":"center"},"crop":{"bg":{"color":{"rgb":"#FFF","opac":0}},"poi":{"x":606,"y":320}},"mask":{"shape":1}},"measures":{"size":{"width":1080,"height":644}},"orig":{"rType":"asset","rSubType":"image","fileName":"unsplash.jpg","fileSize":0,"val":"mc-c61fbecba18be2232abaecc76caef3c0.jpg","aid":"mVrV3YVoO9"}}},"style":{"selectedKey":"boxed"},"txtColor":{"fill":{"opac":1,"rgb":"#ffffff"}},"boxColor":{"fill":{"opac":1,"rgb":"#e88a30"}},"text":{"rType":"text","val":"Seafood Festival"}},"cardB":{"bg":{"selectedKey":"gradient","img":{"filt":{"opac":100,"gray":0,"blur":0,"tint":{"rgb":"#FFF","opac":0}},"pos":{"type":"crop","fit":{"bg":{"color":{"rgb":"#FFF","opac":100}},"vali":"center","hali":"center"},"crop":{"bg":{"color":{"rgb":"#FFF","opac":0}},"poi":{"orig":{"x":50,"y":50},"cust":{"x":50,"y":50}}},"mask":{"shape":1}}},"fill":{"opac":0.3,"rgb":"#000"},"gradient":{"angle":315,"opac":1,"stops":[{"color":"#dba001","pos":0},{"color":"#989814","pos":100}]}},"style":{"selectedKey":"overlapping"},"txtColor":{"fill":{"opac":1,"rgb":"#FFF"}},"boxColor":{"fill":{"opac":1,"rgb":"#e88a30"}},"text":{"rType":"text","val":"September\nGalway, Ireland"}}}},"p":["UlerEmnrv","ujRtN2977","aEriymIFL","Q5gQrSK_C","auy3pPznS","KBs6FqNi_"]}}}},"v":"1"}