{"i":{"HJ0J5HLpb":{"id":"HJ0J5HLpb","type":"slide","setup":{"transparentBg":{"selectedKey":false},"bord":{"size":0,"rad":0},"bg":{"selectedKey":"fill","fill":{"opac":1,"rgb":"#FFF"}}}},"ByEl9rI6-":{"id":"ByEl9rI6-","type":"interactive","subtype":"interactiveEmbed","setup":{"embed":{"url":"https://www.youtube.com/watch?v=rG4jSz_2HDY","iframeUrl":"//cdn.iframe.ly/api/iframe?url=https%3A%2F%2Fwww.youtube.com%2Fwatch%3Fv%3DrG4jSz_2HDY&amp;key=7ad3e8783279bdbd7573dd1281baf0fb","service":"YouTube","thumbnail":"https://i.ytimg.com/vi/rG4jSz_2HDY/maxresdefault.jpg"}}}},"v":"1"}