{"i":{"EBeRHWd7e":{"id":"EBeRHWd7e","type":"slide","setup":{"bord":{"size":0,"rad":0},"bg":{"selectedKey":"fill","fill":{"opac":1,"rgb":"#ffffff"}},"transparentBg":{"selectedKey":false}}},"JuSRZAZuKe":{"id":"JuSRZAZuKe","type":"interactive","subtype":"interactiveMatch","setup":{"cover":{"selectedKey":"image","img":{"filt":{"opac":100,"gray":72,"blur":0,"tint":{"rgb":"#FFF","opac":0}},"pos":{"type":"crop","fit":{"bg":{"color":{"rgb":"#FFF","opac":100}},"vali":"center","hali":"center"},"crop":{"bg":{"color":{"rgb":"#FFF","opac":0}},"poi":{"x":575,"y":762}},"mask":{"shape":1}},"measures":{"size":{"width":1080,"height":1620}},"orig":{"rType":"asset","rSubType":"image","fileName":"unsplash.jpg","fileSize":0,"val":"mc-144d82868b36a2a849b3e6da2578b601.jpg","aid":"SwJ91W43y_"}}},"desc":{"rType":"text","val":"When did these scientific discoveries happen?"},"titleA":{"rType":"text","val":"Discoveries"},"titleB":{"rType":"text","val":"Date"},"cardsPairs":{"i":{"gtu-qYy9v":{"type":"cardsPairs","id":"gtu-qYy9v","cardA":{"bg":{"selectedKey":"image","img":{"filt":{"opac":100,"gray":0,"blur":0,"tint":{"rgb":"#00ffe6","opac":0}},"pos":{"type":"crop","fit":{"bg":{"color":{"rgb":"#FFF","opac":100}},"vali":"center","hali":"center"},"crop":{"bg":{"color":{"rgb":"#FFF","opac":0}},"poi":{"x":550.5,"y":360.5}},"mask":{"shape":1}},"measures":{"size":{"width":1080,"height":721}},"orig":{"rType":"asset","rSubType":"image","fileName":"unsplash.jpg","fileSize":0,"val":"mc-a9e66d46977dfd9a17e940c82e63d3a8.jpg","aid":"SG5p6x4e_q"}}},"style":{"selectedKey":"boxed"},"txtColor":{"fill":{"opac":1,"rgb":"#ffffff"}},"boxColor":{"fill":{"opac":1,"rgb":"#008fb3"}},"text":{"rType":"text","val":"Penicillin"}},"cardB":{"bg":{"selectedKey":"image"},"style":{"selectedKey":"overlapping"},"txtColor":{"fill":{"opac":1,"rgb":"#ffffff"}},"boxColor":{"fill":{"opac":1,"rgb":"#008fb3"}},"text":{"rType":"text","val":"1928\nAlexander Fleming"}}},"moyBGX2Ik":{"type":"cardsPairs","id":"moyBGX2Ik","cardA":{"bg":{"selectedKey":"image","img":{"filt":{"opac":100,"gray":0,"blur":0,"tint":{"rgb":"#00ffe6","opac":0}},"pos":{"type":"crop","fit":{"bg":{"color":{"rgb":"#FFF","opac":100}},"vali":"center","hali":"center"},"crop":{"bg":{"color":{"rgb":"#FFF","opac":0}},"poi":{"x":642,"y":920}},"mask":{"shape":1}},"measures":{"size":{"width":1080,"height":1350}},"orig":{"rType":"asset","rSubType":"image","fileName":"unsplash.jpg","fileSize":0,"val":"mc-d618de2021ef58dd98247de36ec2b62b.jpg","aid":"LQZZRJ5T9s"}}},"style":{"selectedKey":"boxed"},"txtColor":{"fill":{"opac":1,"rgb":"#ffffff"}},"boxColor":{"fill":{"opac":1,"rgb":"#008fb3"}},"text":{"rType":"text","val":"Pasteurization "}},"cardB":{"bg":{"selectedKey":"image"},"style":{"selectedKey":"overlapping"},"txtColor":{"fill":{"opac":1,"rgb":"#ffffff"}},"boxColor":{"fill":{"opac":1,"rgb":"#008fb3"}},"text":{"rType":"text","val":"1863\nLouis Pasteur"}}},"cyNlOQvX6":{"type":"cardsPairs","id":"cyNlOQvX6","cardA":{"bg":{"selectedKey":"image","img":{"filt":{"opac":100,"gray":0,"blur":0,"tint":{"rgb":"#00ffe6","opac":0}},"pos":{"type":"crop","fit":{"bg":{"color":{"rgb":"#FFF","opac":100}},"vali":"center","hali":"center"},"crop":{"bg":{"color":{"rgb":"#FFF","opac":0}},"poi":{"x":540,"y":969.5}},"mask":{"shape":1}},"measures":{"size":{"width":1080,"height":1440}},"orig":{"rType":"asset","rSubType":"image","fileName":"unsplash.jpg","fileSize":0,"val":"mc-cd0decbba079e2c2f9300ed623a8f164.jpg","aid":"4vkMHbkec9"}}},"style":{"selectedKey":"boxed"},"txtColor":{"fill":{"opac":1,"rgb":"#ffffff"}},"boxColor":{"fill":{"opac":1,"rgb":"#008fb3"}},"text":{"rType":"text","val":"Water on Mars"}},"cardB":{"bg":{"selectedKey":"image"},"style":{"selectedKey":"overlapping"},"txtColor":{"fill":{"opac":1,"rgb":"#ffffff"}},"boxColor":{"fill":{"opac":1,"rgb":"#008fb3"}},"text":{"rType":"text","val":"2015\nNASA"}}},"usZpMrRMy":{"type":"cardsPairs","id":"usZpMrRMy","cardA":{"bg":{"selectedKey":"image","img":{"filt":{"opac":100,"gray":0,"blur":0,"tint":{"rgb":"#00ffe6","opac":0}},"pos":{"type":"crop","fit":{"bg":{"color":{"rgb":"#FFF","opac":100}},"vali":"center","hali":"center"},"crop":{"bg":{"color":{"rgb":"#FFF","opac":0}},"poi":{"x":540,"y":404.5}},"mask":{"shape":1}},"measures":{"size":{"width":1080,"height":1080}},"orig":{"rType":"asset","rSubType":"image","fileName":"unsplash.jpg","fileSize":0,"val":"mc-b4a94e733c7484ac66ea6ce6d4552b80.jpg","aid":"x_yE7zYPgV"}}},"style":{"selectedKey":"boxed"},"txtColor":{"fill":{"opac":1,"rgb":"#ffffff"}},"boxColor":{"fill":{"opac":1,"rgb":"#008fb3"}},"text":{"rType":"text","val":"Stem cells"}},"cardB":{"bg":{"selectedKey":"image"},"style":{"selectedKey":"overlapping"},"txtColor":{"fill":{"opac":1,"rgb":"#ffffff"}},"boxColor":{"fill":{"opac":1,"rgb":"#008fb3"}},"text":{"rType":"text","val":"1960s\nMcCulloch and Till"}}}},"p":["gtu-qYy9v","moyBGX2Ik","cyNlOQvX6","usZpMrRMy"]}}},"y1htXAmPdF":{"id":"y1htXAmPdF","type":"interactive","subtype":"interactiveRichText","setup":{"frmeTp":{"selectedKey":"noneFrame"},"bg":{"fill":{"opac":0,"rgb":"#ffffff"}},"txt":{"rType":"richtext","val":{"ops":[{"insert":"EXERCISES","attributes":{"color":"#e50a4f"}},{"insert":"\n","attributes":{"size":"medium"}},{"insert":" ","attributes":{"color":"#505050"}},{"insert":"\n","attributes":{"size":"small"}},{"insert":"Match","attributes":{"color":"#505050","bold":true}},{"insert":"\n","attributes":{"size":"huge"}},{"insert":" ","attributes":{"color":"#151515"}},{"insert":"\n","attributes":{"size":"huge"}},{"insert":"First, click on a card from one of the groups and, next, on the one from the other group you believe it is connected to.","attributes":{"color":"#151515"}},{"insert":"\n\n","attributes":{"size":"normal"}},{"insert":"The goal is to match all the pairs of cards!","attributes":{"color":"#151515"}},{"insert":"\n","attributes":{"size":"normal"}}]}},"rType":"richtext","hali":"","vali":"middle","paddV1":30}}},"v":"1"}