{"i":{"IANTXf5Ab":{"id":"IANTXf5Ab","type":"slide","setup":{"frmeColo":{"color":{"opac":1,"rgb":"#666"}},"bord":{"size":0,"rad":0},"bg":{"selectedKey":"image","fill":{"opac":1,"rgb":"#FFF"},"img":{"filt":{"opac":100,"gray":0,"blur":0,"tint":{"rgb":"#FFF","opac":0}},"pos":{"type":"crop","fit":{"bg":{"color":{"rgb":"#FFF","opac":100}},"vali":"center","hali":"center"},"crop":{"poi":{"x":547.5,"y":359}}},"measures":{"size":{"width":1080,"height":718}},"orig":{"rType":"asset","rSubType":"image","fileName":"unsplash.jpg","fileSize":0,"val":"mc-477544841d382be210eaa4191af3047e.jpg","aid":"uesv5efiz"}}},"transparentBg":{"selectedKey":false}}},"qk1GJkOH42":{"id":"qk1GJkOH42","type":"interactive","subtype":"interactiveRichText","setup":{"bg":{"fill":{"opac":0.7,"rgb":"#000000"}},"txt":{"rType":"richtext","val":{"ops":[{"insert":"Memory game","attributes":{"color":"#ffffff"}},{"insert":"\n","attributes":{"size":"huge"}}]}},"rType":"richtext","hali":"center","vali":"middle","frmeTp":{"selectedKey":"noneFrame"}}}},"v":"1"}