{"i":{"SJSzyTpdB":{"id":"SJSzyTpdB","type":"slide","setup":{"bg":{"selectedKey":"image","fill":{"opac":1,"rgb":"#fff"},"img":{"filt":{"opac":70,"gray":100,"blur":0,"tint":{"rgb":"#000000","opac":0}},"pos":{"type":"crop","fit":{"bg":{"color":{"rgb":"#FFF","opac":100}},"vali":"center","hali":"center"},"crop":{"poi":{"x":697,"y":524.5}}},"measures":{"size":{"width":1400,"height":1018}},"orig":{"rType":"asset","rSubType":"image","fileName":"mc-20b9d0d67e98d0f2f2bff0cd77e4334b.jpeg","fileSize":382655,"val":"mc-20b9d0d67e98d0f2f2bff0cd77e4334b.jpeg","aid":"rksEJ6aur"}}},"transparentBg":{"selectedKey":false},"bord":{"size":0,"rad":0}}},"r1lrfy6pdS":{"id":"r1lrfy6pdS","type":"interactive","subtype":"interactiveRichText","setup":{"frmeTp":{"selectedKey":"noneFrame"},"bg":{"fill":{"opac":0,"rgb":"#fff"}},"rType":"richtext","hali":"center","vali":"middle","txt":{"rType":"richtext","val":{"ops":[{"insert":"STEPS","attributes":{"color":"#e50a4f"}},{"insert":"\n","attributes":{"size":"medium"}},{"insert":"Explain your methodology","attributes":{"color":"#000000","bold":true}},{"insert":"\n","attributes":{"size":"huge"}}]}},"paddV1":30,"frmeColo":{"color":{"opac":1,"rgb":"#000000"}}}},"H1bSfJ6puH":{"id":"H1bSfJ6puH","type":"interactive","subtype":"interactiveInfographics","setup":{"type":{"selectedKey":3},"cover":{"selectedKey":"image"},"elem":{"i":{"H1T79udm4":{"type":"element","id":"H1T79udm4","color":{"opac":1,"rgb":"#ff6600"},"icon":{"selectedKey":3},"title":{"rType":"text","val":"Your step should be awesome"},"desc":{"rType":"text","val":"\nExplain it, so everyone can get how awesome it is. "},"extendedDesc":{"visible":true,"text":{"rType":"text","val":"Aliquam eget nisi sit amet enim ultricies fringilla. Vivamus at hendrerit felis. Morbi vitae consectetur quam. Aenean venenatis lectus vitae euismod hendrerit. "}}},"Bk405u_XN":{"type":"element","id":"Bk405u_XN","color":{"opac":1,"rgb":"#007199"},"icon":{"selectedKey":30,"visible":true},"title":{"rType":"text","val":"Your step should be awesome"},"desc":{"rType":"text","val":"\nExplain it, so everyone can get how awesome it is. "},"extendedDesc":{"visible":true,"text":{"rType":"text","val":"Aliquam eget nisi sit amet enim ultricies fringilla. Vivamus at hendrerit felis. Morbi vitae consectetur quam. Aenean venenatis lectus vitae euismod hendrerit. "}}},"Sk8Aq__XV":{"type":"element","id":"Sk8Aq__XV","color":{"opac":1,"rgb":"#e50a4f"},"icon":{"selectedKey":3},"title":{"rType":"text","val":"Your step should be awesome"},"desc":{"rType":"text","val":"\nExplain it, so everyone can get how awesome it is. "},"extendedDesc":{"visible":true,"text":{"rType":"text","val":"Aliquam eget nisi sit amet enim ultricies fringilla. Vivamus at hendrerit felis. Morbi vitae consectetur quam. Aenean venenatis lectus vitae euismod hendrerit. "}}},"SJtR5dO74":{"type":"element","id":"SJtR5dO74","color":{"opac":1,"rgb":"#009688"},"icon":{"selectedKey":3},"title":{"rType":"text","val":"Your step should be awesome"},"desc":{"rType":"text","val":"\nExplain it, so everyone can get how awesome it is. "},"extendedDesc":{"visible":true,"text":{"rType":"text","val":"Morbi vitae consectetur quam. Aenean venenatis lectus vitae euismod hendrerit. "}}},"rkcCqdd7E":{"type":"element","id":"rkcCqdd7E","color":{"opac":1,"rgb":"#82a419"},"icon":{"selectedKey":3},"title":{"rType":"text","val":"Your step should be awesome"},"desc":{"rType":"text","val":"\nExplain it, so everyone can get how awesome it is. "},"extendedDesc":{"visible":true,"text":{"rType":"text","val":"Vivamus at hendrerit felis. Morbi vitae consectetur quam. Aenean venenatis lectus vitae euismod hendrerit. "}}},"rJeHsN1NV":{"type":"element","id":"rJeHsN1NV","color":{"opac":1,"rgb":"#b5b5b5"},"icon":{"selectedKey":3},"title":{"rType":"text","val":"Your step should be awesome"},"desc":{"rType":"text","val":"\nExplain it, so everyone can get how awesome it is. "},"extendedDesc":{"visible":true,"text":{"rType":"text","val":"Morbi vitae consectetur quam. Aenean venenatis lectus vitae euismod hendrerit. "}}}},"p":["H1T79udm4","rkcCqdd7E","Sk8Aq__XV","SJtR5dO74","rJeHsN1NV","Bk405u_XN"]},"showNumeration":{"visible":false}}}},"v":"1"}