{"i":{"BklJTXUTW":{"id":"BklJTXUTW","type":"slide","setup":{"transparentBg":{"selectedKey":false},"bord":{"size":0,"rad":0},"bg":{"selectedKey":"fill","fill":{"opac":1,"rgb":"#FFF"}}}},"By-Ab4IaW":{"id":"By-Ab4IaW","type":"interactive","subtype":"interactiveVideo","setup":{"cover":{"selectedKey":"image","img":{"filt":{"opac":100,"gray":0,"blur":0,"tint":{"rgb":"#FFF","opac":0}},"pos":{"type":"crop","fit":{"bg":{"color":{"rgb":"#FFF","opac":100}},"vali":"center","hali":"center"},"crop":{"poi":{"x":433,"y":288}}},"measures":{"size":{"width":1024,"height":576}},"orig":{"rType":"asset","rSubType":"image","fileName":"video_cover1.jpg","fileSize":138477,"val":"mc-08b439053f1861e8512ccf5d18fc3a3a.jpg","aid":"2p9Ek-51na1"}}},"video":{"orig":{"rType":"asset","rSubType":"video","fileName":"924782906.mp4","fileSize":416848,"val":"mc-4698a8bc61390c64cdc93aefc22a6156.mp4","aid":"dq5GO0S5llj"}}}},"BkltW48Tb":{"id":"BkltW48Tb","type":"interactive","subtype":"interactiveRichText","setup":{"bg":{"fill":{"opac":0.2,"rgb":"#FFF"}},"txt":{"rType":"richtext","val":{"ops":[{"insert":"Video","attributes":{"color":"#000000","bold":true}},{"insert":"\n","attributes":{"size":"large"}},{"insert":"\n"},{"insert":"You can include a video of up to 1Gb. Just click on the ","attributes":{"color":"#999999"}},{"insert":"+","attributes":{"color":"#666666","bold":true}},{"insert":" button and upload your video. ","attributes":{"color":"#999999"}},{"insert":"\n\n","attributes":{"size":"normal"}},{"insert":"To see the supported formats view the help article on the ","attributes":{"color":"#999999"}},{"insert":"Requirements for image","attributes":{"bold":true,"color":"#666666"}},{"insert":", ","attributes":{"bold":true,"color":"#666666","italic":true}},{"insert":"audio and video","attributes":{"bold":true,"color":"#666666"}},{"insert":".","attributes":{"color":"#999999","italic":true}},{"insert":"\n","attributes":{"size":"normal"}}]}},"rType":"richtext","padd":44,"hali":"right","vali":"middle","frmeTp":{"selectedKey":"noneFrame"}}},"S1b3z48pZ":{"id":"S1b3z48pZ","type":"interactive","subtype":"interactiveVideo","setup":{"cover":{"selectedKey":"image","img":{"filt":{"opac":100,"gray":0,"blur":0,"tint":{"rgb":"#FFF","opac":0}},"pos":{"type":"crop","fit":{"bg":{"color":{"rgb":"#FFF","opac":100}},"vali":"center","hali":"center"},"crop":{"poi":{"x":510,"y":288}}},"measures":{"size":{"width":1024,"height":576}},"orig":{"rType":"asset","rSubType":"image","fileName":"video_cover2.jpg","fileSize":143945,"val":"mc-e1fc978accca4f01bf58c06e533db7b4.jpg","aid":"xT3oyGLqrbo"}}},"video":{"orig":{"rType":"asset","rSubType":"video","fileName":"862011307.mp4","fileSize":1177788,"val":"mc-6583c6155ce185398bc6372b9ad6c658.mp4","aid":"4fulb-GH8B_"}}}},"HJ2s-E8ab":{"id":"HJ2s-E8ab","type":"interactive","subtype":"interactiveRichText","setup":{"bg":{"fill":{"opac":0.2,"rgb":"#FFF"}},"rType":"richtext","hali":"left","vali":"middle","txt":{"rType":"richtext","val":{"ops":[{"insert":"Cover","attributes":{"color":"#000000","bold":true}},{"insert":"\n","attributes":{"size":"large"}},{"insert":"\n","attributes":{"size":"normal"}},{"insert":"You can configure a cover by choosing a color or an image.","attributes":{"color":"#999999"}},{"insert":"\n","attributes":{"size":"normal"}},{"insert":"\n","attributes":{"size":"medium"}},{"insert":"All the options and filters that you see on the image resource can also be applied to the cover.","attributes":{"color":"#999999"}},{"insert":"\n","attributes":{"size":"normal"}}]}},"padd":43}}},"v":"1"}