{"i":{"OIZx4Znw0":{"id":"OIZx4Znw0","type":"slide","setup":{"frmeColo":{"color":{"opac":1,"rgb":"#666"}},"bord":{"size":0,"rad":0},"bg":{"selectedKey":"image","fill":{"opac":1,"rgb":"#FFF"},"img":{"filt":{"opac":100,"gray":0,"blur":0,"tint":{"rgb":"#FFF","opac":0}},"pos":{"type":"crop","fit":{"bg":{"color":{"rgb":"#FFF","opac":100}},"vali":"center","hali":"center"},"crop":{"poi":{"x":964,"y":-4}},"zoom":22},"measures":{"size":{"width":1080,"height":1440}},"orig":{"rType":"asset","rSubType":"image","fileName":"unsplash.jpg","fileSize":0,"val":"mc-48dd0d461448ed5140d7ebd0d5a9fc76.jpg","aid":"3fqcY2e45"}}},"transparentBg":{"selectedKey":false}}},"656KnhAMRQ":{"id":"656KnhAMRQ","type":"interactive","subtype":"interactiveRichText","setup":{"bg":{"fill":{"opac":0.7,"rgb":"#000000"}},"txt":{"rType":"richtext","val":{"ops":[{"attributes":{"color":"#ffffff"},"insert":"Trivia game"},{"insert":"\n","attributes":{"size":"huge"}}]}},"rType":"richtext","hali":"center","vali":"middle","frmeTp":{"selectedKey":"noneFrame"}}}},"v":"1"}