{"i":{"rkDiqg2CX":{"id":"rkDiqg2CX","type":"slide","setup":{"transparentBg":{"selectedKey":false},"bord":{"size":0,"rad":0},"bg":{"selectedKey":"image","fill":{"opac":1,"rgb":"#FFF"},"img":{"filt":{"opac":100,"gray":0,"blur":0,"tint":{"rgb":"#FFF","opac":0}},"pos":{"type":"crop","fit":{"bg":{"color":{"rgb":"#FFF","opac":100}},"vali":"center","hali":"center"},"crop":{"poi":{"x":540,"y":736.5}}},"measures":{"size":{"width":1080,"height":1620}},"orig":{"rType":"asset","rSubType":"image","fileName":"unsplash.jpg","fileSize":0,"val":"mc-03389df68edf57437710b5caf5eac1af.jpg","aid":"TOFLREzWnUr"}}}}},"BJgvi9e2AQ":{"id":"BJgvi9e2AQ","type":"interactive","subtype":"interactiveRichText","setup":{"bg":{"fill":{"opac":0.7,"rgb":"#000000"}},"txt":{"rType":"richtext","val":{"ops":[{"insert":"Animated","attributes":{"color":"#ffffff"}},{"insert":"\n","attributes":{"size":"huge"}},{"insert":"Infographics","attributes":{"color":"#ffffff"}},{"insert":" "},{"insert":"\n","attributes":{"size":"huge"}}]}},"rType":"richtext","hali":"center","vali":"middle","frmeTp":{"selectedKey":"noneFrame"},"frmeColo":{"color":{"opac":1,"rgb":"#666"}}}}},"v":"1"}