{"i":{"3fB99T8gnQ":{"id":"3fB99T8gnQ","type":"slide","setup":{"bord":{"size":0,"rad":0},"bg":{"selectedKey":"fill","fill":{"opac":1,"rgb":"#FFF"},"img":{"filt":{"opac":100,"gray":0,"blur":0,"tint":{"rgb":"#FFF","opac":0}},"pos":{"type":"crop","fit":{"bg":{"color":{"rgb":"#FFF","opac":100}},"vali":"center","hali":"center"},"crop":{"poi":{"x":1072,"y":283}}},"measures":{"size":{"width":1080,"height":591}},"orig":{"rType":"asset","rSubType":"image","fileName":"unsplash.jpg","fileSize":0,"aid":"OqeE67sHvR","val":"mc-6fad3e24bc7585320396fbcdbe08d16e.jpg"}}},"transparentBg":{"selectedKey":false}}},"XvI06DFED4":{"id":"XvI06DFED4","type":"interactive","subtype":"interactiveRichText","setup":{"frmeTp":{"selectedKey":"noneFrame"},"bg":{"fill":{"opac":0.63,"rgb":"#FFF"}},"txt":{"rType":"richtext","val":{"ops":[{"insert":"Teamwork","attributes":{"color":"#e50a4f","bold":true}},{"insert":"\n","attributes":{"size":"medium"}},{"insert":"Collaborate in real time with other design contributors across your organization.","attributes":{"color":"#000000"}},{"insert":"\n"},{"insert":"\n","attributes":{"size":"medium"}},{"insert":"Organization in environments, folders and projects","attributes":{"bold":true,"color":"#e50a4f"}},{"insert":"\n","attributes":{"size":"medium"}},{"insert":"Create folder structures with different levels and projects, to better organize your collaborators.","attributes":{"color":"#000000"}},{"insert":"\n"},{"insert":"\n","attributes":{"size":"medium"}},{"insert":"Send a copy of a project ","attributes":{"color":"#e50a4f","bold":true}},{"insert":"\n","attributes":{"size":"medium"}},{"insert":"isEazy Author allows you to send copies of your projects to other accounts in an easy and fast way.","attributes":{"color":"#000000"}},{"insert":"\n"},{"insert":"\n","attributes":{"size":"medium"}},{"insert":"Restore points","attributes":{"bold":true,"color":"#e50a4f"}},{"insert":"\n","attributes":{"size":"medium"}},{"insert":"Rest assured that your work is autosaved and recoverable if accidentally deleted: track changes, by whom and when.","attributes":{"color":"#000000"}},{"insert":"\n"},{"insert":"\n","attributes":{"size":"medium"}},{"insert":"Translation made simple","attributes":{"color":"#e50a4f","bold":true}},{"insert":"\n","attributes":{"size":"medium"}},{"insert":"Export the texts of your course, and import them again, already translated. It’s that simple!","attributes":{"color":"#000000"}},{"insert":"\n"}]}},"rType":"richtext","hali":"","vali":"middle","paddV1":50,"frmeColo":{"color":{"opac":1,"rgb":"#666"}}}},"CxivGCTSq":{"id":"CxivGCTSq","type":"interactive","subtype":"interactiveImage","setup":{"img":{"filt":{"opac":100,"gray":0,"blur":0,"tint":{"rgb":"#FFF","opac":0}},"pos":{"type":"fit","fit":{"bg":{"color":{"rgb":"#FFF","opac":100}},"vali":"center","hali":"center"},"crop":{"bg":{"color":{"rgb":"#FFF","opac":0}},"poi":{"x":307.5,"y":265.5}},"mask":{"shape":1}},"measures":{"size":{"width":820,"height":531}},"orig":{"rType":"asset","rSubType":"image","fileName":"easy-edition-authors.png","fileSize":22920,"val":"mc-b96994068c415ec5586674f3d3880cf4.png","aid":"_12juJF6E"}}}}},"v":"1"}