{"i":{"r1Jg74ITb":{"id":"r1Jg74ITb","type":"slide","setup":{"transparentBg":{"selectedKey":false},"bord":{"size":0,"rad":3},"bg":{"selectedKey":"fill","fill":{"opac":1,"rgb":"#FFF"},"img":{"filt":{"opac":100,"gray":0,"blur":0,"tint":{"rgb":"#FFF","opac":0}},"pos":{"type":"crop","fit":{"bg":{"color":{"rgb":"#FFF","opac":100}},"vali":"center","hali":"center"},"crop":{"poi":{"orig":{"x":50,"y":50},"cust":{"x":50,"y":50}}}}}}}},"BkxEXVUpW":{"id":"BkxEXVUpW","type":"interactive","subtype":"interactiveRichText","setup":{"bg":{"fill":{"opac":0.2,"rgb":"#FFF"}},"txt":{"rType":"richtext","val":{"ops":[{"insert":"\n","attributes":{"size":"large"}},{"insert":"Audio","attributes":{"color":"#000000","bold":true}},{"insert":"\n","attributes":{"size":"large"}},{"insert":"\n"},{"insert":"Interactive element that allows you to play audio of up to 30MB. ","attributes":{"color":"#999999"}},{"insert":"\n"},{"insert":"To see the supported formats view the help article on the ","attributes":{"color":"#999999"}},{"insert":"Requirements for image, audio and video","attributes":{"color":"#666666","bold":true}},{"insert":".","attributes":{"color":"#999999"}},{"insert":"\n\n"},{"insert":"You can personalize the style of your audio element by configuring the cover. It also acts as a background for the element when the audio is playing. ","attributes":{"color":"#999999"}},{"insert":"\n\n"},{"insert":"You have the usual personalization options:","attributes":{"color":"#999999"}},{"insert":"\n"},{"insert":"Color","attributes":{"color":"#666666","bold":true}},{"insert":": ","attributes":{"color":"#666666"}},{"insert":"Choose one of the colors on the palette and set the opacity.","attributes":{"color":"#999999"}},{"insert":"\n","attributes":{"list":"bullet"}},{"insert":"Image","attributes":{"color":"#666666","bold":true}},{"insert":":","attributes":{"color":"#666666"}},{"insert":" If you decide to use an image for the background you have the same configuration options as the image element. Consult the related article for more information.  ","attributes":{"color":"#999999"}},{"insert":"\n","attributes":{"list":"bullet"}},{"insert":"\n"}]}},"rType":"richtext","padd":62,"vali":"middle"}},"BJ97mV8TZ":{"id":"BJ97mV8TZ","type":"interactive","subtype":"interactivePodCast","setup":{"bg":{"selectedKey":"image","fill":{"opac":0.8,"rgb":"#000"},"img":{"filt":{"opac":100,"gray":0,"blur":0,"tint":{"rgb":"#FFF","opac":0}},"pos":{"type":"crop","fit":{"bg":{"color":{"rgb":"#FFF","opac":100}},"vali":"center","hali":"center"},"crop":{"poi":{"x":1526,"y":479}}},"measures":{"size":{"width":2917,"height":1250}},"orig":{"rType":"asset","rSubType":"image","fileName":"shutterstock_176222924-1400x600.jpg","fileSize":301744,"val":"mc-6f7408b37aec51f37cbd10e09b982c0e.jpg","aid":"01hbrxhf2lG"}}},"audio":{"orig":{"rType":"asset","rSubType":"audio","fileName":"voice.mp3","fileSize":358522,"val":"mc-706dab2e6779424a023e39267a3eb189.mp3","aid":"MA2INnDvUa3"}}}},"Hy6XNV8T-":{"id":"Hy6XNV8T-","type":"interactive","subtype":"interactivePodCast","setup":{"bg":{"selectedKey":"image","fill":{"opac":0.8,"rgb":"#000"},"img":{"filt":{"opac":100,"gray":0,"blur":0,"tint":{"rgb":"#FFF","opac":0}},"pos":{"type":"crop","fit":{"bg":{"color":{"rgb":"#FFF","opac":100}},"vali":"center","hali":"center"},"crop":{"poi":{"x":217,"y":505}}},"measures":{"size":{"width":2448,"height":1632}},"orig":{"rType":"asset","rSubType":"image","fileName":"shutterstock_383062339_low.jpg","fileSize":398690,"val":"mc-4dcec5bffc728657abc7e11651ae0ff7.jpg","aid":"_5Wa-c7GWOq"}}},"audio":{"orig":{"rType":"asset","rSubType":"audio","fileName":"music1.mp3","fileSize":524430,"val":"mc-985f1d7662c3d617030209583671379e.mp3","aid":"A6ApfORcCNO"}}}}},"v":"1"}