{"i":{"0cTLPtuVJ":{"id":"0cTLPtuVJ","type":"slide","setup":{"bg":{"selectedKey":"image","fill":{"opac":1,"rgb":"#FFF"},"img":{"filt":{"opac":100,"gray":0,"blur":0,"tint":{"rgb":"#FFF","opac":0}},"pos":{"type":"crop","fit":{"bg":{"color":{"rgb":"#FFF","opac":100}},"vali":"center","hali":"center"},"crop":{"poi":{"x":540,"y":437.5}}},"measures":{"size":{"width":1080,"height":816}},"orig":{"rType":"asset","rSubType":"image","fileName":"mc-316393d2c7f272f1ef64fc87317602ea.jpg","fileSize":197848,"val":"mc-316393d2c7f272f1ef64fc87317602ea.jpg","aid":"dJxQO9hMIR"}}},"transparentBg":{"selectedKey":false},"bord":{"size":0,"rad":0}}},"4LHzfN_syi":{"id":"4LHzfN_syi","type":"interactive","subtype":"interactiveRichText","setup":{"bg":{"fill":{"opac":0.7,"rgb":"#000000"}},"txt":{"rType":"richtext","val":{"ops":[{"insert":"Increase the ","attributes":{"color":"#ffffff"}},{"insert":"productivity ","attributes":{"color":"#ff3371"}},{"insert":"\n","attributes":{"size":"hugeTitle"}},{"insert":"of your authors","attributes":{"color":"#ffffff"}},{"insert":"\n","attributes":{"size":"hugeTitle"}},{"insert":"\n","attributes":{"size":"huge"}}]}},"rType":"richtext","hali":"center","vali":"middle","frmeTp":{"selectedKey":"noneFrame"},"frmeColo":{"color":{"opac":1,"rgb":"#666"}}}}},"v":"1"}