{"i":{"S1CFn35xf":{"id":"S1CFn35xf","type":"slide","setup":{"transparentBg":{"selectedKey":false},"bord":{"size":0,"rad":0},"bg":{"selectedKey":"fill","fill":{"opac":1,"rgb":"#FFF"}}}},"H1tnnh9gG":{"id":"H1tnnh9gG","type":"interactive","subtype":"interactiveCoverFlow","setup":{"style":{"selectedKey":"textBoxed"},"imgs":{"i":{"Hy0h339gM":{"type":"image","id":"Hy0h339gM","txtBg":{"fill":{"opac":0.8,"rgb":"#000"}},"img":{"filt":{"opac":100,"gray":0,"blur":0,"tint":{"rgb":"#FFF","opac":0}},"pos":{"type":"crop","fit":{"bg":{"color":{"rgb":"#FFF","opac":100}},"vali":"center","hali":"center"},"crop":{"poi":{"x":637,"y":309.5}}},"measures":{"size":{"width":1100,"height":619}},"orig":{"rType":"asset","rSubType":"image","fileName":"gallery1.jpg","fileSize":312126,"val":"mc-8e73104c339b706992ce540c9c19cb6f.jpg","aid":"7eHRKpymJ2M"}},"desc":{"rType":"richtext","val":{"ops":[{"insert":"“Education is the most powerful weapon which you can use to change the world.”","attributes":{"color":"#ffffff"}},{"insert":"\n\n","attributes":{"size":"large"}},{"insert":"Nelson Mandela","attributes":{"color":"#f8f860","italic":true}},{"insert":"\n","attributes":{"size":"normal"}}]},"padd":20}},"SyCSThcxf":{"type":"image","id":"SyCSThcxf","txtBg":{"fill":{"opac":0.8,"rgb":"#000"}},"img":{"filt":{"opac":100,"gray":0,"blur":0,"tint":{"rgb":"#FFF","opac":0}},"pos":{"type":"crop","fit":{"bg":{"color":{"rgb":"#FFF","opac":100}},"vali":"center","hali":"center"},"crop":{"poi":{"x":637,"y":309.5}}},"measures":{"size":{"width":1100,"height":619}},"orig":{"rType":"asset","rSubType":"image","fileName":"gallery2.jpg","fileSize":217812,"val":"mc-23296b11f68b7cae901e333e441e4b4e.jpg","aid":"WAodJMuBKLU"}},"desc":{"rType":"richtext","val":{"ops":[{"insert":"“Anyone who has never made a mistake has never tried anything new.”","attributes":{"color":"#ffffff"}},{"insert":"\n\n","attributes":{"size":"large"}},{"insert":"Albert Einstein","attributes":{"italic":true,"color":"#f8f860"}},{"insert":"\n"}]},"padd":26}},"H1tGRnqlG":{"type":"image","id":"H1tGRnqlG","txtBg":{"fill":{"opac":0.8,"rgb":"#000"}},"img":{"filt":{"opac":100,"gray":0,"blur":0,"tint":{"rgb":"#FFF","opac":0}},"pos":{"type":"crop","fit":{"bg":{"color":{"rgb":"#FFF","opac":100}},"vali":"center","hali":"center"},"crop":{"poi":{"x":757,"y":610}}},"measures":{"size":{"width":1100,"height":619}},"orig":{"rType":"asset","rSubType":"image","fileName":"gallery3.jpg","fileSize":86967,"val":"mc-a479713c2ff652c4634b87ecfc264d87.jpg","aid":"CfBQFEAleGz"}},"desc":{"rType":"richtext","val":{"ops":[{"insert":"“If you think education is expensive, try ignorance.”","attributes":{"color":"#ffffff"}},{"insert":"\n","attributes":{"size":"large"}},{"insert":"\n"},{"insert":"Andy McIntyre","attributes":{"italic":true,"color":"#f8f860"}},{"insert":"\n"}]},"padd":10}}},"p":["Hy0h339gM","SyCSThcxf","H1tGRnqlG"]}}}},"v":"1"}