{"i":{"HJx_zdqA_z":{"id":"HJx_zdqA_z","type":"slide","setup":{"bord":{"size":0,"rad":0},"bg":{"selectedKey":"image","fill":{"opac":1,"rgb":"#FFF"},"img":{"filt":{"opac":100,"gray":0,"blur":0,"tint":{"rgb":"#FFF","opac":0}},"pos":{"type":"crop","fit":{"bg":{"color":{"rgb":"#FFF","opac":100}},"vali":"center","hali":"center"},"crop":{"poi":{"x":429,"y":362}}},"measures":{"size":{"width":900,"height":600}},"orig":{"rType":"asset","rSubType":"image","fileName":"cole-hutson-62477_mini.jpg","fileSize":533141,"val":"mc-4a82afd30002c3ce2e78cf7124efc7c2.jpg","aid":"vX7xOJQAH_E"}}},"transparentBg":{"selectedKey":false}}},"By3nwHHtf":{"id":"By3nwHHtf","type":"interactive","subtype":"interactiveLinkedImages","setup":{"imgs":{"i":{"BJYTwSSKM":{"type":"image","id":"BJYTwSSKM","style":{"selectedKey":"textOverlapping"},"txtBg":{"fill":{"opac":0.8,"rgb":"#000"}},"bg":{"selectedKey":"image"},"name":{"rType":"text","val":"Question 1"},"desc":{"rType":"richtext","val":{"ops":[{"insert":"What attitude corresponds","attributes":{"bold":true,"color":"#8ccee7"}},{"insert":"\n","attributes":{"size":"large"}},{"insert":"\"We are empathic\"?","attributes":{"bold":true,"color":"#8ccee7"}},{"insert":"\n","attributes":{"size":"large"}},{"insert":"\n","attributes":{"size":"medium"}},{"insert":"I explain to my clients how new digital solutions can help them make better decisions.","attributes":{"color":"#ffffff"}},{"insert":"\n\n","attributes":{"size":"medium"}},{"insert":"I take the time necessary to explain to my clients how new digital solutions can help them make better decisions.","attributes":{"color":"#ffffff"}},{"insert":"\n\n","attributes":{"size":"medium"}},{"insert":"I take the time necessary to explain to my clients which decision is the best for both of us.","attributes":{"color":"#ffffff"}},{"insert":"\n\n","attributes":{"size":"medium"}}]},"hali":"left","padd":65},"e":{"i":{"Hkf8uHSYG":{"type":"element","id":"Hkf8uHSYG","link":{"val":"S13edSBFz"},"animation":{"selectedKey":"fade"},"pos":{"x":70,"y":388},"icon":{"selectedKey":3},"size":{"selectedKey":"m"},"iconColor":{"opac":1,"rgb":"#82a419"}},"BJeOuHHKG":{"type":"element","id":"BJeOuHHKG","link":{"val":"S13edSBFz"},"animation":{"selectedKey":"fade"},"pos":{"x":78,"y":732},"icon":{"selectedKey":3},"size":{"selectedKey":"m"},"iconColor":{"opac":1,"rgb":"#82a419"}},"r1TKuSHtz":{"type":"element","id":"r1TKuSHtz","link":{"val":"r15Z_rSYf"},"animation":{"selectedKey":"left"},"pos":{"x":70,"y":560},"icon":{"selectedKey":3},"size":{"selectedKey":"m"},"iconColor":{"opac":1,"rgb":"#82a419"}}},"p":["Hkf8uHSYG","BJeOuHHKG","r1TKuSHtz"]}},"S13edSBFz":{"type":"image","id":"S13edSBFz","style":{"selectedKey":"textOverlapping"},"txtBg":{"fill":{"opac":0.8,"rgb":"#8b1418"}},"bg":{"selectedKey":"image"},"name":{"rType":"text","val":"Answer 1 - Wrong"},"desc":{"rType":"richtext","val":{"ops":[{"insert":"Sorry, wrong answer. ","attributes":{"bold":true,"color":"#ffffff"}},{"insert":"\n\n","attributes":{"size":"large"}},{"insert":"We must take the time to explain to customers how new digital solutions can help them make better decisions.","attributes":{"color":"#ffffff"}},{"insert":"\n","attributes":{"size":"medium"}}]},"padd":53,"hali":"left"},"e":{"i":{"Bk4TOSHKf":{"type":"element","id":"Bk4TOSHKf","link":{"val":"BJYTwSSKM"},"animation":{"selectedKey":"fade"},"pos":{"x":935,"y":52},"icon":{"selectedKey":18},"size":{"selectedKey":"m"},"iconColor":{"opac":1,"rgb":"#ffffff"}}},"p":["Bk4TOSHKf"]}},"r15Z_rSYf":{"type":"image","id":"r15Z_rSYf","style":{"selectedKey":"textOverlapping"},"txtBg":{"fill":{"opac":0.8,"rgb":"#82a419"}},"bg":{"selectedKey":"image"},"name":{"rType":"text","val":"Answer 1 - OK"},"desc":{"rType":"richtext","val":{"ops":[{"insert":"That’s right!","attributes":{"bold":true,"color":"#ffffff"}},{"insert":"\n\n","attributes":{"size":"huge"}}]}},"e":{"i":{"BkoZFSrFG":{"type":"element","id":"BkoZFSrFG","link":{"val":"H1FMdHBFG"},"animation":{"selectedKey":"fade"},"pos":{"x":491,"y":616},"icon":{"selectedKey":8},"size":{"selectedKey":"l"},"iconColor":{"opac":1,"rgb":"#fff"}}},"p":["BkoZFSrFG"]}},"H1FMdHBFG":{"type":"image","id":"H1FMdHBFG","style":{"selectedKey":"textOverlapping"},"txtBg":{"fill":{"opac":0.8,"rgb":"#000000"}},"bg":{"selectedKey":"image"},"name":{"rType":"text","val":"Question 2"},"desc":{"rType":"richtext","val":{"ops":[{"insert":"Which of the following attitudes is related to ","attributes":{"bold":true,"color":"#8ccee7"}},{"attributes":{"size":"large"},"insert":"\n"},{"insert":"\"We have integrity\"?","attributes":{"bold":true,"color":"#8ccee7"}},{"insert":"\n","attributes":{"size":"large"}},{"insert":"\n","attributes":{"size":"medium"}},{"insert":"When customers request a product, I explain all the pros and all the cons so that they understand it and make the decision that best suits them.","attributes":{"color":"#ffffff"}},{"insert":"\n\n","attributes":{"size":"medium"}},{"insert":"When customers request a product, I highlight the pros and try to hide the cons, so that they can decide what suits them best.","attributes":{"color":"#ffffff"}},{"insert":"\n\n","attributes":{"size":"medium"}},{"insert":"When customers request a product, we provide them with the printed information so they can make the decision that best suits them without wasting our time.","attributes":{"color":"#ffffff"}},{"insert":"\n","attributes":{"size":"medium"}}]},"hali":"left","padd":64},"e":{"i":{"H1CPFrHYf":{"type":"element","id":"H1CPFrHYf","link":{"val":"HkgSdHHYf"},"animation":{"selectedKey":"left"},"pos":{"x":70,"y":372},"icon":{"selectedKey":3},"size":{"selectedKey":"m"},"iconColor":{"opac":1,"rgb":"#82a419"}},"r1XFFBSKz":{"type":"element","id":"r1XFFBSKz","link":{"val":"rkjXdBBtz"},"animation":{"selectedKey":"fade"},"pos":{"x":74,"y":608},"icon":{"selectedKey":3},"size":{"selectedKey":"m"},"iconColor":{"opac":1,"rgb":"#82a419"}},"ByocFrBFM":{"type":"element","id":"ByocFrBFM","link":{"val":"rkjXdBBtz"},"animation":{"selectedKey":"fade"},"pos":{"x":74,"y":836},"icon":{"selectedKey":3},"size":{"selectedKey":"m"},"iconColor":{"opac":1,"rgb":"#82a419"}}},"p":["H1CPFrHYf","r1XFFBSKz","ByocFrBFM"]}},"rkjXdBBtz":{"type":"image","id":"rkjXdBBtz","style":{"selectedKey":"textOverlapping"},"txtBg":{"fill":{"opac":0.8,"rgb":"#8b1418"}},"bg":{"selectedKey":"image"},"name":{"rType":"text","val":"Answer 2 - Wrong"},"desc":{"rType":"richtext","val":{"ops":[{"insert":"Sorry, wrong answer. ","attributes":{"bold":true,"color":"#ffffff"}},{"insert":"\n","attributes":{"size":"large"}},{"insert":"\n","attributes":{"size":"medium"}},{"insert":"When we make a mistake, we must admit it to the customer and be quick and agile when offering solutions, without recommending partial or false remedies.","attributes":{"color":"#ffffff"}},{"insert":"\n","attributes":{"size":"medium"}}]},"padd":55,"hali":"left"},"e":{"i":{"SyZJ9SrKz":{"type":"element","id":"SyZJ9SrKz","link":{"val":"H1FMdHBFG"},"animation":{"selectedKey":"fade"},"pos":{"x":948,"y":48},"icon":{"selectedKey":18},"size":{"selectedKey":"m"},"iconColor":{"opac":1,"rgb":"#ffffff"}}},"p":["SyZJ9SrKz"]}},"HkgSdHHYf":{"type":"image","id":"HkgSdHHYf","style":{"selectedKey":"textOverlapping"},"txtBg":{"fill":{"opac":0.8,"rgb":"#82a419"}},"bg":{"selectedKey":"image"},"name":{"rType":"text","val":"Answer 2 - OK"},"desc":{"rType":"richtext","val":{"ops":[{"insert":"That’s right!","attributes":{"bold":true,"color":"#ffffff"}},{"insert":"\n","attributes":{"size":"huge"}}]}},"e":{"i":{"BJQ4qSHtG":{"type":"element","id":"BJQ4qSHtG","link":{"val":"BJYTwSSKM"},"animation":{"selectedKey":"fade"},"pos":{"x":47,"y":44},"icon":{"selectedKey":10},"size":{"selectedKey":"m"},"iconColor":{"opac":1,"rgb":"#fff"}}},"p":["BJQ4qSHtG"]}}},"p":["BJYTwSSKM","S13edSBFz","r15Z_rSYf","H1FMdHBFG","rkjXdBBtz","HkgSdHHYf"]}}}},"v":"1"}