{"i":{"H1_T6q-CX":{"id":"H1_T6q-CX","type":"slide","setup":{"transparentBg":{"selectedKey":false},"bord":{"size":0,"rad":0},"bg":{"selectedKey":"image","fill":{"opac":0.54,"rgb":"#82a419"},"img":{"filt":{"opac":100,"gray":0,"blur":0,"tint":{"rgb":"#fff","opac":0.19}},"pos":{"type":"crop","fit":{"bg":{"color":{"rgb":"#FFF","opac":100}},"vali":"center","hali":"center"},"crop":{"poi":{"x":569,"y":312},"bg":{"color":{"rgb":"#FFF","opac":0}}}},"measures":{"size":{"width":1080,"height":715}},"orig":{"rType":"asset","rSubType":"image","fileName":"unsplash.jpg","fileSize":0,"val":"mc-a680acaabd3afb52ebdfdf7e4a3c68e2.jpg","aid":"e4yEfiFhbvV"}}}}},"B1e_pp9WR7":{"id":"B1e_pp9WR7","type":"interactive","subtype":"interactiveGraphic","setup":{"format":{"selectedKey":3},"bgColor":{"opac":0,"rgb":"#FFFFFF"},"values":{"i":{"B1e2Z9Ya7":{"type":"value","id":"B1e2Z9Ya7","value":70,"color":{"opac":1,"rgb":"#82a419"},"name":{"rType":"text","val":"Forest"}},"HyI8G9t6m":{"type":"value","id":"HyI8G9t6m","value":13,"color":{"opac":1,"rgb":"#007199"},"name":{"rType":"text","val":"Alpine"}},"Sya_MqKTQ":{"type":"value","id":"Sya_MqKTQ","value":7,"color":{"opac":1,"rgb":"#ea661d"},"name":{"rType":"text","val":"Wetlands"}},"Hy8iG9Kpm":{"type":"value","id":"Hy8iG9Kpm","value":5,"color":{"opac":1,"rgb":"#8ccee7"},"name":{"rType":"text","val":"Fresh water"}},"BkS-X9FaQ":{"type":"value","id":"BkS-X9FaQ","value":3,"color":{"opac":1,"rgb":"#91eeb2"},"name":{"rType":"text","val":"Grassland"}},"ByRGX9FTX":{"type":"value","id":"ByRGX9FTX","value":2,"color":{"opac":1,"rgb":"#f8f860"},"name":{"rType":"text","val":"Human areas"}}},"p":["B1e2Z9Ya7","HyI8G9t6m","Sya_MqKTQ","Hy8iG9Kpm","BkS-X9FaQ","ByRGX9FTX"]},"title":{"rType":"text","val":"Land distribution in British Columbia"}}}},"v":"1"}