{"i":{"HJwb8oR_f":{"id":"HJwb8oR_f","type":"slide","setup":{"transparentBg":{"selectedKey":false},"bord":{"size":0,"rad":0},"bg":{"selectedKey":"image","fill":{"opac":1,"rgb":"#FFF"},"img":{"filt":{"opac":10,"gray":100,"blur":0,"tint":{"rgb":"#FFF","opac":0}},"pos":{"type":"crop","fit":{"bg":{"color":{"rgb":"#FFF","opac":100}},"vali":"center","hali":"center"},"crop":{"poi":{"x":598,"y":621}}},"measures":{"size":{"width":1400,"height":1400}},"orig":{"rType":"asset","rSubType":"image","fileName":"3.2-img-edition.png","fileSize":334369,"val":"mc-735b34128797c7f18d00f1d65a5bd1e9.png","aid":"yVuyWHhSLix"}}}}},"SJAHdjROf":{"id":"SJAHdjROf","type":"interactive","subtype":"interactiveRichText","setup":{"bg":{"fill":{"opac":0,"rgb":"#FFF"}},"txt":{"rType":"richtext","val":{"ops":[{"insert":"\n","attributes":{"size":"small"}},{"insert":"Image edition","attributes":{"bold":true,"color":"#000000"}},{"insert":"\n","attributes":{"size":"large"}},{"insert":"\n","attributes":{"size":"small"}},{"insert":"Adjust your image by fit or fill it on the cell and apply filters if you want to give them some custom look.","attributes":{"color":"#999999"}},{"insert":"\n","attributes":{"size":"normal"}}]}},"rType":"richtext","padd":45,"hali":"center","frmeTp":{"selectedKey":"noneFrame"},"frmeColo":{"color":{"opac":1,"rgb":"#666"}},"vali":"middle"}},"Sk4QcjRuG":{"id":"Sk4QcjRuG","type":"interactive","subtype":"interactiveImage","setup":{"img":{"filt":{"opac":100,"gray":100,"blur":0,"tint":{"rgb":"#FFF","opac":0}},"pos":{"type":"crop","fit":{"bg":{"color":{"rgb":"#FFF","opac":100}},"vali":"center","hali":"center"},"crop":{"poi":{"x":668,"y":458}}},"measures":{"size":{"width":1400,"height":1400}},"orig":{"rType":"asset","rSubType":"image","fileName":"3.2-img-edition.png","fileSize":334369,"aid":"b3GiJiowOY7","val":"mc-735b34128797c7f18d00f1d65a5bd1e9.png"}}}},"rks-qoAOM":{"id":"rks-qoAOM","type":"interactive","subtype":"interactiveImage","setup":{"img":{"filt":{"opac":100,"gray":0,"blur":0,"tint":{"rgb":"#FFF","opac":0.13}},"pos":{"type":"crop","fit":{"bg":{"color":{"rgb":"#FFF","opac":100}},"vali":"center","hali":"center"},"crop":{"poi":{"x":668,"y":458}}},"measures":{"size":{"width":1400,"height":1400}},"orig":{"rType":"asset","rSubType":"image","fileName":"3.2-img-edition.png","fileSize":334369,"val":"mc-735b34128797c7f18d00f1d65a5bd1e9.png","aid":"xSLyfhFC3TW"}}}},"HyImqi0OG":{"id":"HyImqi0OG","type":"interactive","subtype":"interactiveImage","setup":{"img":{"filt":{"opac":100,"gray":100,"blur":0,"tint":{"rgb":"#007199","opac":0.61}},"pos":{"type":"crop","fit":{"bg":{"color":{"rgb":"#FFF","opac":100}},"vali":"center","hali":"center"},"crop":{"poi":{"x":668,"y":458}}},"measures":{"size":{"width":1400,"height":1400}},"orig":{"rType":"asset","rSubType":"image","fileName":"3.2-img-edition.png","fileSize":334369,"aid":"biEeqf4E9R4","val":"mc-735b34128797c7f18d00f1d65a5bd1e9.png"}}}}},"v":"1"}