{"i":{"S14N2aJ9G":{"id":"S14N2aJ9G","type":"slide","setup":{"transparentBg":{"selectedKey":false},"bord":{"size":15,"rad":0},"bg":{"selectedKey":"image","fill":{"opac":1,"rgb":"#FFF"},"img":{"filt":{"opac":100,"gray":0,"blur":0,"tint":{"rgb":"#FFF","opac":0}},"pos":{"type":"crop","fit":{"bg":{"color":{"rgb":"#FFF","opac":100}},"vali":"center","hali":"center"},"crop":{"poi":{"x":495,"y":249}}},"measures":{"size":{"width":1000,"height":500}},"orig":{"rType":"asset","rSubType":"image","fileName":"o-IPAD-CLASSROOM-facebook.jpg","fileSize":99050,"val":"mc-e56b807bdddf0a2a8dda79a0d0e53e38.jpg","aid":"jZURakwCUJz"}}}}},"SJcN3Tk5M":{"id":"SJcN3Tk5M","type":"interactive","subtype":"interactivePercentage","setup":{"format":{"selectedKey":9},"value":87,"mainColor":{"opac":0.15,"rgb":"#eccc06"},"bgColor":{"opac":0,"rgb":"#FFFFFF"},"title":{"rType":"text","val":"87% of US companies offer online training"}}},"rJlK261qG":{"id":"rJlK261qG","type":"interactive","subtype":"interactivePercentage","setup":{"format":{"selectedKey":3},"value":74,"mainColor":{"opac":0.15,"rgb":"#007199"},"bgColor":{"opac":0,"rgb":"#FFFFFF"},"title":{"rType":"text","val":"74% of US companies use LMS and virtual classes / Internet broadcasting / Multimedia content, to train their employees."}}}},"v":"1"}