{"i":{"H1VL1C1tM":{"id":"H1VL1C1tM","type":"slide","setup":{"transparentBg":{"selectedKey":false},"bord":{"size":0,"rad":0},"bg":{"selectedKey":"image","fill":{"opac":1,"rgb":"#FFF"},"img":{"filt":{"opac":100,"gray":0,"blur":0,"tint":{"rgb":"#000000","opac":0.66}},"pos":{"type":"crop","fit":{"bg":{"color":{"rgb":"#FFF","opac":100}},"vali":"center","hali":"center"},"crop":{"poi":{"x":517.5,"y":337.5}}},"measures":{"size":{"width":1200,"height":675}},"orig":{"rType":"asset","rSubType":"image","fileName":"cards1.jpg","fileSize":183258,"val":"mc-b5250ddd8434a7d644f8d6d14ccf2c61.jpg","aid":"99W-3NJLHUb"}}}}},"B1WNIJCJtf":{"id":"B1WNIJCJtf","type":"interactive","subtype":"interactiveCard","setup":{"front":{"selectedKey":"image","fill":{"opac":1,"rgb":"#FFF"},"txt":{"rType":"richtext","val":{"ops":[{"insert":"\n","attributes":{"size":"medium"}}]}},"rType":"richtext","hali":"center","vali":"middle","img":{"filt":{"opac":100,"gray":0,"blur":0,"tint":{"rgb":"#FFF","opac":0}},"pos":{"type":"crop","fit":{"bg":{"color":{"rgb":"#FFF","opac":100}},"vali":"center","hali":"center"},"crop":{"poi":{"x":421,"y":307}}},"measures":{"size":{"width":960,"height":540}},"orig":{"rType":"asset","rSubType":"image","fileName":"cards3.jpg","fileSize":200761,"val":"mc-14c715cac88930b867660e39c0b3c59e.jpg","aid":"rNfjiD_nfFu"}}},"back":{"selectedKey":"fill","fill":{"opac":0.76,"rgb":"#007199"},"txt":{"rType":"richtext","val":{"ops":[{"insert":"The Glaciers","attributes":{"bold":true,"color":"#ffffff"}},{"insert":"\n","attributes":{"size":"large"}}]}},"rType":"richtext","hali":"center","vali":"middle","img":{"filt":{"opac":100,"gray":0,"blur":0,"tint":{"rgb":"#FFF","opac":0}},"pos":{"type":"crop","fit":{"bg":{"color":{"rgb":"#FFF","opac":100}},"vali":"center","hali":"center"},"crop":{"poi":{"orig":{"x":50,"y":50},"cust":{"x":50,"y":50}}}}}},"animation":{"selectedKey":"rotateH"}}},"B1X4Ik0yYM":{"id":"B1X4Ik0yYM","type":"interactive","subtype":"interactiveCard","setup":{"front":{"selectedKey":"image","fill":{"opac":1,"rgb":"#FFF"},"img":{"filt":{"opac":100,"gray":0,"blur":0,"tint":{"rgb":"#FFF","opac":0}},"pos":{"type":"crop","fit":{"bg":{"color":{"rgb":"#FFF","opac":100}},"vali":"center","hali":"center"},"crop":{"poi":{"x":908,"y":288}}},"measures":{"size":{"width":960,"height":540}},"orig":{"rType":"asset","rSubType":"image","fileName":"cards4.jpg","fileSize":169646,"val":"mc-07695c9572e443c4866b8dcfc90b32ac.jpg","aid":"ehhW5z8weGh"}},"txt":{"rType":"richtext","val":{"ops":[{"insert":"\n","attributes":{"size":"medium"}}]}},"rType":"richtext","vali":"middle","hali":"center"},"back":{"selectedKey":"fill","fill":{"opac":0.75,"rgb":"#546422"},"img":{"filt":{"opac":100,"gray":100,"blur":0,"tint":{"rgb":"#000000","opac":0.4}},"pos":{"type":"crop","fit":{"bg":{"color":{"rgb":"#FFF","opac":100}},"vali":"center","hali":"center"},"crop":{"poi":{"x":938,"y":240}}},"measures":{"size":{"width":960,"height":540}},"orig":{"rType":"asset","rSubType":"image","fileName":"cards4.jpg","fileSize":169646,"val":"mc-07695c9572e443c4866b8dcfc90b32ac.jpg","aid":"p0IttZvY5Tf"}},"txt":{"rType":"richtext","val":{"ops":[{"insert":"The Forest","attributes":{"color":"#ffffff","bold":true}},{"insert":"\n","attributes":{"size":"large"}}]}},"rType":"richtext","hali":"center","vali":"middle"},"animation":{"selectedKey":"rotateV"}}},"S1z4LyCyKz":{"id":"S1z4LyCyKz","type":"interactive","subtype":"interactiveCard","setup":{"front":{"selectedKey":"image","fill":{"opac":1,"rgb":"#FFF"},"txt":{"rType":"richtext","val":{"ops":[{"insert":"\n","attributes":{"size":"medium"}}]}},"rType":"richtext","hali":"left","vali":"middle","img":{"filt":{"opac":100,"gray":0,"blur":0,"tint":{"rgb":"#FFF","opac":0}},"pos":{"type":"crop","fit":{"bg":{"color":{"rgb":"#FFF","opac":100}},"vali":"center","hali":"center"},"crop":{"poi":{"x":672,"y":248}}},"measures":{"size":{"width":960,"height":540}},"orig":{"rType":"asset","rSubType":"image","fileName":"cards2.jpg","fileSize":166295,"val":"mc-cf3cd1063d9dac6cc343b4f03190abcc.jpg","aid":"uuNXbYgvESF"}}},"back":{"selectedKey":"fill","fill":{"opac":0.75,"rgb":"#523321"},"img":{"filt":{"opac":100,"gray":100,"blur":0,"tint":{"rgb":"#000000","opac":0.6}},"pos":{"type":"crop","fit":{"bg":{"color":{"rgb":"#FFF","opac":100}},"vali":"center","hali":"center"},"crop":{"poi":{"x":668,"y":285}}},"measures":{"size":{"width":960,"height":540}},"orig":{"rType":"asset","rSubType":"image","fileName":"cards2.jpg","fileSize":166295,"val":"mc-cf3cd1063d9dac6cc343b4f03190abcc.jpg","aid":"KbFk8oFlMBd"}},"txt":{"rType":"richtext","val":{"ops":[{"insert":"The Coast","attributes":{"bold":true,"color":"#ffffff"}},{"insert":"\n","attributes":{"size":"large"}}]}},"rType":"richtext","hali":"center","vali":"middle"},"animation":{"selectedKey":"up"}}}},"v":"1"}