{"i":{"ryi7GapuS":{"id":"ryi7GapuS","type":"slide","setup":{"bg":{"selectedKey":"fill","fill":{"opac":1,"rgb":"#FFF"}},"transparentBg":{"selectedKey":false},"bord":{"size":0,"rad":0}}},"BkgjQf66_B":{"id":"BkgjQf66_B","type":"interactive","subtype":"interactiveLinkedImages","setup":{"imgs":{"i":{"HkYV0hwYz":{"type":"image","id":"HkYV0hwYz","style":{"selectedKey":"textFooter"},"txtBg":{"fill":{"opac":0.8,"rgb":"#000"}},"bg":{"selectedKey":"image","img":{"filt":{"opac":100,"gray":0,"blur":0,"tint":{"rgb":"#FFF","opac":0}},"pos":{"type":"crop","fit":{"bg":{"color":{"rgb":"#FFF","opac":100}},"vali":"center","hali":"center"},"crop":{"poi":{"x":600,"y":449}}},"measures":{"size":{"width":1200,"height":897}},"orig":{"rType":"asset","rSubType":"image","fileName":"crear-decoracion-luminosa.jpg","fileSize":95451,"val":"mc-bb75129f126f280acf5bd55e2f0adfad.jpg","aid":"Byj7za6uH"}}},"name":{"rType":"text","val":"Dorm 3"},"e":{"i":{"Hy1FZpvFM":{"type":"element","id":"Hy1FZpvFM","link":{"val":"BJTXhhwtM"},"animation":{"selectedKey":"fade"},"pos":{"x":42,"y":72},"icon":{"selectedKey":9},"size":{"selectedKey":"m"},"iconColor":{"opac":1,"rgb":"#ff0000"}}},"p":["Hy1FZpvFM"]}},"BJTXhhwtM":{"bg":{"selectedKey":"image","img":{"filt":{"opac":100,"gray":0,"blur":0,"tint":{"rgb":"#FFF","opac":0}},"pos":{"type":"fit","fit":{"bg":{"color":{"rgb":"#FFF","opac":100}},"vali":"center","hali":"center"},"crop":{"poi":{"x":517.5,"y":337.5}}},"measures":{"size":{"width":1200,"height":675}},"orig":{"rType":"asset","rSubType":"image","fileName":"linked_imgs_home.jpg","fileSize":143019,"val":"mc-8064dd79c2cb2bb31ee38e2d3be13bd0.jpg","aid":"H1gs7f6TOH"}}},"e":{"i":{"HJti23wYf":{"type":"element","id":"HJti23wYf","link":{"val":"SygWThDtM"},"animation":{"selectedKey":"fade"},"pos":{"x":524,"y":191},"icon":{"selectedKey":3},"size":{"selectedKey":"l"},"iconColor":{"opac":1,"rgb":"#ffffff"}},"HkxyThwKG":{"type":"element","id":"HkxyThwKG","link":{"val":"BkdvT3DKz"},"animation":{"selectedKey":"fade"},"pos":{"x":317,"y":667},"icon":{"selectedKey":3},"size":{"selectedKey":"l"},"iconColor":{"opac":1,"rgb":"#ffffff"}},"rkjBJTDFf":{"type":"element","id":"rkjBJTDFf","link":{"val":"Byqu62PKM"},"animation":{"selectedKey":"fade"},"pos":{"x":763,"y":489},"icon":{"selectedKey":3},"size":{"selectedKey":"l"},"iconColor":{"opac":1,"rgb":"#ffffff"}},"BywPJTDKG":{"type":"element","id":"BywPJTDKG","link":{"val":"HyMc6nPKM"},"animation":{"selectedKey":"fade"},"pos":{"x":608,"y":716},"icon":{"selectedKey":3},"size":{"selectedKey":"l"},"iconColor":{"opac":1,"rgb":"#ffffff"}},"HkOty6PYz":{"type":"element","id":"HkOty6PYz","link":{"val":"HkYV0hwYz"},"animation":{"selectedKey":"fade"},"pos":{"x":452,"y":553},"icon":{"selectedKey":3},"size":{"selectedKey":"l"},"iconColor":{"opac":1,"rgb":"#ffffff"}},"BynT16DYz":{"type":"element","id":"BynT16DYz","link":{"val":"r1Yz1pPYz"},"animation":{"selectedKey":"fade"},"pos":{"x":520,"y":482},"icon":{"selectedKey":3},"size":{"selectedKey":"l"},"iconColor":{"opac":1,"rgb":"#ffffff"}},"S1PxepPKG":{"type":"element","id":"S1PxepPKG","link":{"val":"S1Lj63vKG"},"animation":{"selectedKey":"fade"},"pos":{"x":400,"y":383},"icon":{"selectedKey":3},"size":{"selectedKey":"l"},"iconColor":{"opac":1,"rgb":"#ffffff"}},"H1zlGawYM":{"type":"element","id":"H1zlGawYM","link":{"val":"BJQmA2DKG"},"animation":{"selectedKey":"fade"},"pos":{"x":691,"y":383},"icon":{"selectedKey":3},"size":{"selectedKey":"l"},"iconColor":{"opac":1,"rgb":"#ffffff"}}},"p":["HJti23wYf","HkxyThwKG","rkjBJTDFf","BywPJTDKG","HkOty6PYz","BynT16DYz","S1PxepPKG","H1zlGawYM"]},"name":{"rType":"text","val":"Home"},"style":{"selectedKey":"textLabels"},"desc":{"rType":"richtext","val":{"ops":[{"insert":"\n\n\n\n","attributes":{"size":"large"}},{"insert":"Discover your new home","attributes":{"color":"#ffffff"}},{"insert":"\n","attributes":{"size":"large"}},{"insert":"\n","attributes":{"size":"small"}}]}},"t":{"i":{"rJc5A8jOB":{"type":"text","id":"rJc5A8jOB","pos":{"x":0,"y":30},"style":{"selectedKey":"boxed"},"size":{"selectedKey":"l"},"color":{"opac":1,"rgb":"#e50a4f"},"desc":{"rType":"richtext","val":{"ops":[{"insert":"Discover your new home","attributes":{"color":"#ffffff"}},{"insert":"\n","attributes":{"size":"large"}}]}}},"H1yC08j_S":{"type":"text","id":"H1yC08j_S","pos":{"x":507,"y":151},"style":{"selectedKey":"roundedBoxed"},"size":{"selectedKey":"s"},"color":{"opac":1,"rgb":"#007199"},"desc":{"rType":"richtext","val":{"ops":[{"insert":"Kitchen","attributes":{"bold":true,"color":"#ffffff"}},{"insert":"\n","attributes":{"size":"medium"}}]}}},"HyAzkDouS":{"type":"text","id":"HyAzkDouS","pos":{"x":592,"y":673},"style":{"selectedKey":"roundedBoxed"},"size":{"selectedKey":"s"},"color":{"opac":1,"rgb":"#009688"},"desc":{"rType":"richtext","val":{"ops":[{"insert":"Bedroom 2","attributes":{"color":"#ffffff","bold":true}},{"insert":"\n","attributes":{"size":"medium"}}]}}},"BJvHyPodS":{"type":"text","id":"BJvHyPodS","pos":{"x":213,"y":340},"style":{"selectedKey":"roundedBoxed"},"size":{"selectedKey":"s"},"color":{"opac":1,"rgb":"#ECCC06"},"desc":{"rType":"richtext","val":{"ops":[{"insert":"Livingroom ","attributes":{"color":"#ffffff","bold":true}},{"insert":"\n","attributes":{"align":"center","size":"medium"}}]},"hali":""}},"H1CPkDo_r":{"type":"text","id":"H1CPkDo_r","pos":{"x":131,"y":629},"style":{"selectedKey":"roundedBoxed"},"size":{"selectedKey":"s"},"color":{"opac":1,"rgb":"#82A419"},"desc":{"rType":"richtext","val":{"ops":[{"attributes":{"color":"#ffffff","bold":true},"insert":"Terrace"},{"insert":"\n","attributes":{"align":"center","size":"medium"}}]},"hali":""}},"SkV88Pnur":{"type":"text","id":"SkV88Pnur","pos":{"x":745,"y":447},"style":{"selectedKey":"roundedBoxed"},"size":{"selectedKey":"s"},"color":{"opac":1,"rgb":"#FF6600"},"desc":{"rType":"richtext","val":{"ops":[{"insert":"Bedroom 1","attributes":{"color":"#ffffff","bold":true}},{"insert":"\n","attributes":{"size":"medium"}}]}}}},"p":["rJc5A8jOB","H1yC08j_S","HyAzkDouS","BJvHyPodS","H1CPkDo_r","SkV88Pnur"]},"txtBg":{"fill":{"opac":0.7,"rgb":"#000000"}},"type":"image","id":"BJTXhhwtM"},"HyVtAhPYf":{"type":"image","id":"HyVtAhPYf","style":{"selectedKey":"textFooter"},"txtBg":{"fill":{"opac":0.8,"rgb":"#000"}},"bg":{"selectedKey":"image","img":{"filt":{"opac":100,"gray":0,"blur":0,"tint":{"rgb":"#FFF","opac":0}},"pos":{"type":"crop","fit":{"bg":{"color":{"rgb":"#FFF","opac":100}},"vali":"center","hali":"center"},"crop":{"poi":{"x":357.5,"y":300}}},"measures":{"size":{"width":800,"height":600}},"orig":{"rType":"asset","rSubType":"image","fileName":"cocina-de-gas_ampliacion.jpg","fileSize":76347,"val":"mc-604ec345e5b41ddea01c7b354ebee088.jpg","aid":"ByZimGT6OB"}}},"name":{"rType":"text","val":"Cooker"},"e":{"i":{"rJ8zb6PYM":{"type":"element","id":"rJ8zb6PYM","link":{"val":"SygWThDtM","selectedKey":"image"},"animation":{"selectedKey":"fade"},"pos":{"x":957,"y":57},"icon":{"selectedKey":18},"size":{"selectedKey":"m"},"iconColor":{"opac":1,"rgb":"#91eeb2"}}},"p":["rJ8zb6PYM"]}},"BJQmA2DKG":{"type":"image","id":"BJQmA2DKG","style":{"selectedKey":"textFooter"},"txtBg":{"fill":{"opac":0.8,"rgb":"#000"}},"bg":{"selectedKey":"image","img":{"filt":{"opac":100,"gray":0,"blur":0,"tint":{"rgb":"#FFF","opac":0}},"pos":{"type":"crop","fit":{"bg":{"color":{"rgb":"#FFF","opac":100}},"vali":"center","hali":"center"},"crop":{"poi":{"x":680,"y":360}}},"measures":{"size":{"width":1200,"height":720}},"orig":{"rType":"asset","rSubType":"image","fileName":"cómo-hacer-que-un-baño-pequeño-parezca-más-grande-fácilmente.jpg","fileSize":62658,"val":"mc-1b4edce0b16a5a377542ff0ee4fe8a86.jpg","aid":"r1foQMaauH"}}},"name":{"rType":"text","val":"Bathroom"},"e":{"i":{"rywQf6vtM":{"type":"element","id":"rywQf6vtM","link":{"val":"BJTXhhwtM"},"animation":{"selectedKey":"fade"},"pos":{"x":42,"y":72},"icon":{"selectedKey":9},"size":{"selectedKey":"m"},"iconColor":{"opac":1,"rgb":"#91eeb2"}}},"p":["rywQf6vtM"]}},"r1Yz1pPYz":{"type":"image","id":"r1Yz1pPYz","style":{"selectedKey":"textFooter"},"txtBg":{"fill":{"opac":0.8,"rgb":"#000"}},"bg":{"selectedKey":"image","img":{"filt":{"opac":100,"gray":0,"blur":0,"tint":{"rgb":"#FFF","opac":0}},"pos":{"type":"crop","fit":{"bg":{"color":{"rgb":"#FFF","opac":100}},"vali":"center","hali":"center"},"crop":{"poi":{"x":433,"y":288}}},"measures":{"size":{"width":1024,"height":576}},"orig":{"rType":"asset","rSubType":"image","fileName":"muebles-aguado-vestidor-dormitorio-3a_1508215305_1180X580_c_c_0_0.jpg","fileSize":67954,"val":"mc-3d2e225d274a3d1b66a033c82c04a7e4.jpg","aid":"ryQjmfapOB"}}},"name":{"rType":"text","val":"Dress room"},"e":{"i":{"SJBdzTPFM":{"type":"element","id":"SJBdzTPFM","link":{"val":"BJTXhhwtM"},"animation":{"selectedKey":"fade"},"pos":{"x":46,"y":72},"icon":{"selectedKey":9},"size":{"selectedKey":"m"},"iconColor":{"opac":1,"rgb":"#ff0000"}}},"p":["SJBdzTPFM"]}},"HyMc6nPKM":{"type":"image","id":"HyMc6nPKM","style":{"selectedKey":"textFooter"},"txtBg":{"fill":{"opac":0.8,"rgb":"#000"}},"bg":{"selectedKey":"image","img":{"filt":{"opac":100,"gray":0,"blur":0,"tint":{"rgb":"#FFF","opac":0}},"pos":{"type":"crop","fit":{"bg":{"color":{"rgb":"#FFF","opac":100}},"vali":"center","hali":"center"},"crop":{"poi":{"x":429.5,"y":303.5}}},"measures":{"size":{"width":1024,"height":607}},"orig":{"rType":"asset","rSubType":"image","fileName":"rebajas-zara-home-2017-ropa-de-cama-1024x607.jpg","fileSize":64193,"val":"mc-4087b305e5e9b70a7c4bf8a6a9313f22.jpg","aid":"SyEsmzp6dr"}}},"name":{"rType":"text","val":"Dorm 2"},"e":{"i":{"HyKib6wtf":{"type":"element","id":"HyKib6wtf","link":{"val":"BJTXhhwtM"},"animation":{"selectedKey":"fade"},"pos":{"x":46,"y":72},"icon":{"selectedKey":9},"size":{"selectedKey":"m"},"iconColor":{"opac":1,"rgb":"#ff0000"}}},"p":["HyKib6wtf"]}},"SygWThDtM":{"bg":{"selectedKey":"image","img":{"filt":{"opac":100,"gray":0,"blur":0,"tint":{"rgb":"#FFF","opac":0}},"pos":{"type":"crop","fit":{"bg":{"color":{"rgb":"#FFF","opac":100}},"vali":"center","hali":"center"},"crop":{"poi":{"x":685,"y":402}}},"measures":{"size":{"width":1280,"height":804}},"orig":{"rType":"asset","rSubType":"image","fileName":"cocina_galeria_4_config.jpg","fileSize":95922,"val":"mc-7d70be0254417a3f43725f0c0a7a6433.jpg","aid":"SkrjmzTTOB"}}},"e":{"i":{"rJSQl6DtG":{"type":"element","id":"rJSQl6DtG","link":{"val":"HyVtAhPYf","selectedKey":"image"},"animation":{"selectedKey":"left"},"pos":{"x":890,"y":761},"icon":{"selectedKey":3},"size":{"selectedKey":"l"},"iconColor":{"opac":1,"rgb":"#ffffff"}},"S10IlaDFM":{"type":"element","id":"S10IlaDFM","link":{"val":"rkfp0hDYf","selectedKey":"image"},"animation":{"selectedKey":"fade"},"pos":{"x":436,"y":576},"icon":{"selectedKey":3},"size":{"selectedKey":"l"},"iconColor":{"opac":1,"rgb":"#FFF"}},"SJQ_xawKz":{"type":"element","id":"SJQ_xawKz","link":{"val":"BJTXhhwtM"},"animation":{"selectedKey":"fade"},"pos":{"x":42,"y":72},"icon":{"selectedKey":9},"size":{"selectedKey":"m"},"iconColor":{"opac":1,"rgb":"#91eeb2"}}},"p":["rJSQl6DtG","S10IlaDFM","SJQ_xawKz"]},"name":{"rType":"text","val":"Kitchen"},"style":{"selectedKey":"textLabels"},"desc":{"rType":"richtext","val":{"ops":[{"insert":"\n","attributes":{"size":"medium"}}]}},"t":{"i":{"BJJErwndB":{"type":"text","id":"BJJErwndB","pos":{"x":418,"y":535},"style":{"selectedKey":"roundedBoxed"},"size":{"selectedKey":"s"},"color":{"opac":1,"rgb":"#82A419"},"desc":{"rType":"richtext","val":{"ops":[{"insert":"Sink","attributes":{"bold":true,"color":"#ffffff"}},{"insert":"\n","attributes":{"size":"medium"}}]}}},"BJLaHw3ur":{"type":"text","id":"BJLaHw3ur","pos":{"x":699,"y":717},"style":{"selectedKey":"roundedBoxed"},"size":{"selectedKey":"s"},"color":{"opac":1,"rgb":"#007199"},"desc":{"rType":"richtext","val":{"ops":[{"attributes":{"color":"#ffffff","bold":true},"insert":"Cooker"},{"insert":"\n","attributes":{"size":"medium"}}]}}}},"p":["BJJErwndB","BJLaHw3ur"]},"txtBg":{"fill":{"opac":0.8,"rgb":"#000"}},"type":"image","id":"SygWThDtM"},"rkfp0hDYf":{"type":"image","id":"rkfp0hDYf","style":{"selectedKey":"textFooter"},"txtBg":{"fill":{"opac":0.8,"rgb":"#000"}},"bg":{"selectedKey":"image","img":{"filt":{"opac":100,"gray":0,"blur":0,"tint":{"rgb":"#FFF","opac":0}},"pos":{"type":"crop","fit":{"bg":{"color":{"rgb":"#FFF","opac":100}},"vali":"center","hali":"center"},"crop":{"poi":{"x":505,"y":356.5}}},"measures":{"size":{"width":1024,"height":713}},"orig":{"rType":"asset","rSubType":"image","fileName":"am_815612_6050459_385579.jpg","fileSize":68008,"val":"mc-25cc55df19ee310cb559bbe0d750c8d5.jpg","aid":"BkIoXMap_H"}}},"name":{"rType":"text","val":"Sink"},"e":{"i":{"ByfRe6PFG":{"type":"element","id":"ByfRe6PFG","link":{"val":"SygWThDtM","selectedKey":"image"},"animation":{"selectedKey":"fade"},"pos":{"x":972,"y":44},"icon":{"selectedKey":18},"size":{"selectedKey":"m"},"iconColor":{"opac":1,"rgb":"#91eeb2"}}},"p":["ByfRe6PFG"]}},"BkdvT3DKz":{"type":"image","id":"BkdvT3DKz","style":{"selectedKey":"textFooter"},"txtBg":{"fill":{"opac":0.8,"rgb":"#000"}},"bg":{"selectedKey":"image","img":{"filt":{"opac":100,"gray":0,"blur":0,"tint":{"rgb":"#FFF","opac":0}},"pos":{"type":"crop","fit":{"bg":{"color":{"rgb":"#FFF","opac":100}},"vali":"center","hali":"center"},"crop":{"poi":{"x":1244.5,"y":480}}},"measures":{"size":{"width":1948,"height":960}},"orig":{"rType":"asset","rSubType":"image","fileName":"terrazas-amplias.jpg","fileSize":235433,"val":"mc-cf70f4e2bd375eed848cc9251296d2e2.jpg","aid":"HkvsQfapdH"}}},"name":{"rType":"text","val":"Terrace"},"e":{"i":{"ByFB-TwYG":{"type":"element","id":"ByFB-TwYG","link":{"val":"BJTXhhwtM"},"animation":{"selectedKey":"fade"},"pos":{"x":42,"y":79},"icon":{"selectedKey":9},"size":{"selectedKey":"m"},"iconColor":{"opac":1,"rgb":"#ff0000"}}},"p":["ByFB-TwYG"]}},"S1Lj63vKG":{"type":"image","id":"S1Lj63vKG","style":{"selectedKey":"textFooter"},"txtBg":{"fill":{"opac":0.8,"rgb":"#000"}},"bg":{"selectedKey":"image","img":{"filt":{"opac":100,"gray":0,"blur":0,"tint":{"rgb":"#FFF","opac":0}},"pos":{"type":"crop","fit":{"bg":{"color":{"rgb":"#FFF","opac":100}},"vali":"center","hali":"center"},"crop":{"poi":{"x":610.5,"y":397.5}}},"measures":{"size":{"width":1280,"height":800}},"orig":{"rType":"asset","rSubType":"image","fileName":"salon-con-decoracion-zen.jpg","fileSize":147549,"val":"mc-9aef614068321906903df9fdf1c72b15.jpg","aid":"B1_sQGTpdr"}}},"name":{"rType":"text","val":"Living room"},"e":{"i":{"HJC5faDtG":{"type":"element","id":"HJC5faDtG","link":{"val":"BJTXhhwtM"},"animation":{"selectedKey":"fade"},"pos":{"x":38,"y":65},"icon":{"selectedKey":9},"size":{"selectedKey":"m"},"iconColor":{"opac":1,"rgb":"#ff0000"}}},"p":["HJC5faDtG"]}},"Byqu62PKM":{"type":"image","id":"Byqu62PKM","style":{"selectedKey":"textFooter"},"txtBg":{"fill":{"opac":0.8,"rgb":"#000"}},"bg":{"selectedKey":"image","img":{"filt":{"opac":100,"gray":0,"blur":0,"tint":{"rgb":"#FFF","opac":0}},"pos":{"type":"crop","fit":{"bg":{"color":{"rgb":"#FFF","opac":100}},"vali":"center","hali":"center"},"crop":{"poi":{"x":644,"y":419.5}}},"measures":{"size":{"width":1500,"height":844}},"orig":{"rType":"asset","rSubType":"image","fileName":"1.jpg","fileSize":179686,"val":"mc-9c888fb2104e3b70b6f70eb1a1d0e85b.jpg","aid":"H1YiQfapuS"}}},"name":{"rType":"text","val":"Dorm 1"},"e":{"i":{"HkbRbpvYf":{"type":"element","id":"HkbRbpvYf","link":{"val":"BJTXhhwtM"},"animation":{"selectedKey":"fade"},"pos":{"x":46,"y":79},"icon":{"selectedKey":9},"size":{"selectedKey":"m"},"iconColor":{"opac":1,"rgb":"#91eeb2"}}},"p":["HkbRbpvYf"]}}},"p":["BJTXhhwtM","SygWThDtM","BkdvT3DKz","Byqu62PKM","HyMc6nPKM","HkYV0hwYz","S1Lj63vKG","BJQmA2DKG","HyVtAhPYf","rkfp0hDYf","r1Yz1pPYz"]}}}},"v":"1"}