{"i":{"Byczqg6xm":{"id":"Byczqg6xm","type":"slide","setup":{"frmeColo":{"color":{"opac":1,"rgb":"#666"}},"bord":{"size":0,"rad":0},"bg":{"selectedKey":"image","fill":{"opac":1,"rgb":"#FFF"},"img":{"filt":{"opac":100,"gray":0,"blur":0,"tint":{"rgb":"#FFF","opac":0}},"pos":{"type":"crop","fit":{"bg":{"color":{"rgb":"#FFF","opac":100}},"vali":"center","hali":"center"},"crop":{"poi":{"x":552,"y":360}}},"measures":{"size":{"width":1080,"height":720}},"orig":{"rType":"asset","rSubType":"image","fileName":"unsplash.jpg","fileSize":0,"val":"mc-187f29de404a277d7c746e78edb53f46.jpg","aid":"47x7531H5"}}},"transparentBg":{"selectedKey":false}}},"ByxqGceaxQ":{"id":"ByxqGceaxQ","type":"interactive","subtype":"interactiveRichText","setup":{"bg":{"fill":{"opac":0.7,"rgb":"#000000"}},"txt":{"rType":"richtext","val":{"ops":[{"insert":"Fill the Blanks exercise","attributes":{"color":"#ffffff"}},{"insert":"\n","attributes":{"size":"huge"}}]}},"rType":"richtext","hali":"center","vali":"middle","frmeTp":{"selectedKey":"noneFrame"}}}},"v":"1"}