{"i":{"jrbYH-mjb":{"id":"jrbYH-mjb","type":"slide","setup":{"bord":{"size":6,"rad":0},"bg":{"selectedKey":"image","fill":{"opac":1,"rgb":"#e50a4f"},"img":{"filt":{"opac":50,"gray":0,"blur":0,"tint":{"rgb":"#FFF","opac":0,"useGradient":true,"gradient":{"angle":315,"opac":0,"stops":[{"color":"#EB1C79","pos":0},{"color":"#630ba6","pos":100}]}}},"pos":{"type":"crop","fit":{"bg":{"color":{"rgb":"#FFF","opac":100}},"vali":"center","hali":"center"},"crop":{"poi":{"x":540,"y":437.5}}},"measures":{"size":{"width":1080,"height":816}},"orig":{"rType":"asset","rSubType":"image","fileName":"mc-316393d2c7f272f1ef64fc87317602ea.jpg","fileSize":197848,"val":"mc-cdfcf95d44f08b8efe52429b3790c913.jpg","aid":"upT_q4J-h"}},"gradient":{"angle":0,"opac":1,"stops":[{"color":"#000000","pos":0},{"color":"#000000","pos":100}]}},"transparentBg":{"selectedKey":false}}},"rJz61SUdrM":{"id":"rJz61SUdrM","type":"interactive","subtype":"interactiveLink","setup":{"link":{"selectedKey":"external","external":{"val":"https://twitter.com/isEazy"}},"bg":{"selectedKey":"fill","fill":{"opac":0.8,"rgb":"#007199"}},"title":{"rType":"text","val":"Twitter"}}},"fMTT0oMbJp":{"id":"fMTT0oMbJp","type":"interactive","subtype":"interactiveLink","setup":{"link":{"selectedKey":"external","external":{"val":"https://www.youtube.com/watch?v=sJHeuXlrGDc&list=PLVOs4mzoYuizhsZVpZavQqpjdbVjGv5_i"}},"bg":{"selectedKey":"fill","fill":{"opac":0.8,"rgb":"#ff0000"},"img":{"filt":{"opac":100,"gray":0,"blur":0,"tint":{"rgb":"#FFF","opac":0}},"pos":{"type":"crop","fit":{"bg":{"color":{"rgb":"#FFF","opac":100}},"vali":"center","hali":"center"},"crop":{"poi":{"x":718,"y":410}}},"measures":{"size":{"width":1440,"height":803}},"orig":{"rType":"asset","rSubType":"image","fileName":"coverauthor.png","fileSize":306696,"val":"mc-4c9af61ed93557ffb595687c73a4831c.png","aid":"gc3z1kVBKS"}},"gradient":{"angle":0,"opac":1,"stops":[{"color":"#000000","pos":0},{"color":"#000000","pos":100}]}},"title":{"rType":"text","val":"isEazy Author Channel"}}},"S1xpkrIuBz":{"id":"S1xpkrIuBz","type":"interactive","subtype":"interactiveLink","setup":{"link":{"selectedKey":"external","external":{"val":"https://www.iseazy.com/author/"}},"bg":{"selectedKey":"fill","fill":{"opac":0.8,"rgb":"#e50a4f"}},"title":{"rType":"text","val":"Website"}}},"Hk-p1SIdSz":{"id":"Hk-p1SIdSz","type":"interactive","subtype":"interactiveLink","setup":{"link":{"selectedKey":"external","external":{"val":"http://help-en.iseazy.com/"}},"bg":{"selectedKey":"fill","fill":{"opac":0.8,"rgb":"#009688"}},"title":{"rType":"text","val":"Support"}}},"zYa-kUnnF":{"id":"zYa-kUnnF","type":"interactive","subtype":"interactiveLink","setup":{"link":{"selectedKey":"external","external":{"val":"https://www.iseazy.com/blog/"}},"bg":{"selectedKey":"fill","fill":{"opac":0.8,"rgb":"#9066DD"}},"title":{"rType":"text","val":"Blog"}}},"Bk7TyHUdrG":{"id":"Bk7TyHUdrG","type":"interactive","subtype":"interactiveLink","setup":{"link":{"selectedKey":"external","external":{"val":"https://es.linkedin.com/company/iseazy"}},"bg":{"selectedKey":"fill","fill":{"opac":0.8,"rgb":"#82A419"}},"title":{"rType":"text","val":"Linkedin"}}}},"v":"1"}