{"i":{"S1kMuVoa-":{"id":"S1kMuVoa-","type":"slide","setup":{"transparentBg":{"selectedKey":false},"bord":{"size":0,"rad":0},"bg":{"selectedKey":"fill","fill":{"opac":1,"rgb":"#FFF"}}}},"rkuGOEoaW":{"id":"rkuGOEoaW","type":"interactive","subtype":"interactiveRichText","setup":{"bg":{"fill":{"opac":0.2,"rgb":"#FFF"}},"txt":{"rType":"richtext","val":{"ops":[{"insert":"Course characteristics","attributes":{"color":"#000000","bold":true}},{"insert":"\n","attributes":{"size":"large"}},{"insert":"\n"},{"insert":"In the ","attributes":{"color":"#999999"}},{"insert":"Project file","attributes":{"bold":true,"color":"#666666"}},{"insert":" section you can see the options for personalization that allow adapting ","attributes":{"color":"#999999"}},{"insert":"\n"},{"insert":"it to your taste.","attributes":{"color":"#999999"}},{"insert":"\n\n\n"}]}},"rType":"richtext","vali":"middle","padd":76,"frmeTp":{"selectedKey":"noneFrame"}}},"HkWEpNgLz":{"id":"HkWEpNgLz","type":"interactive","subtype":"interactiveImage","setup":{"img":{"filt":{"opac":100,"gray":0,"blur":0,"tint":{"rgb":"#FFF","opac":0}},"pos":{"type":"crop","fit":{"bg":{"color":{"rgb":"#FFF","opac":100}},"vali":"center","hali":"center"},"crop":{"poi":{"x":279.5,"y":337.5}}},"measures":{"size":{"width":600,"height":676}},"orig":{"rType":"asset","rSubType":"image","fileName":"menu.gif","fileSize":797115,"val":"mc-77461fe62e5cf1e3a3223beaf1f38ac8.gif","aid":"QoJEF_KKYg"}}}}},"v":"1"}