{"i":{"gUwNv_Pqo":{"id":"gUwNv_Pqo","type":"slide","setup":{"bord":{"size":0,"rad":0},"bg":{"selectedKey":"fill","fill":{"opac":1,"rgb":"#FFF"},"img":{"filt":{"opac":100,"gray":0,"blur":0,"tint":{"rgb":"#FFF","opac":0}},"pos":{"type":"crop","fit":{"bg":{"color":{"rgb":"#FFF","opac":100}},"vali":"center","hali":"center"},"crop":{"bg":{"color":{"rgb":"#FFF","opac":0}},"poi":{"orig":{"x":50,"y":50},"cust":{"x":50,"y":50}}},"mask":{"shape":1}}}},"transparentBg":{"selectedKey":false}}},"ZtD14tidTZ":{"id":"ZtD14tidTZ","type":"interactive","subtype":"interactiveAlphabet","setup":{"cover":{"selectedKey":"image","img":{"filt":{"opac":100,"gray":0,"blur":0,"tint":{"rgb":"#000000","opac":0}},"pos":{"type":"crop","fit":{"bg":{"color":{"rgb":"#FFF","opac":100}},"vali":"center","hali":"center"},"crop":{"poi":{"x":827,"y":418}}},"measures":{"size":{"width":1080,"height":720}},"orig":{"rType":"asset","rSubType":"image","fileName":"unsplash.jpg","fileSize":0,"val":"mc-cc3f23693546151a4ef56a653da59b99.jpg","aid":"96Ye3IUv7n"}}},"gamification":{"wildcards":{"value":3},"time":{"value":300},"points":{"value":5000}},"desc":{"rType":"text","val":"\nHow many words do you know?\n\n"},"quest":{"i":{"Hyir7aN7Q":{"type":"question","id":"Hyir7aN7Q","selectedKey":"start","letter":"Z","title":{"rType":"text","val":"Place where you visit animals"},"img":{"filt":{"opac":100,"gray":0,"blur":0,"tint":{"rgb":"#FFF","opac":0}},"pos":{"type":"crop","fit":{"bg":{"color":{"rgb":"#FFF","opac":100}},"vali":"center","hali":"center"},"crop":{"poi":{"x":698,"y":345}}},"measures":{"size":{"width":1080,"height":715}},"orig":{"rType":"asset","rSubType":"image","fileName":"unsplash.jpg","fileSize":0,"val":"mc-288da2088d3c8fa134a9279647bcc0dc.jpg","aid":"OUxiecRfiq"}},"answ":{"i":{"Hy_nUTVXm":{"type":"answer","id":"Hy_nUTVXm","text":{"val":"ZOO"}}},"p":["Hy_nUTVXm"]}},"Sy69zpNXm":{"type":"question","id":"Sy69zpNXm","selectedKey":"start","letter":"U","title":{"rType":"text","val":"The opposite of beautiful"},"answ":{"i":{"BJbofpNQ7":{"type":"answer","id":"BJbofpNQ7","text":{"val":"UGLY"}}},"p":["BJbofpNQ7"]},"img":{"filt":{"opac":100,"gray":0,"blur":0,"tint":{"rgb":"#FFF","opac":0}},"pos":{"type":"crop","fit":{"bg":{"color":{"rgb":"#FFF","opac":100}},"vali":"center","hali":"center"},"crop":{"poi":{"x":517,"y":359.5}}},"measures":{"size":{"width":1080,"height":719}},"orig":{"rType":"asset","rSubType":"image","fileName":"unsplash.jpg","fileSize":0,"val":"mc-d647c25a8048f034ae6d60ad243d4b91.jpg","aid":"2I2hv0ZNek"}}},"HyDWl64X7":{"type":"question","id":"HyDWl64X7","selectedKey":"start","letter":"I","title":{"rType":"text","val":" The opposite of outside"},"img":{"filt":{"opac":100,"gray":0,"blur":0,"tint":{"rgb":"#FFF","opac":0}},"pos":{"type":"crop","fit":{"bg":{"color":{"rgb":"#FFF","opac":100}},"vali":"center","hali":"center"},"crop":{"poi":{"x":552,"y":360}}},"measures":{"size":{"width":1080,"height":720}},"orig":{"rType":"asset","rSubType":"image","fileName":"unsplash.jpg","fileSize":0,"val":"mc-f5018a8d22d4910bbaa3faf61569fc7a.jpg","aid":"VViqdtDWdf"}},"answ":{"i":{"S1RHeT4mX":{"type":"answer","id":"S1RHeT4mX","text":{"val":"INSIDE"}}},"p":["S1RHeT4mX"]}},"Hyco0hVmQ":{"type":"question","id":"Hyco0hVmQ","selectedKey":"start","letter":"C","title":{"rType":"text","val":"It is sweet and you eat it in your birthday"},"img":{"filt":{"opac":100,"gray":0,"blur":0,"tint":{"rgb":"#FFF","opac":0}},"pos":{"type":"crop","fit":{"bg":{"color":{"rgb":"#FFF","opac":100}},"vali":"center","hali":"center"},"crop":{"poi":{"x":540,"y":902.5}}},"measures":{"size":{"width":1080,"height":1620}},"orig":{"rType":"asset","rSubType":"image","fileName":"unsplash.jpg","fileSize":0,"val":"mc-ff0e16141ce72bc367f4b2b1c91d7b7f.jpg","aid":"0ucxSj_YRA"}},"answ":{"i":{"Hk91Ja4Q7":{"type":"answer","id":"Hk91Ja4Q7","text":{"val":"CAKE"}}},"p":["Hk91Ja4Q7"]}},"r1PnfpNX7":{"type":"question","id":"r1PnfpNX7","selectedKey":"start","letter":"V","title":{"rType":"text","val":"Carrots, beans and lettuce are this type of food"},"img":{"filt":{"opac":100,"gray":0,"blur":0,"tint":{"rgb":"#FFF","opac":0}},"pos":{"type":"crop","fit":{"bg":{"color":{"rgb":"#FFF","opac":100}},"vali":"center","hali":"center"},"crop":{"poi":{"x":552,"y":360}}},"measures":{"size":{"width":1080,"height":720}},"orig":{"rType":"asset","rSubType":"image","fileName":"unsplash.jpg","fileSize":0,"val":"mc-2a9abdeb886369b37513e44a47275f5f.jpg","aid":"qa43eX-SR9"}},"answ":{"i":{"SyYTMaNmX":{"type":"answer","id":"SyYTMaNmX","text":{"val":"VEGETABLES"}}},"p":["SyYTMaNmX"]}},"rkZLMaE77":{"type":"question","id":"rkZLMaE77","selectedKey":"start","letter":"S","title":{"rType":"text","val":"You can eat or drink this from a bowl or from a cup"},"img":{"filt":{"opac":100,"gray":0,"blur":0,"tint":{"rgb":"#FFF","opac":0}},"pos":{"type":"crop","fit":{"bg":{"color":{"rgb":"#FFF","opac":100}},"vali":"center","hali":"center"},"crop":{"poi":{"x":557,"y":627}}},"measures":{"size":{"width":1080,"height":822}},"orig":{"rType":"asset","rSubType":"image","fileName":"unsplash.jpg","fileSize":0,"val":"mc-0effaa9de8c086e8802475741886e3df.jpg","aid":"aj85QaCiZa"}},"answ":{"i":{"r1hPGpEmQ":{"type":"answer","id":"r1hPGpEmQ","text":{"val":"SOUP"}}},"p":["r1hPGpEmQ"]}},"ByPg-pEXm":{"type":"question","id":"ByPg-pEXm","selectedKey":"start","letter":"L","title":{"rType":"text","val":"You go to this building to read and borrow books"},"img":{"filt":{"opac":100,"gray":0,"blur":0,"tint":{"rgb":"#FFF","opac":0}},"pos":{"type":"crop","fit":{"bg":{"color":{"rgb":"#FFF","opac":100}},"vali":"center","hali":"center"},"crop":{"poi":{"x":552,"y":360}}},"measures":{"size":{"width":1080,"height":720}},"orig":{"rType":"asset","rSubType":"image","fileName":"unsplash.jpg","fileSize":0,"val":"mc-14f00165a06b891e85cf7db9525a9559.jpg","aid":"f5iPAh1u2L"}},"answ":{"i":{"SJ9Wbp4X7":{"type":"answer","id":"SJ9Wbp4X7","text":{"val":"LIBRARY"}}},"p":["SJ9Wbp4X7"]}},"BJmAg6NQ7":{"type":"question","id":"BJmAg6NQ7","selectedKey":"start","letter":"K","title":{"rType":"text","val":"You need this to open doors that are closed"},"img":{"filt":{"opac":100,"gray":0,"blur":0,"tint":{"rgb":"#FFF","opac":0}},"pos":{"type":"crop","fit":{"bg":{"color":{"rgb":"#FFF","opac":100}},"vali":"center","hali":"center"},"crop":{"poi":{"x":534.5,"y":371.5}}},"measures":{"size":{"width":1080,"height":743}},"orig":{"rType":"asset","rSubType":"image","fileName":"unsplash.jpg","fileSize":0,"val":"mc-11b9b977668225eee9f16919d1836665.jpg","aid":"tMIgJlF9Rq"}},"answ":{"i":{"rkIyZTNQX":{"type":"answer","id":"rkIyZTNQX","text":{"val":"KEYS"}},"S1P1-pEXm":{"type":"answer","id":"S1P1-pEXm","text":{"val":"KEY"}}},"p":["rkIyZTNQX","S1P1-pEXm"]}},"HkXHJpNXm":{"type":"question","id":"HkXHJpNXm","selectedKey":"start","letter":"F","title":{"rType":"text","val":"Birds do this to move from one place to the other"},"img":{"filt":{"opac":100,"gray":0,"blur":0,"tint":{"rgb":"#FFF","opac":0}},"pos":{"type":"crop","fit":{"bg":{"color":{"rgb":"#FFF","opac":100}},"vali":"center","hali":"center"},"crop":{"poi":{"x":552,"y":360}}},"measures":{"size":{"width":1080,"height":720}},"orig":{"rType":"asset","rSubType":"image","fileName":"unsplash.jpg","fileSize":0,"val":"mc-7db525dc89d39dcb715ef22e97389a80.jpg","aid":"dGP-l5HfgW"}},"answ":{"i":{"rkDLJa4QX":{"type":"answer","id":"rkDLJa4QX","text":{"val":"FLY"}}},"p":["rkDLJa4QX"]}},"B1ZmX6NX7":{"type":"question","id":"B1ZmX6NX7","selectedKey":"start","letter":"Y","title":{"rType":"text","val":"The opposite of old"},"img":{"filt":{"opac":100,"gray":0,"blur":0,"tint":{"rgb":"#FFF","opac":0}},"pos":{"type":"crop","fit":{"bg":{"color":{"rgb":"#FFF","opac":100}},"vali":"center","hali":"center"},"crop":{"poi":{"x":465,"y":646}}},"measures":{"size":{"width":1080,"height":1630}},"orig":{"rType":"asset","rSubType":"image","fileName":"unsplash.jpg","fileSize":0,"val":"mc-e82b15a8e56f60cd8d7a718efa42fd1a.jpg","aid":"5OiUy-IZej"}},"answ":{"i":{"SklrmTVm7":{"type":"answer","id":"SklrmTVm7","text":{"val":"YOUNG"}}},"p":["SklrmTVm7"]}},"rkIMk647X":{"type":"question","id":"rkIMk647X","selectedKey":"start","letter":"E","title":{"rType":"text","val":"You have two of these and you use them to see"},"img":{"filt":{"opac":100,"gray":0,"blur":0,"tint":{"rgb":"#FFF","opac":0}},"pos":{"type":"crop","fit":{"bg":{"color":{"rgb":"#FFF","opac":100}},"vali":"center","hali":"center"},"crop":{"poi":{"x":552,"y":360}}},"measures":{"size":{"width":1080,"height":720}},"orig":{"rType":"asset","rSubType":"image","fileName":"unsplash.jpg","fileSize":0,"val":"mc-4b527987aeb43bbd97e02be0aee423ca.jpg","aid":"pJOnxYaZ36"}},"answ":{"i":{"BJcNk6Emm":{"type":"answer","id":"BJcNk6Emm","text":{"val":"EYES"}}},"p":["BJcNk6Emm"]}},"Sk6IlpVQX":{"type":"question","id":"Sk6IlpVQX","selectedKey":"start","letter":"J","title":{"rType":"text","val":"If someone tells you one, you usually laugh."},"answ":{"i":{"ry3vgp4X7":{"type":"answer","id":"ry3vgp4X7","text":{"val":"JOKE"}}},"p":["ry3vgp4X7"]},"img":{"filt":{"opac":100,"gray":0,"blur":0,"tint":{"rgb":"#FFF","opac":0}},"pos":{"type":"crop","fit":{"bg":{"color":{"rgb":"#FFF","opac":100}},"vali":"center","hali":"center"},"crop":{"poi":{"x":540,"y":803.5}}},"measures":{"size":{"width":1080,"height":1620}},"orig":{"rType":"asset","rSubType":"image","fileName":"unsplash.jpg","fileSize":0,"val":"mc-489e610dcedd2e89da8e133b6c6df0a7.jpg","aid":"BRYstg0arP"}}},"B1HNCh4Xm":{"type":"question","id":"B1HNCh4Xm","selectedKey":"start","letter":"A","title":{"rType":"text","val":"A fruit that can be red, green or yellow"},"answ":{"i":{"HJ4BC24Xm":{"type":"answer","id":"HJ4BC24Xm","text":{"val":"Apple"}}},"p":["HJ4BC24Xm"]},"img":{"filt":{"opac":100,"gray":0,"blur":0,"tint":{"rgb":"#FFF","opac":0}},"pos":{"type":"crop","fit":{"bg":{"color":{"rgb":"#FFF","opac":100}},"vali":"center","hali":"center"},"crop":{"poi":{"x":552,"y":360}}},"measures":{"size":{"width":1080,"height":720}},"orig":{"rType":"asset","rSubType":"image","fileName":"unsplash.jpg","fileSize":0,"val":"mc-7db7f86590edfd9c90472914f2690028.jpg","aid":"GDADjUqsCec"}}},"SyJpbaVQ7":{"type":"question","id":"SyJpbaVQ7","selectedKey":"start","letter":"O","title":{"rType":"text","val":"It is a color and a fruit"},"img":{"filt":{"opac":100,"gray":0,"blur":0,"tint":{"rgb":"#FFF","opac":0}},"pos":{"type":"crop","fit":{"bg":{"color":{"rgb":"#FFF","opac":100}},"vali":"center","hali":"center"},"crop":{"poi":{"x":540,"y":437.5}}},"measures":{"size":{"width":1080,"height":828}},"orig":{"rType":"asset","rSubType":"image","fileName":"unsplash.jpg","fileSize":0,"val":"mc-b8cb67a6185d1105057b2f7af1fea22c.jpg","aid":"giSC9uNX8n5"}},"answ":{"i":{"S1ZC-pN7m":{"type":"answer","id":"S1ZC-pN7m","text":{"val":"ORANGE"}}},"p":["S1ZC-pN7m"]}},"B15_f64m7":{"type":"question","id":"B15_f64m7","selectedKey":"start","letter":"T","title":{"rType":"text","val":"This is how you call a finger in your foot"},"img":{"filt":{"opac":100,"gray":0,"blur":0,"tint":{"rgb":"#FFF","opac":0}},"pos":{"type":"crop","fit":{"bg":{"color":{"rgb":"#FFF","opac":100}},"vali":"center","hali":"center"},"crop":{"poi":{"x":552,"y":539}}},"measures":{"size":{"width":1080,"height":720}},"orig":{"rType":"asset","rSubType":"image","fileName":"unsplash.jpg","fileSize":0,"val":"mc-5a5d382e7899d4a5f463a0b8740fd06b.jpg","aid":"E29847FwCJ3"}},"answ":{"i":{"Hyg9MaVmQ":{"type":"answer","id":"Hyg9MaVmQ","text":{"val":"TOE"}}},"p":["Hyg9MaVmQ"]}},"BJyzfTNXX":{"type":"question","id":"BJyzfTNXX","selectedKey":"start","letter":"R","title":{"rType":"text","val":"When you make a mistake with your pencil, you need this"},"answ":{"i":{"SkpfMa4Q7":{"type":"answer","id":"SkpfMa4Q7","text":{"val":"RUBBER"}}},"p":["SkpfMa4Q7"]},"img":{"filt":{"opac":100,"gray":0,"blur":0,"tint":{"rgb":"#FFF","opac":0}},"pos":{"type":"crop","fit":{"bg":{"color":{"rgb":"#FFF","opac":100}},"vali":"center","hali":"center"},"crop":{"poi":{"x":523,"y":576}}},"measures":{"size":{"width":1080,"height":720}},"orig":{"rType":"asset","rSubType":"image","fileName":"unsplash.jpg","fileSize":0,"val":"mc-6ba0e06dd0cb1ab6f4de1f944b41044b.jpg","aid":"LsguOXcvc-s"}}},"rJGgQ6477":{"type":"question","id":"rJGgQ6477","selectedKey":"contains","letter":"X","title":{"rType":"text","val":"It is in the air and you need it to live"},"img":{"filt":{"opac":100,"gray":0,"blur":0,"tint":{"rgb":"#FFF","opac":0}},"pos":{"type":"crop","fit":{"bg":{"color":{"rgb":"#FFF","opac":100}},"vali":"center","hali":"center"},"crop":{"poi":{"x":552,"y":360}}},"measures":{"size":{"width":1080,"height":720}},"orig":{"rType":"asset","rSubType":"image","fileName":"unsplash.jpg","fileSize":0,"val":"mc-1a98ea1ed2cc313f97582b35a491bcf4.jpg","aid":"IINKHV--_NE"}},"answ":{"i":{"HyIfma4XX":{"type":"answer","id":"HyIfma4XX","text":{"val":"OXYGEN"}}},"p":["HyIfma4XX"]}},"ryS0zpVQm":{"type":"question","id":"ryS0zpVQm","selectedKey":"start","letter":"W","title":{"rType":"text","val":"The opposite of right"},"img":{"filt":{"opac":100,"gray":0,"blur":0,"tint":{"rgb":"#FFF","opac":0}},"pos":{"type":"crop","fit":{"bg":{"color":{"rgb":"#FFF","opac":100}},"vali":"center","hali":"center"},"crop":{"poi":{"x":552,"y":360}}},"measures":{"size":{"width":1080,"height":720}},"orig":{"rType":"asset","rSubType":"image","fileName":"unsplash.jpg","fileSize":0,"val":"mc-b20760838bc4924621c6156244cdb7fe.jpg","aid":"rcRZx0u7R-9"}},"answ":{"i":{"S1HkXTV77":{"type":"answer","id":"S1HkXTV77","text":{"val":"WRONG"}}},"p":["S1HkXTV77"]}},"H11KA3NXX":{"type":"question","id":"H11KA3NXX","selectedKey":"start","letter":"B","title":{"rType":"text","val":"This is on the classroom wall and the teacher writes on it"},"answ":{"i":{"rkMYAnVXm":{"type":"answer","id":"rkMYAnVXm","text":{"val":"BLACKBOARD"}}},"p":["rkMYAnVXm"]},"img":{"filt":{"opac":100,"gray":0,"blur":0,"tint":{"rgb":"#FFF","opac":0}},"pos":{"type":"crop","fit":{"bg":{"color":{"rgb":"#FFF","opac":100}},"vali":"center","hali":"center"},"crop":{"poi":{"x":540,"y":371.5}}},"measures":{"size":{"width":1080,"height":810}},"orig":{"rType":"asset","rSubType":"image","fileName":"unsplash.jpg","fileSize":0,"val":"mc-4271ee41bdae1dcda534470e580e5e7b.jpg","aid":"4s4kfJPUyqx"}}},"Bk3lfTEQX":{"type":"question","id":"Bk3lfTEQX","selectedKey":"start","letter":"Q","title":{"rType":"text","val":"The wife of the king"},"img":{"filt":{"opac":100,"gray":0,"blur":0,"tint":{"rgb":"#FFF","opac":0}},"pos":{"type":"crop","fit":{"bg":{"color":{"rgb":"#FFF","opac":100}},"vali":"center","hali":"center"},"crop":{"poi":{"x":545,"y":355.5}}},"measures":{"size":{"width":1080,"height":715}},"orig":{"rType":"asset","rSubType":"image","fileName":"unsplash.jpg","fileSize":0,"val":"mc-e65aeead503c7d5e6958903e608dc6f5.jpg","aid":"d6mQLRC29T9"}},"answ":{"i":{"ryKZf6Vm7":{"type":"answer","id":"ryKZf6Vm7","text":{"val":"QUEEN"}}},"p":["ryKZf6Vm7"]}},"HJAZZ6477":{"type":"question","id":"HJAZZ6477","selectedKey":"start","letter":"M","title":{"rType":"text","val":"You look at these to find roads and rivers and towns"},"img":{"filt":{"opac":100,"gray":0,"blur":0,"tint":{"rgb":"#FFF","opac":0}},"pos":{"type":"crop","fit":{"bg":{"color":{"rgb":"#FFF","opac":100}},"vali":"center","hali":"center"},"crop":{"poi":{"x":552,"y":360}}},"measures":{"size":{"width":1080,"height":720}},"orig":{"rType":"asset","rSubType":"image","fileName":"unsplash.jpg","fileSize":0,"val":"mc-386be3ecc0abcc1fc8a6fde1638e7b6a.jpg","aid":"9Mtnj2Vn0Nf"}},"answ":{"i":{"S1WQZTNQX":{"type":"answer","id":"S1WQZTNQX","text":{"val":"MAPS"}},"Hy8mWaE7Q":{"type":"answer","id":"Hy8mWaE7Q","text":{"val":"MAP"}}},"p":["S1WQZTNQX","Hy8mWaE7Q"]}},"rynw164mm":{"type":"question","id":"rynw164mm","selectedKey":"start","letter":"G","title":{"rType":"text","val":"This is the tallest animal in the world. It lives in Africa and this is the animal with the longest necks."},"img":{"filt":{"opac":100,"gray":0,"blur":0,"tint":{"rgb":"#FFF","opac":0}},"pos":{"type":"crop","fit":{"bg":{"color":{"rgb":"#FFF","opac":100}},"vali":"center","hali":"center"},"crop":{"poi":{"x":518,"y":316}}},"measures":{"size":{"width":1080,"height":1440}},"orig":{"rType":"asset","rSubType":"image","fileName":"unsplash.jpg","fileSize":0,"val":"mc-8a7d4d6edd726a6e9c6a14c32853c7e5.jpg","aid":"JYndQaBIgej"}},"answ":{"i":{"r16tJa4mQ":{"type":"answer","id":"r16tJa4mQ","text":{"val":"GIRAFFES"}},"Bk-cJpN77":{"type":"answer","id":"Bk-cJpN77","text":{"val":"GIRAFFE"}}},"p":["r16tJa4mQ","Bk-cJpN77"]}},"rkoSZTVXX":{"type":"question","id":"rkoSZTVXX","selectedKey":"start","letter":"N","title":{"rType":"text","val":"Part of the body that is in the middle of your face"},"answ":{"i":{"Byx8WaEXm":{"type":"answer","id":"Byx8WaEXm","text":{"val":"NOSE"}}},"p":["Byx8WaEXm"]},"img":{"filt":{"opac":100,"gray":0,"blur":0,"tint":{"rgb":"#FFF","opac":0}},"pos":{"type":"crop","fit":{"bg":{"color":{"rgb":"#FFF","opac":100}},"vali":"center","hali":"center"},"crop":{"poi":{"x":540,"y":537.5}}},"measures":{"size":{"width":1080,"height":1540}},"orig":{"rType":"asset","rSubType":"image","fileName":"unsplash.jpg","fileSize":0,"val":"mc-afc8dffccf581467832d33e4385426b4.jpg","aid":"V2FtJERnSqO"}}},"H1e0y6EmX":{"type":"question","id":"H1e0y6EmX","selectedKey":"start","letter":"H","title":{"rType":"text","val":"Part of the body that you use to write and to say hello and goodbye"},"answ":{"i":{"ryY0ypNQ7":{"type":"answer","id":"ryY0ypNQ7","text":{"val":"HAND"}},"rJ-JlpVXm":{"type":"answer","id":"rJ-JlpVXm","text":{"val":"HANDS"}}},"p":["ryY0ypNQ7","rJ-JlpVXm"]},"img":{"filt":{"opac":100,"gray":0,"blur":0,"tint":{"rgb":"#FFF","opac":0}},"pos":{"type":"crop","fit":{"bg":{"color":{"rgb":"#FFF","opac":100}},"vali":"center","hali":"center"},"crop":{"poi":{"x":540,"y":371.5}}},"measures":{"size":{"width":1080,"height":759}},"orig":{"rType":"asset","rSubType":"image","fileName":"unsplash.jpg","fileSize":0,"val":"mc-2497cfe22268c499072ad6e6b31afc99.jpg","aid":"QbawyLKFWeG"}}},"HJDgJTNmm":{"type":"question","id":"HJDgJTNmm","selectedKey":"start","letter":"D","title":{"rType":"text","val":"You go to this person when you have toothache "},"answ":{"i":{"HkpekpE7Q":{"type":"answer","id":"HkpekpE7Q","text":{"val":"DENTIST"}}},"p":["HkpekpE7Q"]},"img":{"filt":{"opac":100,"gray":0,"blur":0,"tint":{"rgb":"#FFF","opac":0}},"pos":{"type":"crop","fit":{"bg":{"color":{"rgb":"#FFF","opac":100}},"vali":"center","hali":"center"},"crop":{"poi":{"x":540,"y":404.5}}},"measures":{"size":{"width":1080,"height":785}},"orig":{"rType":"asset","rSubType":"image","fileName":"unsplash.jpg","fileSize":0,"val":"mc-34526d9cefbd85895f7bbce7e8c495e2.jpg","aid":"ds0V1q51_5w"}}},"SkXJza4Qm":{"type":"question","id":"SkXJza4Qm","selectedKey":"start","letter":"P","title":{"rType":"text","val":"People invite their friends to this on their birthday"},"img":{"filt":{"opac":100,"gray":0,"blur":0,"tint":{"rgb":"#FFF","opac":0}},"pos":{"type":"crop","fit":{"bg":{"color":{"rgb":"#FFF","opac":100}},"vali":"center","hali":"center"},"crop":{"poi":{"x":550.5,"y":360.5}}},"measures":{"size":{"width":1080,"height":721}},"orig":{"rType":"asset","rSubType":"image","fileName":"unsplash.jpg","fileSize":0,"val":"mc-7df046e4fe0414a9c4e037d80797d2d3.jpg","aid":"fhDY_Fvd8t-"}},"answ":{"i":{"BklxM6NmX":{"type":"answer","id":"BklxM6NmX","text":{"val":"PARTY"}}},"p":["BklxM6NmX"]}}},"p":["B1HNCh4Xm","H11KA3NXX","Hyco0hVmQ","HJDgJTNmm","rkIMk647X","HkXHJpNXm","rynw164mm","H1e0y6EmX","HyDWl64X7","Sk6IlpVQX","BJmAg6NQ7","ByPg-pEXm","HJAZZ6477","rkoSZTVXX","SyJpbaVQ7","SkXJza4Qm","Bk3lfTEQX","BJyzfTNXX","rkZLMaE77","B15_f64m7","Sy69zpNXm","r1PnfpNX7","ryS0zpVQm","rJGgQ6477","B1ZmX6NX7","Hyir7aN7Q"]}}},"KGP-0KtNos":{"id":"KGP-0KtNos","type":"interactive","subtype":"interactiveRichText","setup":{"frmeTp":{"selectedKey":"noneFrame"},"bg":{"fill":{"opac":0,"rgb":"#fff"}},"txt":{"rType":"richtext","val":{"ops":[{"insert":"GAMES","attributes":{"color":"#e50a4f"}},{"insert":"\n","attributes":{"size":"medium"}},{"insert":"\n","attributes":{"size":"small"}},{"insert":"Alphabet","attributes":{"color":"#000000","bold":true}},{"insert":"\n\n","attributes":{"size":"huge"}},{"insert":"It is an interactive element that consists of discovering a series of words or concepts through the letters of the alphabet. Because it is a game-like element, users will be able to play as many games as they want so they can improve their scores."},{"insert":"\n\n","attributes":{"size":"normal"}},{"insert":"(Only available in PRO, BUS and ENTERPRISE plans)","attributes":{"italic":true,"color":"#007199"}},{"insert":"\n","attributes":{"size":"small"}}]}},"rType":"richtext","hali":"","vali":"middle","paddV1":30}}},"v":"1"}