{"i":{"BJV-ptX9Q":{"id":"BJV-ptX9Q","type":"slide","setup":{"transparentBg":{"selectedKey":false},"bord":{"size":26,"rad":10},"bg":{"selectedKey":"image","fill":{"opac":1,"rgb":"#FFF"},"img":{"filt":{"opac":100,"gray":0,"blur":0,"tint":{"rgb":"#000000","opac":0}},"pos":{"type":"crop","fit":{"bg":{"color":{"rgb":"#FFF","opac":100}},"vali":"center","hali":"center"},"crop":{"poi":{"x":545,"y":355.5}}},"measures":{"size":{"width":1080,"height":715}},"orig":{"rType":"asset","rSubType":"image","fileName":"unsplash.jpg","fileSize":0,"val":"mc-04c3b45203f6fa6fb2d8ad7cc6126a59.jpg","aid":"0vorSq2cGPO"}}}}},"S17MaFmqm":{"id":"S17MaFmqm","type":"interactive","subtype":"interactiveGraphic","setup":{"format":{"selectedKey":2},"bgColor":{"opac":0,"rgb":"#FFFFFF"},"values":{"i":{"H1oGpFQ9m":{"type":"value","id":"H1oGpFQ9m","value":39,"color":{"opac":1,"rgb":"#82a419"},"name":{"rType":"text","val":"Extremely Important"}},"r1oB6Kmq7":{"type":"value","id":"r1oB6Kmq7","value":27,"color":{"opac":1,"rgb":"#eccc06"},"name":{"rType":"text","val":"Very important"}},"rkm6h3m5m":{"type":"value","id":"rkm6h3m5m","value":21,"color":{"opac":1,"rgb":"#ff6600"},"name":{"rType":"text","val":"Moderately important"}},"H1vA2hQcQ":{"type":"value","id":"H1vA2hQcQ","value":11,"color":{"opac":1,"rgb":"#007199"},"name":{"rType":"text","val":"Slghtly iimportant"}},"SkY8p27q7":{"type":"value","id":"SkY8p27q7","value":2,"color":{"opac":1,"rgb":"#8b1418"},"name":{"rType":"text","val":"Not important"}}},"p":["H1oGpFQ9m","r1oB6Kmq7","rkm6h3m5m","H1vA2hQcQ","SkY8p27q7"]},"title":{"rType":"text","val":""}}},"BJQNbpFQ9Q":{"id":"BJQNbpFQ9Q","type":"interactive","subtype":"interactiveRichText","setup":{"frmeTp":{"selectedKey":"noneFrame"},"bg":{"fill":{"opac":0,"rgb":"#000000"}},"frmeColo":{"color":{"opac":0.2,"rgb":"#591b6d"}},"txt":{"rType":"richtext","val":{"ops":[{"insert":"How important is ","attributes":{"color":"#666666"}},{"insert":"online learning","attributes":{"bold":true,"color":"#82a419"}},{"insert":" for your institution","attributes":{"color":"#666666"}},{"insert":"\n","attributes":{"size":"huge"}},{"insert":"long-term","attributes":{"color":"#666666"}},{"insert":"\n","attributes":{"size":"huge"}}]}},"rType":"richtext","hali":"center","vali":"middle"}},"r1T-25mq7":{"id":"r1T-25mq7","type":"interactive","subtype":"interactiveGraphic","setup":{"format":{"selectedKey":2},"bgColor":{"opac":0.5,"rgb":"#FFFFFF"}}},"Syz4-atQcQ":{"id":"Syz4-atQcQ","type":"interactive","subtype":"interactiveRichText","setup":{"frmeTp":{"selectedKey":"note"},"bg":{"fill":{"opac":0.39,"rgb":"#546422"}},"frmeColo":{"color":{"opac":1,"rgb":"#82a419"}},"txt":{"rType":"richtext","val":{"ops":[{"insert":"39%","attributes":{"color":"#ffffff","bold":true}},{"insert":" ","attributes":{"color":"#ffffff"}},{"insert":"\n","attributes":{"size":"huge"}},{"insert":"of companies say ","attributes":{"color":"#ffffff"}},{"insert":"\n","attributes":{"size":"large"}},{"insert":"that online learning ","attributes":{"color":"#ffffff"}},{"insert":"\n","attributes":{"size":"large"}},{"insert":"is ","attributes":{"color":"#ffffff"}},{"insert":"Extremely Important","attributes":{"color":"#ffffff","bold":true}},{"insert":"\n","attributes":{"size":"large"}}]}},"rType":"richtext","hali":"center","vali":"middle"}}},"v":"1"}