{"i":{"Hktw0m_FM":{"id":"Hktw0m_FM","type":"slide","setup":{"transparentBg":{"selectedKey":false},"bord":{"size":15,"rad":0},"bg":{"selectedKey":"image","fill":{"opac":1,"rgb":"#FFF"},"img":{"filt":{"opac":100,"gray":0,"blur":0,"tint":{"rgb":"#FFF","opac":0}},"pos":{"type":"crop","fit":{"bg":{"color":{"rgb":"#FFF","opac":100}},"vali":"center","hali":"center"},"crop":{"poi":{"x":1020,"y":540}}},"measures":{"size":{"width":1920,"height":1080}},"orig":{"rType":"asset","rSubType":"image","fileName":"473471.jpg","fileSize":182942,"val":"mc-edd49edaa4b73e5ad4487fe39c9f2eb0.jpg","aid":"B8pg1Lq_uXQ"}}}}},"H1p907OKf":{"id":"H1p907OKf","type":"interactive","subtype":"interactivePercentage","setup":{"format":{"selectedKey":6},"value":46,"mainColor":{"opac":0.5,"rgb":"#82a419"},"bgColor":{"opac":0,"rgb":"#FFFFFF"}}},"BJAuCmOKz":{"id":"BJAuCmOKz","type":"interactive","subtype":"interactiveRichText","setup":{"frmeTp":{"selectedKey":"noneFrame"},"bg":{"fill":{"opac":0,"rgb":"#FFF"}},"frmeColo":{"color":{"opac":1,"rgb":"#666"}},"txt":{"rType":"richtext","val":{"ops":[{"attributes":{"size":"large"},"insert":"\n"},{"insert":"Twitter user activity","attributes":{"color":"#ffffff"}},{"insert":"\n\n\n\n","attributes":{"size":"large"}}]}},"rType":"richtext","vali":"bottom","hali":"center"}},"SkvK0QOKG":{"id":"SkvK0QOKG","type":"interactive","subtype":"interactivePercentage","setup":{"format":{"selectedKey":5},"value":57,"mainColor":{"opac":0.5,"rgb":"#e50a4f"},"bgColor":{"opac":0,"rgb":"#FFFFFF"}}}},"v":"1"}