{"i":{"rksSFjk5G":{"id":"rksSFjk5G","type":"slide","setup":{"transparentBg":{"selectedKey":false},"bord":{"size":0,"rad":0},"bg":{"selectedKey":"fill","fill":{"opac":1,"rgb":"#FFF"},"img":{"filt":{"opac":100,"gray":0,"blur":0,"tint":{"rgb":"#FFF","opac":0}},"pos":{"type":"crop","fit":{"bg":{"color":{"rgb":"#FFF","opac":100}},"vali":"center","hali":"center"},"crop":{"poi":{"orig":{"x":50,"y":50},"cust":{"x":50,"y":50}}}}}}}},"Sy-sBKiJqG":{"id":"Sy-sBKiJqG","type":"interactive","subtype":"interactiveABC","setup":{"cover":{"selectedKey":"image","img":{"filt":{"opac":100,"gray":0,"blur":0,"tint":{"rgb":"#FFF","opac":0}},"pos":{"type":"crop","fit":{"bg":{"color":{"rgb":"#FFF","opac":100}},"vali":"center","hali":"center"},"crop":{"poi":{"x":344,"y":108}}},"measures":{"size":{"width":600,"height":511}},"orig":{"rType":"asset","rSubType":"image","fileName":"abc_cover.jpg","fileSize":111161,"val":"mc-5f625bb544f82cb198907565d7f0d144.jpg","aid":"PnUaNZ_o7Fz"}}},"desc":{"rType":"text","val":"Confusing Words: choose the best word to fill the gap."},"quest":{"i":{"B1yxqoJ5z":{"type":"question","id":"B1yxqoJ5z","text":{"rType":"text","val":"Do you think I could ........ $35 from you until next weekend?"},"answ":{"i":{"BJre9jycG":{"type":"answer","id":"BJre9jycG","text":{"val":"Borrow"}},"Bktl9sJcG":{"type":"answer","id":"Bktl9sJcG","text":{"val":"Lend"}}},"p":["BJre9jycG","Bktl9sJcG"],"corrects":["BJre9jycG"]}},"Hyl69sJ5f":{"type":"question","id":"Hyl69sJ5f","text":{"rType":"text","val":" New York is found on the east ........ of the United States."},"answ":{"i":{"BkP6qokcG":{"type":"answer","id":"BkP6qokcG","text":{"val":"Beach"}},"rJcp5sk5M":{"type":"answer","id":"rJcp5sk5M","text":{"val":"Coast"}},"Hy1R5sycf":{"type":"answer","id":"Hy1R5sycf","text":{"val":"Shore"}}},"p":["BkP6qokcG","rJcp5sk5M","Hy1R5sycf"],"corrects":["rJcp5sk5M"]}},"BJ5bqoJ5f":{"type":"question","id":"BJ5bqoJ5f","text":{"rType":"text","val":"This programme about the dinosaurs is very ........"},"answ":{"i":{"SkBMcj1cz":{"type":"answer","id":"SkBMcj1cz","text":{"val":"Interesting"}},"HJOfqsyqM":{"type":"answer","id":"HJOfqsyqM","text":{"val":"Interested"}}},"p":["SkBMcj1cz","HJOfqsyqM"],"corrects":["SkBMcj1cz"]}},"B1EDciJqf":{"type":"question","id":"B1EDciJqf","text":{"rType":"text","val":"Because of the scandal, the politician was forced to ........"},"answ":{"i":{"HyFDqj1cM":{"type":"answer","id":"HyFDqj1cM","text":{"val":"Resign"}},"Sy3w5sJ5G":{"type":"answer","id":"Sy3w5sJ5G","text":{"val":"Retire"}}},"p":["HyFDqj1cM","Sy3w5sJ5G"],"corrects":["HyFDqj1cM"]}},"SJsMISI6W":{"type":"question","id":"SJsMISI6W","text":{"rType":"text","val":"Hi Jane. I was wondering if you could ........ my cat for a few days while I am away on vacation."},"img":{"filt":{"opac":100,"gray":0,"blur":0,"tint":{"rgb":"#FFF","opac":0}},"pos":{"type":"crop","fit":{"bg":{"color":{"rgb":"#FFF","opac":100}},"vali":"center","hali":"center"},"crop":{"poi":{"x":318,"y":116}}},"measures":{"size":{"width":600,"height":292}}},"answ":{"i":{"SJ0V8BU6W":{"type":"answer","id":"SJ0V8BU6W","text":{"val":"Look for"}},"HkDBLrL6Z":{"type":"answer","id":"HkDBLrL6Z","text":{"val":"Look after"}},"HJg_Foy9M":{"type":"answer","id":"HJg_Foy9M","text":{"val":"Look up"}}},"p":["SJ0V8BU6W","HkDBLrL6Z","HJg_Foy9M"],"corrects":["HkDBLrL6Z"]}},"Hy3jcik9M":{"type":"question","id":"Hy3jcik9M","text":{"rType":"text","val":"The actors gave good, strong performances. Whoever wrote the ........ deserves to be sacked!"},"answ":{"i":{"ryW35sJcG":{"type":"answer","id":"ryW35sJcG","text":{"val":"Script"}},"SJ439jJqf":{"type":"answer","id":"SJ439jJqf","text":{"val":"Plot"}}},"p":["ryW35sJcG","SJ439jJqf"],"corrects":["ryW35sJcG"]}},"ryqVcjJqM":{"type":"question","id":"ryqVcjJqM","text":{"rType":"text","val":"If we don't run now, we will certainly ........ the last train."},"answ":{"i":{"BJ1SqoJcM":{"type":"answer","id":"BJ1SqoJcM","text":{"val":"Lose"}},"HkNrqskqG":{"type":"answer","id":"HkNrqskqG","text":{"val":"Miss"}}},"p":["BJ1SqoJcM","HkNrqskqG"],"corrects":["HkNrqskqG"]}},"S1pO9sJcf":{"type":"question","id":"S1pO9sJcf","text":{"rType":"text","val":"I had an all-expenses-paid business ........ to Hong Kong last May. It was wonderful!"},"answ":{"i":{"r1bKcik9z":{"type":"answer","id":"r1bKcik9z","text":{"val":"Holiday"}},"BkOtcsy5z":{"type":"answer","id":"BkOtcsy5z","text":{"val":"Trip"}},"Sy2F5jJcG":{"type":"answer","id":"Sy2F5jJcG","text":{"val":"Travel"}},"Sy-95j19M":{"type":"answer","id":"Sy-95j19M","text":{"val":"Vacation"}}},"p":["r1bKcik9z","BkOtcsy5z","Sy2F5jJcG","Sy-95j19M"],"corrects":["BkOtcsy5z"]}},"SkZOUrUa-":{"type":"question","id":"SkZOUrUa-","text":{"rType":"text","val":"John ........ me yesterday that he is getting married in the spring."},"img":{"filt":{"opac":100,"gray":0,"blur":0,"tint":{"rgb":"#FFF","opac":0}},"pos":{"type":"crop","fit":{"bg":{"color":{"rgb":"#FFF","opac":100}},"vali":"center","hali":"center"},"crop":{"poi":{"x":342,"y":107}}},"measures":{"size":{"width":600,"height":278}}},"answ":{"i":{"Syb1FH8Tb":{"type":"answer","id":"Syb1FH8Tb","text":{"val":"Told"}},"BJwyYr8p-":{"type":"answer","id":"BJwyYr8p-","text":{"val":"Said"}},"H1uaFs19M":{"type":"answer","id":"H1uaFs19M","text":{"val":"Spoke"}}},"p":["Syb1FH8Tb","BJwyYr8p-","H1uaFs19M"],"corrects":["Syb1FH8Tb"]}},"rJaBciJ5G":{"type":"question","id":"rJaBciJ5G","text":{"rType":"text","val":"I'm sorry Kathy! Can you repeat that? I didn't ........ what you said."},"answ":{"i":{"BJfU9iycG":{"type":"answer","id":"BJfU9iycG","text":{"val":"Listen"}},"S1B89i15f":{"type":"answer","id":"S1B89i15f","text":{"val":"Hear"}},"HJFIqiy9G":{"type":"answer","id":"HJFIqiy9G","text":{"val":"Feel"}}},"p":["BJfU9iycG","S1B89i15f","HJFIqiy9G"],"corrects":["S1B89i15f"]}},"S1955syqM":{"type":"question","id":"S1955syqM","text":{"rType":"text","val":"This spring, we are going to ........ a house up at the lakes. Do you want to join us?"},"answ":{"i":{"B1bocsJqG":{"type":"answer","id":"B1bocsJqG","text":{"val":"Hire"}},"H1NjcoJqz":{"type":"answer","id":"H1NjcoJqz","text":{"val":"Rent"}}},"p":["B1bocsJqG","H1NjcoJqz"],"corrects":["H1NjcoJqz"]}},"r1x79ik9z":{"type":"question","id":"r1x79ik9z","text":{"rType":"text","val":"The dress looked horrible on her! ........ , she still bought it."},"answ":{"i":{"HJsX9sJ9G":{"type":"answer","id":"HJsX9sJ9G","text":{"val":"However"}},"rk07csJ5z":{"type":"answer","id":"rk07csJ5z","text":{"val":"Despite"}}},"p":["HJsX9sJ9G","rk07csJ5z"],"corrects":["HJsX9sJ9G"]}}},"p":["SJsMISI6W","SkZOUrUa-","B1yxqoJ5z","BJ5bqoJ5f","r1x79ik9z","ryqVcjJqM","rJaBciJ5G","B1EDciJqf","S1pO9sJcf","S1955syqM","Hy3jcik9M","Hyl69sJ5f"]}}},"ryxiSti19f":{"id":"ryxiSti19f","type":"interactive","subtype":"interactiveRichText","setup":{"bg":{"fill":{"opac":0.2,"rgb":"#FFF"}},"txt":{"rType":"richtext","val":{"ops":[{"insert":"EXERCISES","attributes":{"color":"#e50a4f"}},{"insert":"\n","attributes":{"size":"medium"}},{"insert":"\n","attributes":{"size":"large"}},{"insert":"ABC exercise ","attributes":{"bold":true,"color":"#000000"}},{"insert":"\n","attributes":{"size":"large"}},{"insert":"\n"},{"insert":"This is an ","attributes":{"color":"#999999"}},{"insert":"auto-training exercise","attributes":{"bold":true,"color":"#666666"}},{"insert":" so that your users can consolidate their learning. Through a series of multiple choice type questions, the user can test their knowledge and select the correct answer. ","attributes":{"color":"#999999"}},{"insert":"\n\n","attributes":{"size":"normal"}},{"insert":"Once they complete the exercise, the users can repeat it as many times as they like. ","attributes":{"color":"#999999"}},{"insert":"\n","attributes":{"size":"normal"}}]}},"rType":"richtext","vali":"middle","frmeTp":{"selectedKey":"noneFrame"},"frmeColo":{"color":{"opac":1,"rgb":"#666"}},"hali":"left","padd":87}}},"v":"1"}