{"i":{"Hkimkz8TW":{"id":"Hkimkz8TW","type":"slide","setup":{"transparentBg":{"selectedKey":false},"bord":{"size":0,"rad":0},"bg":{"selectedKey":"fill","fill":{"opac":1,"rgb":"#FFF"}}}},"Hk4ukGLp-":{"id":"Hk4ukGLp-","type":"interactive","subtype":"interactiveCoverFlow","setup":{"imgs":{"i":{"rkBuyGIaZ":{"type":"image","id":"rkBuyGIaZ","img":{"filt":{"opac":100,"gray":0,"blur":0,"tint":{"rgb":"#FFF","opac":0}},"pos":{"type":"fit","fit":{"bg":{"color":{"rgb":"#FFF","opac":100}},"vali":"center","hali":"center"},"crop":{"poi":{"x":228,"y":135}}},"measures":{"size":{"width":480,"height":270}},"orig":{"rType":"asset","rSubType":"image","fileName":"ejemplos_maq04.jpg","fileSize":34768,"val":"mc-55a3dcf78afd3c0cf705ad29b8f44bf9.jpg","aid":"e0yUiVhLRH"}},"txtBg":{"fill":{"opac":0.8,"rgb":"#000"}}},"ByDF1GU6b":{"type":"image","id":"ByDF1GU6b","img":{"filt":{"opac":100,"gray":0,"blur":0,"tint":{"rgb":"#FFF","opac":0}},"pos":{"type":"fit","fit":{"bg":{"color":{"rgb":"#FFF","opac":100}},"vali":"center","hali":"center"},"crop":{"poi":{"x":204,"y":135}}},"measures":{"size":{"width":480,"height":270}},"orig":{"rType":"asset","rSubType":"image","fileName":"ejemplos_maq01.jpg","fileSize":28333,"val":"mc-e3e2b0cd1affaed1cffe2cee881899f0.jpg","aid":"F2I0L50b8f"}},"txtBg":{"fill":{"opac":0.8,"rgb":"#000"}}},"H1p51z8T-":{"type":"image","id":"H1p51z8T-","img":{"filt":{"opac":100,"gray":0,"blur":0,"tint":{"rgb":"#FFF","opac":0}},"pos":{"type":"fit","fit":{"bg":{"color":{"rgb":"#FFF","opac":100}},"vali":"center","hali":"center"},"crop":{"poi":{"x":180,"y":135}}},"measures":{"size":{"width":480,"height":270}},"orig":{"rType":"asset","rSubType":"image","fileName":"ejemplos_maq02.jpg","fileSize":61854,"val":"mc-34282395aee2bc0b14244d704bbe267a.jpg","aid":"PrWCpNhpLt"}},"txtBg":{"fill":{"opac":0.8,"rgb":"#000"}}},"SkCetETKf":{"type":"image","id":"SkCetETKf","txtBg":{"fill":{"opac":0.8,"rgb":"#000"}},"img":{"filt":{"opac":100,"gray":0,"blur":0,"tint":{"rgb":"#FFF","opac":0}},"pos":{"type":"fit","fit":{"bg":{"color":{"rgb":"#FFF","opac":100}},"vali":"center","hali":"center"},"crop":{"poi":{"x":300,"y":135}}},"measures":{"size":{"width":480,"height":270}},"orig":{"rType":"asset","rSubType":"image","fileName":"ejemplos_maq03.jpg","fileSize":51782,"val":"mc-d28036aedfb7ce5e97d8b1c7f2dea371.jpg","aid":"d2QLtpzGsb"}}},"HJrMtE6Kf":{"type":"image","id":"HJrMtE6Kf","txtBg":{"fill":{"opac":0.8,"rgb":"#000"}},"img":{"filt":{"opac":100,"gray":0,"blur":0,"tint":{"rgb":"#FFF","opac":0}},"pos":{"type":"fit","fit":{"bg":{"color":{"rgb":"#FFF","opac":100}},"vali":"center","hali":"center"},"crop":{"poi":{"x":180,"y":135}}},"measures":{"size":{"width":480,"height":270}},"orig":{"rType":"asset","rSubType":"image","fileName":"ejemplos_maq05.jpg","fileSize":63432,"val":"mc-2281756936bb5b77e53c70621992c58a.jpg","aid":"S4eyxFcxct"}}}},"p":["rkBuyGIaZ","ByDF1GU6b","H1p51z8T-","SkCetETKf","HJrMtE6Kf"]},"style":{"selectedKey":"textFooter"}}},"SJDIyzUT-":{"id":"SJDIyzUT-","type":"interactive","subtype":"interactiveRichText","setup":{"bg":{"fill":{"opac":0,"rgb":"#b5b5b5"}},"txt":{"rType":"richtext","val":{"ops":[{"insert":"  ","attributes":{"color":"#82a419"}},{"insert":"\n\n","attributes":{"size":"medium"}},{"insert":"Our intention is to help you with the visual aspect and the layout so you ","attributes":{"bold":true,"color":"#666666","italic":true}},{"insert":"\n","attributes":{"size":"large"}},{"insert":"can focus on creating content.","attributes":{"bold":true,"color":"#666666","italic":true}},{"insert":"\n","attributes":{"size":"large"}}]}},"rType":"richtext","hali":"center","vali":"middle","padd":64,"frmeTp":{"selectedKey":"noneFrame"}}},"HJp7JGIT-":{"id":"HJp7JGIT-","type":"interactive","subtype":"interactiveRichText","setup":{"bg":{"fill":{"opac":0.2,"rgb":"#FFF"}},"txt":{"rType":"richtext","val":{"ops":[{"insert":"Edition concept","attributes":{"color":"#000000","bold":true}},{"insert":"\n\n","attributes":{"size":"large"}},{"insert":"The edition of content in isEazy Author is done around a main part: the ","attributes":{"color":"#999999"}},{"insert":"slide","attributes":{"color":"#666666","bold":true,"background":"initial"}},{"insert":". For us, the slide is a tapestry where you can place a series of elements in positions defined by the layout","attributes":{"color":"#999999"}},{"insert":" ","attributes":{"color":"#999999","bold":true,"background":"initial"}},{"insert":"you have chosen. These elements will be explained in the next section.","attributes":{"color":"#999999"}},{"insert":"\n\n"},{"insert":"The slide editor is what is known as a ","attributes":{"color":"#999999"}},{"insert":"WYSIWYG","attributes":{"color":"#666666","bold":true}},{"insert":" ","attributes":{"color":"#999999","italic":true}},{"insert":"editor (What you See is What you Get), which means that what you are seeing during the edition is exactly the same your users will visualize in the course.","attributes":{"color":"#999999"}},{"insert":"\n\n"},{"insert":"When you start to edit, you could feel a certain lack of freedom in comparison with other tools that are also based on slides, but in ","attributes":{"color":"#999999"}},{"insert":"isEazy Author","attributes":{"color":"#666666","bold":true}},{"insert":" we believe that this edition concept can help you to create high visual impact content much more easily and faster. ","attributes":{"color":"#999999"}},{"insert":"\n\n"}]}},"rType":"richtext","padd":34,"frmeTp":{"selectedKey":"noneFrame"}}}},"v":"1"}