{"i":{"ryVuTUwHf":{"id":"ryVuTUwHf","type":"slide","setup":{"transparentBg":{"selectedKey":false},"bord":{"size":0,"rad":0},"bg":{"selectedKey":"fill","fill":{"opac":1,"rgb":"#FFF"}}}},"SyTn68vHf":{"id":"SyTn68vHf","type":"interactive","subtype":"interactiveDragDrop","setup":{"cover":{"selectedKey":"image","img":{"filt":{"opac":100,"gray":0,"blur":0,"tint":{"rgb":"#FFF","opac":0}},"pos":{"type":"crop","fit":{"bg":{"color":{"rgb":"#FFF","opac":100}},"vali":"center","hali":"center"},"crop":{"poi":{"x":1083.5,"y":709.5}}},"measures":{"size":{"width":2128,"height":1419}},"orig":{"rType":"asset","rSubType":"image","fileName":"shutterstock_270131159_low.jpg","fileSize":418673,"val":"mc-c18830187193f99228e98c89ce25be49.jpg","aid":"QvxVAqj6P-Q"}}},"desc":{"rType":"text","val":"Sort Exercise \n(You can add a description)"},"groups":{"i":{"BynIA8vrG":{"type":"group","id":"BynIA8vrG","textBg":{"fill":{"opac":0.98,"rgb":"#fff"}},"cover":{"selectedKey":"image","fill":{"opac":0.8,"rgb":"#FFF"},"img":{"filt":{"opac":100,"gray":0,"blur":0,"tint":{"rgb":"#000000","opac":0.5}},"pos":{"type":"crop","fit":{"bg":{"color":{"rgb":"#FFF","opac":100}},"vali":"center","hali":"center"},"crop":{"poi":{"x":610.5,"y":397.5}}},"measures":{"size":{"width":1200,"height":800}},"orig":{"rType":"asset","rSubType":"image","fileName":"20151007C_juanri_0201.jpg","fileSize":138015,"val":"mc-4df990d64b52a4feb364812803772272.jpg","aid":"xlsD4NXX4em"}}},"text":{"rType":"text","val":"Dessert"},"answers":{"i":{"SJ5d7_vHG":{"type":"answer","id":"SJ5d7_vHG","textBg":{"fill":{"opac":1,"rgb":"#666"}},"cover":{"selectedKey":"image","fill":{"opac":0.8,"rgb":"#FFF"},"img":{"filt":{"opac":100,"gray":0,"blur":0,"tint":{"rgb":"#FFF","opac":0}},"pos":{"type":"crop","fit":{"bg":{"color":{"rgb":"#FFF","opac":100}},"vali":"center","hali":"center"},"crop":{"poi":{"x":355,"y":230}}},"measures":{"size":{"width":600,"height":450}},"orig":{"rType":"asset","rSubType":"image","fileName":"propiedades-beneficiosas-de-la-naranja.jpg","fileSize":37395,"val":"mc-361900cfd7560dc54b6156c27bb3888c.jpg","aid":"xC01zfg73U3"}}}},"ryU97_vSf":{"type":"answer","id":"ryU97_vSf","textBg":{"fill":{"opac":1,"rgb":"#666"}},"cover":{"selectedKey":"image","fill":{"opac":0.8,"rgb":"#FFF"},"img":{"filt":{"opac":100,"gray":0,"blur":0,"tint":{"rgb":"#FFF","opac":0}},"pos":{"type":"crop","fit":{"bg":{"color":{"rgb":"#FFF","opac":100}},"vali":"center","hali":"center"},"crop":{"poi":{"x":157,"y":87}}},"measures":{"size":{"width":300,"height":168}},"orig":{"rType":"asset","rSubType":"image","fileName":"images.jpg","fileSize":7976,"val":"mc-b2ad9bbb32f3aabecf3d0b777b3fe1c4.jpg","aid":"VV1n_MUFNF1"}}}},"Bks37uDrM":{"type":"answer","id":"Bks37uDrM","textBg":{"fill":{"opac":1,"rgb":"#666"}},"cover":{"selectedKey":"image","fill":{"opac":0.8,"rgb":"#FFF"},"img":{"filt":{"opac":100,"gray":0,"blur":0,"tint":{"rgb":"#FFF","opac":0}},"pos":{"type":"crop","fit":{"bg":{"color":{"rgb":"#FFF","opac":100}},"vali":"center","hali":"center"},"crop":{"poi":{"x":250.5,"y":199.5}}},"measures":{"size":{"width":668,"height":400}},"orig":{"rType":"asset","rSubType":"image","fileName":"proponen-dulces-de-kiwi-para-combatir-la-anemia.jpg","fileSize":25218,"val":"mc-4872a740bff419518b743f97aa0e3f63.jpg","aid":"nLjsUjxW2Bf"}}}}},"p":["SJ5d7_vHG","ryU97_vSf","Bks37uDrM"]}},"HJp21DPBf":{"type":"group","id":"HJp21DPBf","textBg":{"fill":{"opac":1,"rgb":"#fff"}},"cover":{"selectedKey":"image","fill":{"opac":0.8,"rgb":"#FFF"},"img":{"filt":{"opac":100,"gray":0,"blur":0,"tint":{"rgb":"#000000","opac":0.6}},"pos":{"type":"crop","fit":{"bg":{"color":{"rgb":"#FFF","opac":100}},"vali":"center","hali":"center"},"crop":{"poi":{"x":255,"y":249}}},"measures":{"size":{"width":450,"height":465}},"orig":{"rType":"asset","rSubType":"image","fileName":"450_1000.jpg","fileSize":95570,"val":"mc-f70afa93ff4aad2e3c7a669398be9570.jpg","aid":"qqHr_LYh2Lq"}}},"text":{"rType":"text","val":"First Course"},"answers":{"i":{"ry4mSOwHf":{"type":"answer","id":"ry4mSOwHf","textBg":{"fill":{"opac":1,"rgb":"#666"}},"cover":{"selectedKey":"image","fill":{"opac":0.8,"rgb":"#FFF"},"img":{"filt":{"opac":100,"gray":0,"blur":0,"tint":{"rgb":"#FFF","opac":0}},"pos":{"type":"crop","fit":{"bg":{"color":{"rgb":"#FFF","opac":100}},"vali":"center","hali":"center"},"crop":{"poi":{"x":409.5,"y":240}}},"measures":{"size":{"width":900,"height":480}},"orig":{"rType":"asset","rSubType":"image","fileName":"1course_2.jpg","fileSize":28718,"val":"mc-3a6fea2f1f31b0c66bb1a507935c9619.jpg","aid":"QU3Fz5ty4GO"}}},"text":{"rType":"text","val":""}},"r1eUHdwSf":{"type":"answer","id":"r1eUHdwSf","textBg":{"fill":{"opac":1,"rgb":"#666"}},"cover":{"selectedKey":"image","fill":{"opac":0.8,"rgb":"#FFF"},"img":{"filt":{"opac":100,"gray":0,"blur":0,"tint":{"rgb":"#FFF","opac":0}},"pos":{"type":"crop","fit":{"bg":{"color":{"rgb":"#FFF","opac":100}},"vali":"center","hali":"center"},"crop":{"poi":{"x":184.5,"y":99}}},"measures":{"size":{"width":300,"height":200}},"orig":{"rType":"asset","rSubType":"image","fileName":"00759-consejos-preparar-exquisitas-sopas.jpg","fileSize":17903,"val":"mc-8f5bfca174dfec8dde218a548fabd6f0.jpg","aid":"KoOMzkVYlWh"}}}}},"p":["ry4mSOwHf","r1eUHdwSf"]}},"r1r9gvPHz":{"type":"group","id":"r1r9gvPHz","textBg":{"fill":{"opac":1,"rgb":"#fff"}},"cover":{"selectedKey":"image","fill":{"opac":0.8,"rgb":"#FFF"},"img":{"filt":{"opac":100,"gray":0,"blur":0,"tint":{"rgb":"#000000","opac":0.6}},"pos":{"type":"crop","fit":{"bg":{"color":{"rgb":"#FFF","opac":100}},"vali":"center","hali":"center"},"crop":{"poi":{"x":610.5,"y":397.5}}},"measures":{"size":{"width":1200,"height":800}},"orig":{"rType":"asset","rSubType":"image","fileName":"2083037_0.jpg","fileSize":192007,"val":"mc-e8f098fe6b1b61b9801949551193a4a2.jpg","aid":"7R47GLFln8O"}}},"text":{"rType":"text","val":"Second Course"},"answers":{"i":{"ByUqV_wBz":{"type":"answer","id":"ByUqV_wBz","textBg":{"fill":{"opac":1,"rgb":"#666"}},"cover":{"selectedKey":"image","fill":{"opac":0.8,"rgb":"#FFF"},"img":{"filt":{"opac":100,"gray":0,"blur":0,"tint":{"rgb":"#FFF","opac":0}},"pos":{"type":"crop","fit":{"bg":{"color":{"rgb":"#FFF","opac":100}},"vali":"center","hali":"center"},"crop":{"poi":{"x":917,"y":706}}},"measures":{"size":{"width":1600,"height":1067}},"orig":{"rType":"asset","rSubType":"image","fileName":"Dorada-a-la-sal.jpg","fileSize":218381,"val":"mc-6df2335f486332e3d024ed0a02598ddf.jpg","aid":"e6pY7nFBWzR"}}}},"rkOiN_wBM":{"type":"answer","id":"rkOiN_wBM","textBg":{"fill":{"opac":1,"rgb":"#666"}},"cover":{"selectedKey":"image","fill":{"opac":0.8,"rgb":"#FFF"},"img":{"filt":{"opac":100,"gray":0,"blur":0,"tint":{"rgb":"#FFF","opac":0}},"pos":{"type":"crop","fit":{"bg":{"color":{"rgb":"#FFF","opac":100}},"vali":"center","hali":"center"},"crop":{"poi":{"x":180,"y":159}}},"measures":{"size":{"width":480,"height":320}},"orig":{"rType":"asset","rSubType":"image","fileName":"que-carne-escoger.jpg","fileSize":35531,"val":"mc-188b768fc74086d74703301c261fcc51.jpg","aid":"mLPsMdX7Ajh"}}}}},"p":["ByUqV_wBz","rkOiN_wBM"]}}},"p":["HJp21DPBf","r1r9gvPHz","BynIA8vrG"]}}},"SJg4_aIwBG":{"id":"SJg4_aIwBG","type":"interactive","subtype":"interactiveRichText","setup":{"bg":{"fill":{"opac":0.2,"rgb":"#FFF"}},"txt":{"rType":"richtext","val":{"ops":[{"insert":"EXERCISES","attributes":{"color":"#e50a4f"}},{"insert":"\n","attributes":{"size":"medium"}},{"insert":"\n","attributes":{"size":"large"}},{"insert":"Sort Exercise","attributes":{"color":"#000000","bold":true}},{"insert":"\n","attributes":{"size":"large"}},{"insert":"\n","attributes":{"size":"small"}},{"insert":"Once they complete the exercise, users can repeat it as many times as they like.\n"},{"insert":"\n","attributes":{"size":"small"}},{"insert":"The goal of the sort exercise is to group the answers that will appear on the upper panel in their corresponding groups. The way to assign an answer to a group is dragging the answer element towards the group and dropping it over it.\n"}]}},"rType":"richtext","padd":27,"frmeTp":{"selectedKey":"noneFrame"},"frmeColo":{"color":{"opac":1,"rgb":"#666"}},"vali":"middle"}}},"v":"1"}