{"i":{"Sko5h2ycM":{"id":"Sko5h2ycM","type":"slide","setup":{"transparentBg":{"selectedKey":false},"bord":{"size":0,"rad":0},"bg":{"selectedKey":"fill","fill":{"opac":1,"rgb":"#FFF"}}}},"BJzgpnkqz":{"id":"BJzgpnkqz","type":"interactive","subtype":"interactiveDragDrop","setup":{"cover":{"selectedKey":"image","img":{"filt":{"opac":100,"gray":0,"blur":0,"tint":{"rgb":"#000000","opac":0.49}},"pos":{"type":"crop","fit":{"bg":{"color":{"rgb":"#FFF","opac":100}},"vali":"center","hali":"center"},"crop":{"poi":{"x":263,"y":208}}},"measures":{"size":{"width":759,"height":422}},"orig":{"rType":"asset","rSubType":"image","fileName":"jobs.jpg","fileSize":39108,"val":"mc-0cd4440cd7971fdaa93883cfcb9fce19.jpg","aid":"AcVFKJTEU3H"}}},"desc":{"rType":"text","val":"Read what the people with different jobs say and \nmatch what they say to the name of their job. "},"groups":{"i":{"SJGxC215G":{"type":"group","id":"SJGxC215G","textBg":{"fill":{"opac":1,"rgb":"#fff"}},"cover":{"selectedKey":"image","fill":{"opac":0.8,"rgb":"#FFF"},"img":{"filt":{"opac":100,"gray":0,"blur":0,"tint":{"rgb":"#000000","opac":0.5}},"pos":{"type":"crop","fit":{"bg":{"color":{"rgb":"#FFF","opac":100}},"vali":"center","hali":"center"},"crop":{"poi":{"x":359,"y":142}}},"measures":{"size":{"width":610,"height":406}},"orig":{"rType":"asset","rSubType":"image","fileName":"waiterattable.jpg","fileSize":35882,"val":"mc-b1560f61c42d5d1076cfdb3b6fcae9d8.jpg","aid":"giUTcN7IWF1"}}},"answers":{"i":{"ryog03ycf":{"type":"answer","id":"ryog03ycf","textBg":{"fill":{"opac":1,"rgb":"#82a419"}},"cover":{"selectedKey":"fill","fill":{"opac":0.8,"rgb":"#FFF"}},"text":{"rType":"text","val":"Some people treat you so badly and think that's OK as long as they give you a few dollars."}}},"p":["ryog03ycf"]},"text":{"rType":"text","val":"Waiter"}},"SypWyp19z":{"type":"group","id":"SypWyp19z","textBg":{"fill":{"opac":1,"rgb":"#ffffff"}},"cover":{"selectedKey":"image","fill":{"opac":0.8,"rgb":"#FFF"},"img":{"filt":{"opac":100,"gray":0,"blur":0,"tint":{"rgb":"#000000","opac":0.5}},"pos":{"type":"crop","fit":{"bg":{"color":{"rgb":"#FFF","opac":100}},"vali":"center","hali":"center"},"crop":{"poi":{"x":263,"y":185}}},"measures":{"size":{"width":500,"height":359}},"orig":{"rType":"asset","rSubType":"image","fileName":"police_officer.jpg","fileSize":111111,"val":"mc-253b5d3982f3fbd5200f1e87a9bdc5a5.jpg","aid":"_A8UPSkVWTH"}}},"text":{"rType":"text","val":"Police"},"answers":{"i":{"SkcnMayqz":{"type":"answer","id":"SkcnMayqz","textBg":{"fill":{"opac":1,"rgb":"#82a419"}},"cover":{"selectedKey":"fill","fill":{"opac":0.8,"rgb":"#FFF"}},"text":{"rType":"text","val":"Many people are suspicious of us but I believe those people are the ones with something to hide."}}},"p":["SkcnMayqz"]}},"rkRzyay5M":{"type":"group","id":"rkRzyay5M","textBg":{"fill":{"opac":1,"rgb":"#ffffff"}},"cover":{"selectedKey":"image","fill":{"opac":0.8,"rgb":"#FFF"},"img":{"filt":{"opac":100,"gray":0,"blur":0,"tint":{"rgb":"#000000","opac":0.5}},"pos":{"type":"crop","fit":{"bg":{"color":{"rgb":"#FFF","opac":100}},"vali":"center","hali":"center"},"crop":{"poi":{"x":285,"y":172.5}}},"measures":{"size":{"width":568,"height":346}},"orig":{"rType":"asset","rSubType":"image","fileName":"teacher_2.jpg","fileSize":30372,"val":"mc-b916612a387d97f7394a0daaf6e2e0e0.jpg","aid":"iB0-g-HBCQ2"}}},"text":{"rType":"text","val":"Teacher"},"answers":{"i":{"ByW340J5M":{"type":"answer","id":"ByW340J5M","textBg":{"fill":{"opac":1,"rgb":"#82a419"}},"cover":{"selectedKey":"fill","fill":{"opac":0.8,"rgb":"#FFF"}},"text":{"rType":"text","val":"In this institution, a lot of it is control. When you consider their home life, that's understandable!"}}},"p":["ByW340J5M"]}},"BJEQk615G":{"type":"group","id":"BJEQk615G","textBg":{"fill":{"opac":1,"rgb":"#ffffff"}},"cover":{"selectedKey":"image","fill":{"opac":0.8,"rgb":"#FFF"},"img":{"filt":{"opac":100,"gray":0,"blur":0,"tint":{"rgb":"#000000","opac":0.5}},"pos":{"type":"crop","fit":{"bg":{"color":{"rgb":"#FFF","opac":100}},"vali":"center","hali":"center"},"crop":{"poi":{"x":190.5,"y":124.5}}},"measures":{"size":{"width":380,"height":250}},"orig":{"rType":"asset","rSubType":"image","fileName":"nursee.jpg","fileSize":105333,"val":"mc-9ab3f263c858c3c7dc47b9958a3106c3.jpg","aid":"ggUDvZmoaUS"}}},"text":{"rType":"text","val":"Nurse"},"answers":{"i":{"S1HT4CJ5f":{"type":"answer","id":"S1HT4CJ5f","textBg":{"fill":{"opac":1,"rgb":"#82a419"}},"cover":{"selectedKey":"fill","fill":{"opac":0.8,"rgb":"#FFF"}},"text":{"rType":"text","val":"We have become a lot more aware in recent years about health dangers that exist while working here."}}},"p":["S1HT4CJ5f"]}},"HJkN1aJ9f":{"type":"group","id":"HJkN1aJ9f","textBg":{"fill":{"opac":1,"rgb":"#ffffff"}},"cover":{"selectedKey":"image","fill":{"opac":0.8,"rgb":"#FFF"},"img":{"filt":{"opac":100,"gray":0,"blur":0,"tint":{"rgb":"#000000","opac":0.5}},"pos":{"type":"crop","fit":{"bg":{"color":{"rgb":"#FFF","opac":100}},"vali":"center","hali":"center"},"crop":{"poi":{"x":132,"y":87}}},"measures":{"size":{"width":290,"height":174}},"orig":{"rType":"asset","rSubType":"image","fileName":"dentist.jpg","fileSize":5809,"val":"mc-9b137d084a1e234f11720424c7bac906.jpg","aid":"_6cT2XxIBKy"}}},"text":{"rType":"text","val":"Dentist"},"answers":{"i":{"SkTAECk5f":{"type":"answer","id":"SkTAECk5f","textBg":{"fill":{"opac":1,"rgb":"#82a419"}},"cover":{"selectedKey":"fill","fill":{"opac":0.8,"rgb":"#FFF"}},"text":{"rType":"text","val":"It's true that I have had to put my hands into and look into some nasty places."}}},"p":["SkTAECk5f"]}}},"p":["SJGxC215G","SypWyp19z","rkRzyay5M","BJEQk615G","HJkN1aJ9f"]}}}},"v":"1"}