{"i":{"thUmzhmRL":{"id":"thUmzhmRL","type":"slide","setup":{"bord":{"size":0,"rad":0},"bg":{"selectedKey":"fill","fill":{"opac":1,"rgb":"#FFF"}},"transparentBg":{"selectedKey":false}}},"bLl6dZpKav":{"id":"bLl6dZpKav","type":"interactive","subtype":"interactiveTrivial","setup":{"cover":{"selectedKey":"image","img":{"filt":{"opac":100,"gray":0,"blur":0,"tint":{"rgb":"#000000","opac":0}},"pos":{"type":"crop","fit":{"bg":{"color":{"rgb":"#FFF","opac":100}},"vali":"center","hali":"center"},"crop":{"poi":{"x":552,"y":360}}},"measures":{"size":{"width":1080,"height":720}},"orig":{"rType":"asset","rSubType":"image","fileName":"unsplash.jpg","fileSize":0,"val":"mc-dbb6fa8ae750ea3aec811ab3f8bf0541.jpg","aid":"H22O4fMdU"}}},"desc":{"rType":"text","val":"\nFancy some Travel Quiz?\n\n"},"gamification":{"wildcards":{"value":2},"time":{"visible":true,"value":300},"points":{"visible":true,"value":5000}},"categ":{"i":{"HyAX7M7s7":{"type":"category","id":"HyAX7M7s7","fill":{"opac":1,"rgb":"#82a419"},"desc":{"rType":"text","val":"Asia"},"quest":{"i":{"rkSVXMmsQ":{"type":"question","id":"rkSVXMmsQ","text":{"rType":"text","val":"When did Buddhism arrive in Japan?"},"answ":{"i":{"Sy_VXf7om":{"type":"answer","id":"Sy_VXf7om","text":{"val":"400 CE"}},"r1kH7f7j7":{"type":"answer","id":"r1kH7f7j7","text":{"val":"1200 CE"}},"H1XBmGmiX":{"type":"answer","id":"H1XBmGmiX","text":{"val":"200 BCE"}},"rkPBXfXoQ":{"type":"answer","id":"rkPBXfXoQ","text":{"val":"1 CE"}}},"p":["Sy_VXf7om","r1kH7f7j7","H1XBmGmiX","rkPBXfXoQ"],"corrects":["Sy_VXf7om"]}},"H1x8XM7jX":{"type":"question","id":"H1x8XM7jX","text":{"rType":"text","val":"What country does the Mekong River not flow through?"},"answ":{"i":{"r1I8mz7oQ":{"type":"answer","id":"r1I8mz7oQ","text":{"val":"Vietnam"}},"HklL8mf7sX":{"type":"answer","id":"HklL8mf7sX","text":{"val":"Mongolia"}},"H1JvmMXiQ":{"type":"answer","id":"H1JvmMXiQ","text":{"val":"Laos"}},"HyzDmfQim":{"type":"answer","id":"HyzDmfQim","text":{"val":"China"}}},"p":["r1I8mz7oQ","HklL8mf7sX","H1JvmMXiQ","HyzDmfQim"],"corrects":["HklL8mf7sX"]}}},"p":["rkSVXMmsQ","H1x8XM7jX"]}},"BJ1dQG7jm":{"type":"category","id":"BJ1dQG7jm","fill":{"opac":1,"rgb":"#ea3a3a"},"desc":{"rType":"text","val":"America"},"quest":{"i":{"By4_7MQsX":{"type":"question","id":"By4_7MQsX","text":{"rType":"text","val":"You really should know the name of this building, but what's its address?"},"img":{"filt":{"opac":100,"gray":0,"blur":0,"tint":{"rgb":"#FFF","opac":0}},"pos":{"type":"crop","fit":{"bg":{"color":{"rgb":"#FFF","opac":100}},"vali":"center","hali":"center"},"crop":{"poi":{"x":198,"y":163}}},"measures":{"size":{"width":400,"height":400}},"orig":{"rType":"asset","rSubType":"image","fileName":"mc-aae5ac58748ee67da47f8216016f25cb.jpg","fileSize":37617,"val":"mc-aae5ac58748ee67da47f8216016f25cb.jpg","aid":"pRscgGTqek"}},"answ":{"i":{"S1_2XfXiQ":{"type":"answer","id":"S1_2XfXiQ","text":{"val":"1 Washington Street"}},"r1nnXzXjX":{"type":"answer","id":"r1nnXzXjX","text":{"val":" 742 Evergreen  742 Evergreen Terrace"}},"rkg6QM7oQ":{"type":"answer","id":"rkg6QM7oQ","text":{"val":"1600 Pennsylvania 1600 Pennsylvania Ave"}},"HJQ0QGmoQ":{"type":"answer","id":"HJQ0QGmoQ","text":{"val":"10 downing street"}}},"p":["S1_2XfXiQ","r1nnXzXjX","rkg6QM7oQ","HJQ0QGmoQ"],"corrects":["rkg6QM7oQ"]}},"H1OkVfmom":{"type":"question","id":"H1OkVfmom","text":{"rType":"text","val":"How many countries are in south america?"},"answ":{"i":{"HkZlEfQim":{"type":"answer","id":"HkZlEfQim","text":{"val":"9"}},"Bk8eEM7j7":{"type":"answer","id":"Bk8eEM7j7","text":{"val":"12"}},"BJcg4M7oQ":{"type":"answer","id":"BJcg4M7oQ","text":{"val":"14"}},"BJpl4M7o7":{"type":"answer","id":"BJpl4M7o7","text":{"val":"17"}}},"p":["HkZlEfQim","Bk8eEM7j7","BJcg4M7oQ","BJpl4M7o7"],"corrects":["BJcg4M7oQ"]}}},"p":["By4_7MQsX","H1OkVfmom"]}},"rJLWEf7iQ":{"type":"category","id":"rJLWEf7iQ","fill":{"opac":1,"rgb":"#007199"},"desc":{"rType":"text","val":"Europe"},"quest":{"i":{"By7G4Gmjm":{"type":"question","id":"By7G4Gmjm","text":{"rType":"text","val":"Which of these European countries has the largest area?"},"answ":{"i":{"ByIM4M7j7":{"type":"answer","id":"ByIM4M7j7","text":{"val":"Ukraine"}},"BkpGVG7om":{"type":"answer","id":"BkpGVG7om","text":{"val":"Germany"}},"rkg7VGXsm":{"type":"answer","id":"rkg7VGXsm","text":{"val":"Sweden"}},"SJOm4fmsm":{"type":"answer","id":"SJOm4fmsm","text":{"val":"Hungary"}}},"p":["ByIM4M7j7","BkpGVG7om","rkg7VGXsm","SJOm4fmsm"],"corrects":["ByIM4M7j7"]}},"HkUNEf7sm":{"type":"question","id":"HkUNEf7sm","text":{"rType":"text","val":"Which are Switzerland’s official national languages?"},"answ":{"i":{"Sks44MXs7":{"type":"answer","id":"Sks44MXs7","text":{"val":"French, English, German and Dutch."}},"Sy2VVfmiQ":{"type":"answer","id":"Sy2VVfmiQ","text":{"val":"German, Italian, French and Romansh."}},"r1w8EGXsQ":{"type":"answer","id":"r1w8EGXsQ","text":{"val":"German, French, Bavarian and English."}}},"p":["Sks44MXs7","Sy2VVfmiQ","r1w8EGXsQ"],"corrects":["Sy2VVfmiQ"]}}},"p":["By7G4Gmjm","HkUNEf7sm"]}},"BkGu4MQsm":{"type":"category","id":"BkGu4MQsm","fill":{"opac":1,"rgb":"#eccc06"},"desc":{"rType":"text","val":"Africa"},"quest":{"i":{"rkpOEzmj7":{"type":"question","id":"rkpOEzmj7","text":{"rType":"text","val":"What is Africa's newest country?"},"answ":{"i":{"SkZtEMQom":{"type":"answer","id":"SkZtEMQom","text":{"val":"Tanzania"}},"BJzKVf7jm":{"type":"answer","id":"BJzKVf7jm","text":{"val":"South Sudan"}},"SJOt4zQs7":{"type":"answer","id":"SJOt4zQs7","text":{"val":"Botswana"}},"BJtF4fXi7":{"type":"answer","id":"BJtF4fXi7","text":{"val":"Central African Republic"}}},"p":["SkZtEMQom","BJzKVf7jm","SJOt4zQs7","BJtF4fXi7"],"corrects":["BJzKVf7jm"]}},"SyucEfXjQ":{"type":"question","id":"SyucEfXjQ","text":{"rType":"text","val":"What is Ushahidi?"},"answ":{"i":{"Skgo4fmiQ":{"type":"answer","id":"Skgo4fmiQ","text":{"val":"An African philosophy "}},"HyHiVG7j7":{"type":"answer","id":"HyHiVG7j7","text":{"val":"A crowd-sourcing platform"}},"HJU2VzmjX":{"type":"answer","id":"HJU2VzmjX","text":{"val":"A popular walking trail in Mozambique."}},"S1onVzXs7":{"type":"answer","id":"S1onVzXs7","text":{"val":"The policy of deferring to elders."}}},"p":["Skgo4fmiQ","HyHiVG7j7","HJU2VzmjX","S1onVzXs7"],"corrects":["HyHiVG7j7"]}}},"p":["rkpOEzmj7","SyucEfXjQ"]}},"Byo6Ez7jm":{"type":"category","id":"Byo6Ez7jm","fill":{"opac":1,"rgb":"#ff3371"},"desc":{"rType":"text","val":"Oceania"},"quest":{"i":{"SyB0EGmsQ":{"type":"question","id":"SyB0EGmsQ","text":{"rType":"text","val":"What is another name under which the Uluru in Australia is also known?"},"answ":{"i":{"BJ0CNzmo7":{"type":"answer","id":"BJ0CNzmo7","text":{"val":"Simpson Desert"}},"HkMkBzXim":{"type":"answer","id":"HkMkBzXim","text":{"val":"Ayers Rock"}},"BJVgSzQiQ":{"type":"answer","id":"BJVgSzQiQ","text":{"val":"Tanami Desert"}},"r1wxBMmi7":{"type":"answer","id":"r1wxBMmi7","text":{"val":"Sturt Desert"}}},"p":["BJ0CNzmo7","HkMkBzXim","BJVgSzQiQ","r1wxBMmi7"],"corrects":["HkMkBzXim"]},"img":{"filt":{"opac":100,"gray":0,"blur":0,"tint":{"rgb":"#FFF","opac":0}},"pos":{"type":"crop","fit":{"bg":{"color":{"rgb":"#FFF","opac":100}},"vali":"center","hali":"center"},"crop":{"poi":{"x":710,"y":411}}},"measures":{"size":{"width":1080,"height":747}},"orig":{"rType":"asset","rSubType":"image","fileName":"unsplash.jpg","fileSize":0,"val":"mc-68007bd13c462d08a556db00e6fe7051.jpg","aid":"lposQe528n"}}},"Hk_0NzmjX":{"type":"question","id":"Hk_0NzmjX","text":{"rType":"text","val":"Which of these Indonesian islands is famous among culinary experts for its hot peppers?"},"answ":{"i":{"Sk7brMQo7":{"type":"answer","id":"Sk7brMQo7","text":{"val":"Timor"}},"rkw-SMXom":{"type":"answer","id":"rkw-SMXom","text":{"val":"Bali"}},"BJ9WrG7jQ":{"type":"answer","id":"BJ9WrG7jQ","text":{"val":"Sulawesi"}},"r1jWrfQoX":{"type":"answer","id":"r1jWrfQoX","text":{"val":"Lombok"}}},"p":["Sk7brMQo7","rkw-SMXom","BJ9WrG7jQ","r1jWrfQoX"],"corrects":["r1jWrfQoX"]}}},"p":["SyB0EGmsQ","Hk_0NzmjX"]}},"Hy9fHfXiQ":{"type":"category","id":"Hy9fHfXiQ","fill":{"opac":1,"rgb":"#b5b5b5"},"desc":{"rType":"text","val":"Antarctica"},"quest":{"i":{"r1TGSMXsX":{"type":"question","id":"r1TGSMXsX","text":{"rType":"text","val":"Which of these animals do you NOT get in Antarctica?"},"answ":{"i":{"HJSmHzmo7":{"type":"answer","id":"HJSmHzmo7","text":{"val":"Penguins"}},"B1YXBG7jm":{"type":"answer","id":"B1YXBG7jm","text":{"val":"Whales"}},"r12mrMXoX":{"type":"answer","id":"r12mrMXoX","text":{"val":"Seals"}},"S16mrz7jX":{"type":"answer","id":"S16mrz7jX","text":{"val":"Polar bears"}}},"p":["HJSmHzmo7","B1YXBG7jm","r12mrMXoX","S16mrz7jX"],"corrects":["S16mrz7jX"]}},"HkP4rzmoQ":{"type":"question","id":"HkP4rzmoQ","text":{"rType":"text","val":"What are the native people of Antarctica called?"},"answ":{"i":{"HksESGmjQ":{"type":"answer","id":"HksESGmjQ","text":{"val":"Antarcticans"}},"HyAErG7om":{"type":"answer","id":"HyAErG7om","text":{"val":"South Polians"}},"BJXrSMQsm":{"type":"answer","id":"BJXrSMQsm","text":{"val":"There are no native people of Antarctica"}}},"p":["HksESGmjQ","HyAErG7om","BJXrSMQsm"],"corrects":["BJXrSMQsm"]}}},"p":["r1TGSMXsX","HkP4rzmoQ"]}}},"p":["HyAX7M7s7","BJ1dQG7jm","rJLWEf7iQ","BkGu4MQsm","Byo6Ez7jm","Hy9fHfXiQ"]}}},"nq4h1T7RfP":{"id":"nq4h1T7RfP","type":"interactive","subtype":"interactiveRichText","setup":{"frmeTp":{"selectedKey":"noneFrame"},"bg":{"fill":{"opac":0,"rgb":"#fff"}},"txt":{"rType":"richtext","val":{"ops":[{"insert":"\n","attributes":{"size":"small"}},{"insert":"GAMES","attributes":{"color":"#e50a4f"}},{"insert":"\n","attributes":{"size":"medium"}},{"insert":"\n","attributes":{"size":"small"}},{"insert":"Trivia","attributes":{"color":"#000000","bold":true}},{"insert":"\n","attributes":{"size":"huge"}},{"insert":"\n","attributes":{"size":"medium"}},{"insert":"It’s an interactive element that consists of answering correctly at least one question for each of the categories that make up the game. Because it is a game-like element, users will be able to play as many games as they want so they can improve their scores","attributes":{"color":"#394956"}},{"insert":"\n\n"},{"insert":"Setting up this game is very simple: all you have to do is create as many categories as you want and as many questions as you want in each category","attributes":{"color":"#394956"}},{"insert":"\n"}]}},"rType":"richtext","hali":"","vali":"middle","paddV1":30}}},"v":"1"}