{"i":{"By2ve3BtB":{"id":"By2ve3BtB","type":"slide","setup":{"transparentBg":{"selectedKey":false},"bord":{"size":0,"rad":0},"bg":{"selectedKey":"fill","fill":{"opac":1,"rgb":"#FFF"}}}},"SJTwl3SFS":{"id":"SJTwl3SFS","type":"interactive","subtype":"interactiveLinkedImages","setup":{"imgs":{"i":{"rk4pOmDYH":{"bg":{"selectedKey":"image","img":{"filt":{"opac":100,"gray":0,"blur":0,"tint":{"rgb":"#FFF","opac":0}},"pos":{"type":"crop","fit":{"bg":{"color":{"rgb":"#FFF","opac":100}},"vali":"center","hali":"center"},"crop":{"poi":{"x":1116,"y":540}}},"measures":{"size":{"width":1920,"height":1080}},"orig":{"rType":"asset","rSubType":"image","fileName":"create8.png","fileSize":163330,"val":"mc-e0f5ac0ce369ec8c4c6520ceee06b550.png","aid":"j8zWD2t05"}}},"e":{"i":{"S1ZhydBYM":{"type":"element","id":"S1ZhydBYM","link":{"val":"yCtWx-vst","selectedKey":"image"},"animation":{"selectedKey":"fade"},"pos":{"x":32,"y":943},"icon":{"selectedKey":9},"size":{"selectedKey":"m"},"iconColor":{"opac":0.2,"rgb":"#ffffff"}},"H19T1OrtG":{"type":"element","id":"H19T1OrtG","link":{"val":"HkbZ5DSKf","selectedKey":"image"},"animation":{"selectedKey":"fade"},"pos":{"x":436,"y":461},"icon":{"selectedKey":1},"size":{"selectedKey":"m"},"iconColor":{"opac":0,"rgb":"#000"}}},"p":["S1ZhydBYM","H19T1OrtG"]},"lastImage":{"visible":true},"name":{"rType":"text","val":"Step 12"},"style":{"selectedKey":"textLabels"},"desc":{"rType":"richtext","val":{"ops":[{"insert":"\n","attributes":{"size":"large"}}]}},"t":{"i":{"bePr2TWQb":{"type":"text","id":"bePr2TWQb","pos":{"x":180,"y":402},"style":{"selectedKey":"roundedBoxed"},"size":{"selectedKey":495},"color":{"opac":0.9,"rgb":"#000000"},"desc":{"val":{"ops":[{"insert":"","attributes":{"color":"#ff3371"}},{"insert":"\n","attributes":{"size":"large"}},{"insert":"Congratulations","attributes":{"color":"#ffffff"}},{"insert":"\n\n","attributes":{"size":"large"}},{"insert":"You've completed the ","attributes":{"color":"#ffffff"}},{"insert":"\n","attributes":{"size":"medium"}},{"insert":"first steps at isEazy Author","attributes":{"color":"#ffffff"}},{"insert":"\n","attributes":{"size":"medium"}}]},"rType":"richtext","paddV1":10}}},"p":["bePr2TWQb"]},"txtBg":{"fill":{"opac":0.8,"rgb":"#000"}},"type":"image","id":"rk4pOmDYH"},"HkbZ5DSKf":{"bg":{"selectedKey":"image","img":{"filt":{"opac":100,"gray":0,"blur":0,"tint":{"rgb":"#000000","opac":0.13}},"pos":{"type":"crop","fit":{"bg":{"color":{"rgb":"#FFF","opac":100}},"vali":"center","hali":"center"},"crop":{"poi":{"x":458.5,"y":272.5}}},"measures":{"size":{"width":896,"height":545}},"orig":{"rType":"asset","rSubType":"image","fileName":"cover.jpg","fileSize":58494,"val":"mc-f68dc37b1b65250aad266beb69f2d596.jpg","aid":"nn3qVE8rd"}}},"e":{"i":{"SkTPcwrFz":{"type":"element","id":"SkTPcwrFz","link":{"val":"Bk9X5wrtf","selectedKey":"image"},"animation":{"selectedKey":"fade"},"pos":{"x":539,"y":623},"icon":{"selectedKey":16},"size":{"selectedKey":"l"},"iconColor":{"opac":1,"rgb":"#ffffff"}}},"p":["SkTPcwrFz"]},"name":{"rType":"text","val":"Cover"},"style":{"selectedKey":"textLabels"},"desc":{"rType":"richtext","val":{"ops":[{"insert":" ","attributes":{"color":"#ff3371"}},{"insert":"\n\n","attributes":{"size":"huge"}},{"insert":"\n\n","attributes":{"size":"large"}},{"insert":"\n","attributes":{"size":"medium"}}]},"vali":"bottom"},"imglyrs":{"i":{"RYXQoBEnF":{"type":"imgLayer","id":"RYXQoBEnF","name":{"rType":"text","val":"Capa de imagen 1"},"pos":{"x":311,"y":200},"size":{"width":450,"height":65},"bg":{"img":{"filt":{"opac":100,"gray":0,"blur":0,"tint":{"rgb":"#FFF","opac":0}},"pos":{"type":"crop","fit":{"bg":{"color":{"rgb":"#FFF","opac":100}},"vali":"center","hali":"center"},"crop":{"bg":{"color":{"rgb":"#FFF","opac":0}},"poi":{"x":715,"y":158}},"mask":{"shape":1}},"measures":{"size":{"width":1400,"height":240}},"orig":{"rType":"asset","rSubType":"image","fileName":"author-Negative.png","fileSize":33032,"val":"mc-5997982e330cedc2e8f124a312f970e2.png","aid":"TwLb0wqfB"}}}}},"p":["RYXQoBEnF"]},"t":{"i":{"BktaGhSYr":{"type":"text","id":"BktaGhSYr","pos":{"x":280,"y":340},"style":{"selectedKey":"boxed"},"size":{"selectedKey":500},"color":{"opac":0.66,"rgb":"#000000"},"desc":{"rType":"richtext","val":{"ops":[{"insert":"\n","attributes":{"size":"large"}},{"insert":"Learn how to use isEazy Author","attributes":{"color":"#ffffff"}},{"insert":"\n","attributes":{"size":"large"}},{"insert":"and how to access the preview","attributes":{"color":"#ffffff"}},{"insert":"\n\n\n\n","attributes":{"size":"large"}},{"insert":"(click to start)","attributes":{"color":"#ffffff"}},{"insert":"\n","attributes":{"size":"medium"}}]}}}},"p":["BktaGhSYr"]},"txtBg":{"fill":{"opac":0.78,"rgb":"#000"}},"type":"image","id":"HkbZ5DSKf"},"SySxVCBYS":{"bg":{"selectedKey":"image","img":{"filt":{"opac":100,"gray":0,"blur":0,"tint":{"rgb":"#FFF","opac":0}},"pos":{"type":"crop","fit":{"bg":{"color":{"rgb":"#FFF","opac":100}},"vali":"center","hali":"center"},"crop":{"poi":{"x":780,"y":540}}},"measures":{"size":{"width":1920,"height":1080}},"orig":{"rType":"asset","rSubType":"image","fileName":"create5.png","fileSize":27697,"val":"mc-8663e3858f4919694057a8405892b96b.png","aid":"OHUDZxX_m"}}},"e":{"i":{"S1ZhydBYM":{"type":"element","id":"S1ZhydBYM","link":{"val":"ByWx1OBtz","selectedKey":"image"},"animation":{"selectedKey":"fade"},"pos":{"x":32,"y":943},"icon":{"selectedKey":9},"size":{"selectedKey":"m"},"iconColor":{"opac":0.2,"rgb":"#ffffff"}},"H19T1OrtG":{"type":"element","id":"H19T1OrtG","link":{"val":"rytWIAHYH","selectedKey":"image"},"animation":{"selectedKey":"fade"},"pos":{"x":872,"y":453},"icon":{"selectedKey":3},"size":{"selectedKey":"l"},"iconColor":{"opac":0.15,"rgb":"#000"}}},"p":["S1ZhydBYM","H19T1OrtG"]},"name":{"rType":"text","val":"Step 7"},"style":{"selectedKey":"textLabels"},"desc":{"rType":"richtext","val":{"ops":[{"insert":"\n\n","attributes":{"size":"large"}}]}},"t":{"i":{"Hy-cSmwtH":{"type":"text","id":"Hy-cSmwtH","pos":{"x":414,"y":370},"style":{"selectedKey":"bubbleRight"},"size":{"selectedKey":"l"},"color":{"opac":0.8,"rgb":"#000000"},"desc":{"rType":"richtext","val":{"ops":[{"insert":"Once you fill your course title, click \"EDIT\"","attributes":{"color":"#ffffff"}},{"insert":"\n","attributes":{"size":"large"}}]}}}},"p":["Hy-cSmwtH"]},"txtBg":{"fill":{"opac":0.8,"rgb":"#000"}},"type":"image","id":"SySxVCBYS"},"HkC85PHKz":{"type":"image","id":"HkC85PHKz","style":{"selectedKey":"textFooter"},"txtBg":{"fill":{"opac":0.8,"rgb":"#000"}},"bg":{"selectedKey":"image","img":{"filt":{"opac":100,"gray":0,"blur":0,"tint":{"rgb":"#FFF","opac":0}},"pos":{"type":"fit","fit":{"bg":{"color":{"rgb":"#FFF","opac":100}},"vali":"center","hali":"center"},"crop":{"poi":{"x":174,"y":135}}},"measures":{"size":{"width":400,"height":271}},"orig":{"rType":"asset","rSubType":"image","fileName":"Wrong-Way-Go-Back-Sign-K-7425.gif","fileSize":19360,"val":"mc-324422de32651b9a047570d7fe04fc89.gif","aid":"HyE6wlnrYS"}}},"name":{"rType":"text","val":"Step 1 - Wrong"},"e":{"i":{"H1L3TwBFM":{"type":"element","id":"H1L3TwBFM","link":{"val":"Bk9X5wrtf","selectedKey":"image"},"animation":{"selectedKey":"fade"},"pos":{"x":815,"y":128},"icon":{"selectedKey":18},"size":{"selectedKey":"xl"},"iconColor":{"opac":1,"rgb":"#C41313"}}},"p":["H1L3TwBFM"]}},"6VmGdx8nN":{"bg":{"selectedKey":"image","img":{"filt":{"opac":100,"gray":0,"blur":0,"tint":{"rgb":"#FFF","opac":0}},"pos":{"type":"crop","fit":{"bg":{"color":{"rgb":"#FFF","opac":100}},"vali":"center","hali":"center"},"crop":{"poi":{"x":944,"y":563}}},"measures":{"size":{"width":1920,"height":1050}},"orig":{"rType":"asset","rSubType":"image","fileName":"previewbutton.png","fileSize":569373,"val":"mc-d5ec268db789baf6490aadaeb8a98e80.png","aid":"uLvHnGJ31"}}},"e":{"i":{"S1ZhydBYM":{"type":"element","id":"S1ZhydBYM","link":{"val":"ry9vd7wFB","selectedKey":"image"},"animation":{"selectedKey":"fade"},"pos":{"x":32,"y":943},"icon":{"selectedKey":9},"size":{"selectedKey":"m"},"iconColor":{"opac":0.2,"rgb":"#ffffff"}},"H19T1OrtG":{"type":"element","id":"H19T1OrtG","link":{"val":"yCtWx-vst","selectedKey":"image"},"animation":{"selectedKey":"fade"},"pos":{"x":780,"y":43},"icon":{"selectedKey":1},"size":{"selectedKey":"xl"},"iconColor":{"opac":0,"rgb":"#000"}}},"p":["S1ZhydBYM","H19T1OrtG"]},"name":{"rType":"text","val":"Step 10"},"style":{"selectedKey":"textLabels"},"desc":{"rType":"richtext","val":{"ops":[{"insert":"\n","attributes":{"size":"large"}}]}},"t":{"i":{"B1s-smvKS":{"type":"text","id":"B1s-smvKS","pos":{"x":640,"y":80},"style":{"selectedKey":"bubbleTop"},"size":{"selectedKey":"m"},"color":{"opac":0.8,"rgb":"#000000"},"desc":{"rType":"richtext","val":{"ops":[{"insert":"","attributes":{"color":"#ffffff"}},{"insert":"\n","attributes":{"size":"largeTitle"}},{"insert":"Click on Preview to see the end result.","attributes":{"color":"#ffffff"}},{"insert":"\n","attributes":{"size":"largeTitle"}}]},"paddV1":13}}},"p":["B1s-smvKS"]},"txtBg":{"fill":{"opac":0.8,"rgb":"#000"}},"type":"image","id":"6VmGdx8nN"},"ByWx1OBtz":{"bg":{"selectedKey":"image","img":{"filt":{"opac":100,"gray":0,"blur":0,"tint":{"rgb":"#FFF","opac":0}},"pos":{"type":"crop","fit":{"bg":{"color":{"rgb":"#FFF","opac":100}},"vali":"center","hali":"center"},"crop":{"poi":{"x":828,"y":540}}},"measures":{"size":{"width":1920,"height":1080}},"orig":{"rType":"asset","rSubType":"image","fileName":"create3.png","fileSize":327910,"val":"mc-1824e8e0fed397aa303536b2f152c291.png","aid":"jiDhqlLyR"}}},"e":{"i":{"S1ZhydBYM":{"type":"element","id":"S1ZhydBYM","link":{"val":"S1mU5wBKG","selectedKey":"image"},"animation":{"selectedKey":"fade"},"pos":{"x":25,"y":44},"icon":{"selectedKey":9},"size":{"selectedKey":"m"},"iconColor":{"opac":0.2,"rgb":"#ffffff"}},"H19T1OrtG":{"type":"element","id":"H19T1OrtG","link":{"val":"SySxVCBYS","selectedKey":"image"},"animation":{"selectedKey":"fade"},"pos":{"x":233,"y":573},"icon":{"selectedKey":1},"size":{"selectedKey":"xl"},"iconColor":{"opac":0,"rgb":"#000"}}},"p":["S1ZhydBYM","H19T1OrtG"]},"name":{"rType":"text","val":"Step 5"},"style":{"selectedKey":"textLabels"},"desc":{"rType":"richtext","val":{"ops":[{"insert":"\n","attributes":{"size":"large"}}]}},"t":{"i":{"r1RKQRrYH":{"type":"text","id":"r1RKQRrYH","pos":{"x":276,"y":358},"style":{"selectedKey":"bubbleLeft"},"size":{"selectedKey":345},"color":{"opac":0.9,"rgb":"#000000"},"desc":{"rType":"richtext","val":{"ops":[{"insert":"Select a style template","attributes":{"color":"#ffffff"}},{"insert":"\n","attributes":{"size":"large"}}]}}}},"p":["r1RKQRrYH"]},"txtBg":{"fill":{"opac":0.8,"rgb":"#000"}},"type":"image","id":"ByWx1OBtz"},"rytWIAHYH":{"bg":{"selectedKey":"image","img":{"filt":{"opac":100,"gray":0,"blur":0,"tint":{"rgb":"#FFF","opac":0}},"pos":{"type":"crop","fit":{"bg":{"color":{"rgb":"#FFF","opac":100}},"vali":"center","hali":"center"},"crop":{"poi":{"x":1116,"y":540}}},"measures":{"size":{"width":1920,"height":1080}},"orig":{"rType":"asset","rSubType":"image","fileName":"create6.png","fileSize":49217,"val":"mc-918b9681963c5a829d23e1e0c71304e9.png","aid":"BXdqBdqWE"}}},"e":{"i":{"S1ZhydBYM":{"type":"element","id":"S1ZhydBYM","link":{"val":"SySxVCBYS","selectedKey":"image"},"animation":{"selectedKey":"fade"},"pos":{"x":32,"y":943},"icon":{"selectedKey":9},"size":{"selectedKey":"m"},"iconColor":{"opac":0.2,"rgb":"#ffffff"}},"H19T1OrtG":{"type":"element","id":"H19T1OrtG","link":{"val":"ry9vd7wFB","selectedKey":"image"},"animation":{"selectedKey":"fade"},"pos":{"x":60,"y":245},"icon":{"selectedKey":3},"size":{"selectedKey":"l"},"iconColor":{"opac":0,"rgb":"#e50a4f"}}},"p":["S1ZhydBYM","H19T1OrtG"]},"name":{"rType":"text","val":"Step 8"},"style":{"selectedKey":"textLabels"},"desc":{"rType":"richtext","val":{"ops":[{"insert":"\n","attributes":{"size":"large"}}]}},"t":{"i":{},"p":[]},"txtBg":{"fill":{"opac":0.8,"rgb":"#000"}},"type":"image","id":"rytWIAHYH"},"yCtWx-vst":{"bg":{"selectedKey":"image","img":{"filt":{"opac":100,"gray":0,"blur":0,"tint":{"rgb":"#FFF","opac":0}},"pos":{"type":"crop","fit":{"bg":{"color":{"rgb":"#FFF","opac":100}},"vali":"center","hali":"center"},"crop":{"poi":{"x":828,"y":540}}},"measures":{"size":{"width":1920,"height":1080}},"orig":{"rType":"asset","rSubType":"image","fileName":"preview.png","fileSize":2059865,"val":"mc-62c6fe3d8c85fd3edf864f710b8c0c44.png","aid":"Rm5lhETzN"}}},"e":{"i":{"S1ZhydBYM":{"type":"element","id":"S1ZhydBYM","link":{"val":"6VmGdx8nN","selectedKey":"image"},"animation":{"selectedKey":"fade"},"pos":{"x":32,"y":943},"icon":{"selectedKey":9},"size":{"selectedKey":"m"},"iconColor":{"opac":0.8,"rgb":"#ffffff"}},"H19T1OrtG":{"type":"element","id":"H19T1OrtG","link":{"val":"rk4pOmDYH","selectedKey":"image"},"animation":{"selectedKey":"fade"},"pos":{"x":772,"y":43},"icon":{"selectedKey":1},"size":{"selectedKey":"xl"},"iconColor":{"opac":0,"rgb":"#000"}}},"p":["S1ZhydBYM","H19T1OrtG"]},"name":{"rType":"text","val":"Step 11"},"style":{"selectedKey":"textLabels"},"desc":{"rType":"richtext","val":{"ops":[{"insert":"\n","attributes":{"size":"large"}}]}},"t":{"i":{"B1s-smvKS":{"type":"text","id":"B1s-smvKS","pos":{"x":620,"y":120},"style":{"selectedKey":"bubbleTop"},"size":{"selectedKey":"m"},"color":{"opac":0.8,"rgb":"#000000"},"desc":{"rType":"richtext","val":{"ops":[{"insert":"","attributes":{"color":"#ffffff"}},{"insert":"\n","attributes":{"size":"largeTitle"}},{"insert":"Close Preview to","attributes":{"color":"#ffffff"}},{"attributes":{"size":"largeTitle"},"insert":"\n"},{"insert":"go back editing","attributes":{"color":"#ffffff"}},{"insert":"\n","attributes":{"size":"largeTitle"}}]},"paddV1":13}}},"p":["B1s-smvKS"]},"txtBg":{"fill":{"opac":0.8,"rgb":"#000"}},"type":"image","id":"yCtWx-vst"},"S1mU5wBKG":{"bg":{"selectedKey":"image","img":{"filt":{"opac":100,"gray":0,"blur":0,"tint":{"rgb":"#FFF","opac":0}},"pos":{"type":"fit","fit":{"bg":{"color":{"rgb":"#FFF","opac":100}},"vali":"top","hali":"center"},"crop":{"poi":{"x":828,"y":540}}},"measures":{"size":{"width":1920,"height":1080}},"orig":{"rType":"asset","rSubType":"image","fileName":"create2.png","fileSize":318863,"val":"mc-ee9a5198d083c90f784018204ca3cb83.png","aid":"BfKiqHJge"}}},"e":{"i":{"SyEUk_rKf":{"type":"element","id":"SyEUk_rKf","link":{"val":"HkjB9wHYf","selectedKey":"image"},"animation":{"selectedKey":"fade"},"pos":{"x":21,"y":44},"icon":{"selectedKey":9},"size":{"selectedKey":"m"},"iconColor":{"opac":0.3,"rgb":"#ffffff"}},"r1RwydHtM":{"type":"element","id":"r1RwydHtM","link":{"val":"ByWx1OBtz","selectedKey":"image"},"animation":{"selectedKey":"fade"},"pos":{"x":191,"y":497},"icon":{"selectedKey":17},"size":{"selectedKey":"xl"},"iconColor":{"opac":0,"rgb":"#000"}}},"p":["SyEUk_rKf","r1RwydHtM"]},"name":{"rType":"text","val":"Step 4"},"style":{"selectedKey":"textLabels"},"desc":{"rType":"richtext","val":{"ops":[{"insert":"\n","attributes":{"size":"large"}}]}},"t":{"i":{"rJRYJ0rtr":{"type":"text","id":"rJRYJ0rtr","pos":{"x":77,"y":547},"style":{"selectedKey":"bubbleTop"},"size":{"selectedKey":229},"color":{"opac":0.9,"rgb":"#000000"},"desc":{"rType":"richtext","val":{"ops":[{"insert":"Select a course type","attributes":{"color":"#ffffff"}},{"insert":"\n","attributes":{"size":"large"}}]}}}},"p":["rJRYJ0rtr"]},"txtBg":{"fill":{"opac":0.8,"rgb":"#000"}},"type":"image","id":"S1mU5wBKG"},"B16VcPSFf":{"bg":{"selectedKey":"image","img":{"filt":{"opac":100,"gray":0,"blur":0,"tint":{"rgb":"#FFF","opac":0}},"pos":{"type":"crop","fit":{"bg":{"color":{"rgb":"#FFF","opac":100}},"vali":"center","hali":"center"},"crop":{"poi":{"x":780,"y":540}}},"measures":{"size":{"width":1920,"height":1080}},"orig":{"rType":"asset","rSubType":"image","fileName":"freeregister.png","fileSize":280327,"val":"mc-3654588bd285a577d74e33e405f9d83a.png","aid":"LmZb7Oc-2"}}},"e":{"i":{"r1KXCvSFM":{"type":"element","id":"r1KXCvSFM","link":{"val":"HkjB9wHYf","selectedKey":"image"},"animation":{"selectedKey":"fade"},"pos":{"x":687,"y":699},"icon":{"selectedKey":33},"size":{"selectedKey":"xl"},"iconColor":{"opac":0,"rgb":"#000"}},"BkgHAPrFz":{"type":"element","id":"BkgHAPrFz","link":{"val":"Bk9X5wrtf","selectedKey":"image"},"animation":{"selectedKey":"fade"},"pos":{"x":28,"y":44},"icon":{"selectedKey":9},"size":{"selectedKey":"m"},"iconColor":{"opac":0.35,"rgb":"#ffffff"}}},"p":["r1KXCvSFM","BkgHAPrFz"]},"name":{"rType":"text","val":"Step 2"},"style":{"selectedKey":"textLabels"},"desc":{"rType":"richtext","val":{"ops":[{"insert":"\n","attributes":{"size":"large"}}]}},"t":{"i":{"HJdBsaHFB":{"type":"text","id":"HJdBsaHFB","pos":{"x":287,"y":572},"style":{"selectedKey":"bubbleRight"},"size":{"selectedKey":260},"color":{"opac":0.9,"rgb":"#000000"},"desc":{"rType":"richtext","val":{"ops":[{"insert":"Once you fill your name, email and paswword:","attributes":{"color":"#ffffff"}},{"insert":"\n","attributes":{"align":"center","size":"medium"}},{"insert":"Accept our conditions","attributes":{"color":"#ffffff"}},{"attributes":{"size":"medium","align":"center"},"insert":"\n"},{"insert":"and ","attributes":{"color":"#ffffff"}},{"insert":"\n","attributes":{"size":"medium","align":"center"}},{"insert":"click \"Start\"","attributes":{"color":"#e50a4f","bold":true}},{"insert":"\n","attributes":{"size":"large","align":"center"}}]},"hali":""}}},"p":["HJdBsaHFB"]},"txtBg":{"fill":{"opac":0.8,"rgb":"#000"}},"type":"image","id":"B16VcPSFf"},"bzNZOm8aC":{"bg":{"selectedKey":"image","img":{"filt":{"opac":100,"gray":0,"blur":0,"tint":{"rgb":"#FFF","opac":0}},"pos":{"type":"crop","fit":{"bg":{"color":{"rgb":"#FFF","opac":100}},"vali":"center","hali":"center"},"crop":{"poi":{"x":972,"y":540}}},"measures":{"size":{"width":1920,"height":1080}},"orig":{"rType":"asset","rSubType":"image","fileName":"create4.png","fileSize":162010,"val":"mc-d2e39072e74b56d06638625c8a45caa6.png","aid":"c7j0KevaK"}}},"e":{"i":{"S1ZhydBYM":{"type":"element","id":"S1ZhydBYM","link":{"val":"S1mU5wBKG","selectedKey":"image"},"animation":{"selectedKey":"fade"},"pos":{"x":25,"y":44},"icon":{"selectedKey":9},"size":{"selectedKey":"m"},"iconColor":{"opac":0.2,"rgb":"#ffffff"}},"H19T1OrtG":{"type":"element","id":"H19T1OrtG","link":{"val":"SySxVCBYS","selectedKey":"image"},"animation":{"selectedKey":"fade"},"pos":{"x":128,"y":572},"icon":{"selectedKey":1},"size":{"selectedKey":"m"},"iconColor":{"opac":0,"rgb":"#000"}}},"p":["S1ZhydBYM","H19T1OrtG"]},"name":{"rType":"text","val":"Step 6"},"style":{"selectedKey":"textLabels"},"desc":{"rType":"richtext","val":{"ops":[{"insert":"\n","attributes":{"size":"large"}}]}},"t":{"i":{"r1RKQRrYH":{"type":"text","id":"r1RKQRrYH","pos":{"x":336,"y":206},"style":{"selectedKey":"bubbleLeft"},"size":{"selectedKey":263},"color":{"opac":0.9,"rgb":"#000000"},"desc":{"rType":"richtext","val":{"ops":[{"insert":"Select a palette","attributes":{"color":"#ffffff"}},{"insert":"\n","attributes":{"size":"large"}}]}}}},"p":["r1RKQRrYH"]},"txtBg":{"fill":{"opac":0.8,"rgb":"#000"}},"type":"image","id":"bzNZOm8aC"},"Bk9X5wrtf":{"bg":{"selectedKey":"image","img":{"filt":{"opac":100,"gray":0,"blur":0,"tint":{"rgb":"#FFF","opac":0}},"pos":{"type":"crop","fit":{"bg":{"color":{"rgb":"#FFF","opac":100}},"vali":"center","hali":"center"},"crop":{"poi":{"x":1068,"y":540}}},"measures":{"size":{"width":1920,"height":1080}},"orig":{"rType":"asset","rSubType":"image","fileName":"freeregister1.png","fileSize":718651,"val":"mc-2a52badbd4977799d4d3580c19e415de.png","aid":"C6mF1ES-a"}}},"e":{"i":{"Sk_moDHFz":{"type":"element","id":"Sk_moDHFz","link":{"val":"B16VcPSFf","selectedKey":"image"},"animation":{"selectedKey":"fade"},"pos":{"x":787,"y":258},"icon":{"selectedKey":17},"size":{"selectedKey":"xl"},"iconColor":{"opac":0.01,"rgb":"#000"}},"r1cvivHYz":{"type":"element","id":"r1cvivHYz","link":{"val":"HkC85PHKz","selectedKey":"image"},"animation":{"selectedKey":"fade"},"pos":{"x":893,"y":251},"icon":{"selectedKey":17},"size":{"selectedKey":"xl"},"iconColor":{"opac":0,"rgb":"#000"}},"BJ0iqTHFH":{"type":"element","id":"BJ0iqTHFH","link":{"val":"B16VcPSFf","selectedKey":"image"},"animation":{"selectedKey":"fade"},"pos":{"x":446,"y":875},"icon":{"selectedKey":17},"size":{"selectedKey":"xl"},"iconColor":{"opac":0.01,"rgb":"#000"}}},"p":["Sk_moDHFz","BJ0iqTHFH","r1cvivHYz"]},"lastImage":{"visible":false},"name":{"rType":"text","val":"Step 1 "},"style":{"selectedKey":"textLabels"},"desc":{"rType":"richtext","val":{"ops":[{"insert":"\n","attributes":{"size":"large"}}]}},"t":{"i":{"rk93FpHtS":{"type":"text","id":"rk93FpHtS","pos":{"x":609,"y":93},"style":{"selectedKey":"bubbleDown"},"size":{"selectedKey":333},"color":{"opac":0.8,"rgb":"#000000"},"desc":{"rType":"richtext","val":{"ops":[{"insert":"Click \"","attributes":{"color":"#ffffff"}},{"insert":"SIGN UP FREE\"","attributes":{"color":"#ffffff","bold":true}},{"insert":"\n","attributes":{"size":"large"}}]},"paddV1":2}}},"p":["rk93FpHtS"]},"txtBg":{"fill":{"opac":0.8,"rgb":"#000000"}},"type":"image","id":"Bk9X5wrtf"},"HkjB9wHYf":{"bg":{"selectedKey":"image","img":{"filt":{"opac":100,"gray":0,"blur":0,"tint":{"rgb":"#FFF","opac":0}},"pos":{"type":"crop","fit":{"bg":{"color":{"rgb":"#FFF","opac":100}},"vali":"center","hali":"center"},"crop":{"poi":{"x":780,"y":540}}},"measures":{"size":{"width":1920,"height":1080}},"orig":{"rType":"asset","rSubType":"image","fileName":"create.png","fileSize":24224,"val":"mc-9e8bae89aea15d47b79b24857f7234da.png","aid":"rnL1HhdZY"}}},"e":{"i":{"HJVg0PHFz":{"type":"element","id":"HJVg0PHFz","link":{"val":"S1mU5wBKG","selectedKey":"image"},"animation":{"selectedKey":"fade"},"pos":{"x":301,"y":258},"icon":{"selectedKey":17},"size":{"selectedKey":"xl"},"iconColor":{"opac":0,"rgb":"#000"}},"ryoh0vBYf":{"type":"element","id":"ryoh0vBYf","link":{"val":"B16VcPSFf","selectedKey":"image"},"animation":{"selectedKey":"fade"},"pos":{"x":21,"y":956},"icon":{"selectedKey":9},"size":{"selectedKey":"m"},"iconColor":{"opac":0.19,"rgb":"#ffffff"}}},"p":["HJVg0PHFz","ryoh0vBYf"]},"name":{"rType":"text","val":"Step 3"},"style":{"selectedKey":"textLabels"},"desc":{"rType":"richtext","val":{"ops":[{"insert":"\n","attributes":{"size":"large"}}]}},"t":{"i":{},"p":[]},"txtBg":{"fill":{"opac":0.8,"rgb":"#000"}},"type":"image","id":"HkjB9wHYf"},"ry9vd7wFB":{"bg":{"selectedKey":"image","img":{"filt":{"opac":100,"gray":0,"blur":0,"tint":{"rgb":"#FFF","opac":0}},"pos":{"type":"crop","fit":{"bg":{"color":{"rgb":"#FFF","opac":100}},"vali":"center","hali":"center"},"crop":{"poi":{"x":828,"y":540}}},"measures":{"size":{"width":1920,"height":1080}},"orig":{"rType":"asset","rSubType":"image","fileName":"create7.png","fileSize":91902,"val":"mc-e2dc152ae3ec921af64bfdddf60eaec2.png","aid":"P6d6pzJ1e"}}},"e":{"i":{"S1ZhydBYM":{"type":"element","id":"S1ZhydBYM","link":{"val":"rytWIAHYH","selectedKey":"image"},"animation":{"selectedKey":"fade"},"pos":{"x":32,"y":943},"icon":{"selectedKey":9},"size":{"selectedKey":"m"},"iconColor":{"opac":0.2,"rgb":"#ffffff"}},"H19T1OrtG":{"type":"element","id":"H19T1OrtG","link":{"val":"6VmGdx8nN","selectedKey":"image"},"animation":{"selectedKey":"fade"},"pos":{"x":433,"y":377},"icon":{"selectedKey":1},"size":{"selectedKey":"xl"},"iconColor":{"opac":0,"rgb":"#000"}}},"p":["S1ZhydBYM","H19T1OrtG"]},"name":{"rType":"text","val":"Step 9"},"style":{"selectedKey":"textLabels"},"desc":{"rType":"richtext","val":{"ops":[{"insert":"\n","attributes":{"size":"large"}}]}},"t":{"i":{"B1s-smvKS":{"type":"text","id":"B1s-smvKS","pos":{"x":276,"y":446},"style":{"selectedKey":"bubbleTop"},"size":{"selectedKey":"m"},"color":{"opac":0.8,"rgb":"#000000"},"desc":{"rType":"richtext","val":{"ops":[{"insert":"","attributes":{"color":"#ffffff"}},{"insert":"\n","attributes":{"size":"largeTitle"}},{"insert":"Add \"Your Title\" slide to start editing","attributes":{"color":"#ffffff"}},{"insert":"\n","attributes":{"size":"largeTitle"}}]},"paddV1":13}}},"p":["B1s-smvKS"]},"txtBg":{"fill":{"opac":0.8,"rgb":"#000"}},"type":"image","id":"ry9vd7wFB"}},"p":["HkbZ5DSKf","Bk9X5wrtf","HkC85PHKz","B16VcPSFf","HkjB9wHYf","S1mU5wBKG","ByWx1OBtz","bzNZOm8aC","SySxVCBYS","rytWIAHYH","ry9vd7wFB","6VmGdx8nN","yCtWx-vst","rk4pOmDYH"]}}}},"v":"1"}