{"i":{"X4VmTVwES":{"id":"X4VmTVwES","type":"slide","setup":{"transparentBg":{"selectedKey":false},"bord":{"size":0,"rad":0},"bg":{"selectedKey":"image","fill":{"opac":1,"rgb":"#fbfbfb"},"img":{"filt":{"opac":100,"gray":0,"blur":0,"tint":{"rgb":"#4fd7c1","opac":0}},"pos":{"type":"crop","fit":{"bg":{"color":{"rgb":"#FFF","opac":100}},"vali":"center","hali":"center"},"crop":{"poi":{"x":579.5,"y":340.5}}},"measures":{"size":{"width":1080,"height":681}},"orig":{"rType":"asset","rSubType":"image","fileName":"unsplash.jpg","fileSize":0,"val":"mc-3b01645295e52c0b6a7f0f84e389a2e5.jpg","aid":"Ao0c6q01CI"}}}}},"LKu5YMP4cM":{"id":"LKu5YMP4cM","type":"interactive","subtype":"interactiveRichText","setup":{"frmeTp":{"selectedKey":"bottomLine"},"bg":{"fill":{"opac":1,"rgb":"#fbfbfb"}},"txt":{"rType":"richtext","val":{"ops":[{"insert":"EXERCISES","attributes":{"color":"#4fd7c1"}},{"insert":"\n","attributes":{"size":"medium"}},{"insert":" ","attributes":{"color":"#151515"}},{"insert":"\n","attributes":{"size":"small"}},{"insert":"Arrange","attributes":{"bold":true,"color":"#151515"}},{"insert":"\n","attributes":{"size":"huge"}}]}},"rType":"richtext","hali":"","vali":"middle","paddV1":20,"frmeColo":{"color":{"opac":1,"rgb":"#4fd7c1"}}}},"XEN-UaqBcA":{"id":"XEN-UaqBcA","type":"interactive","subtype":"interactiveArrange","setup":{"cover":{"selectedKey":"image"},"desc":{"rType":"text","tag":"p","val":"All aboard!"},"statement":{"rType":"text","val":"Do you know which the longest train routes are?"},"img":{"filt":{"opac":100,"gray":0,"blur":0,"tint":{"rgb":"#FFF","opac":0}},"pos":{"type":"crop","fit":{"bg":{"color":{"rgb":"#FFF","opac":100}},"vali":"center","hali":"center"},"crop":{"bg":{"color":{"rgb":"#FFF","opac":0}},"poi":{"x":579.5,"y":340.5}},"mask":{"shape":1}},"measures":{"size":{"width":1080,"height":681}},"orig":{"rType":"asset","rSubType":"image","fileName":"unsplash.jpg","fileSize":0,"val":"mc-3b01645295e52c0b6a7f0f84e389a2e5.jpg","aid":"MUE2nwOj16"}},"answ":{"i":{"bplkYWya1":{"type":"answer","id":"bplkYWya1","text":{"val":"Trans-Siberian Express: from Moscow to Vladivostok"}},"pruTjRFOV":{"type":"answer","id":"pruTjRFOV","text":{"val":"Toronto to Vancouver"}},"Ln-zEzk2W":{"type":"answer","id":"Ln-zEzk2W","text":{"val":"Shanghai to Lhasa"}},"3-ffYdlVz":{"type":"answer","id":"3-ffYdlVz","text":{"val":"Sydney to Perth"}},"SX1_kOrtz":{"type":"answer","id":"SX1_kOrtz","text":{"val":"Dibrugarh to Kanyakumari"}}},"p":["bplkYWya1","pruTjRFOV","Ln-zEzk2W","3-ffYdlVz","SX1_kOrtz"]}}},"uyjzjpimGY":{"id":"uyjzjpimGY","type":"interactive","subtype":"interactiveRichText","setup":{"frmeTp":{"selectedKey":"noneFrame"},"bg":{"fill":{"opac":0.8,"rgb":"#4fd7c1"}},"txt":{"rType":"richtext","val":{"ops":[{"attributes":{"color":"#fbfbfb"},"insert":"There is something extraordinary about putting items in order: it is necessary to analyze, infer, reorganize... so many "},{"attributes":{"bold":true,"color":"#fbfbfb"},"insert":"cognitive processes are ignited!"},{"insert":"\n"}]}},"rType":"richtext","paddV1":20,"vali":"top"}}},"v":"1"}