{"i":{"S1RsqBipZ":{"id":"S1RsqBipZ","type":"slide","setup":{"transparentBg":{"selectedKey":false},"bord":{"size":0,"rad":0},"bg":{"selectedKey":"fill","fill":{"opac":1,"rgb":"#fff"}}}},"Hks65Sjpb":{"id":"Hks65Sjpb","type":"interactive","subtype":"interactiveRichText","setup":{"bg":{"fill":{"opac":0,"rgb":"#FFF"}},"txt":{"rType":"richtext","val":{"ops":[{"insert":"Edit content","attributes":{"bold":true,"color":"#000000"}},{"insert":"\n","attributes":{"size":"large"}},{"insert":"\n"},{"insert":"You can create the content of your course with the ","attributes":{"color":"#999999"}},{"insert":"Edit content","attributes":{"color":"#666666","bold":true}},{"insert":" ","attributes":{"color":"#999999","bold":true}},{"insert":"tab. Here you have access from each subsection to edit its slides.","attributes":{"color":"#999999"}},{"insert":"\n\n"},{"insert":"You can also access the ","attributes":{"color":"#999999"}},{"insert":"configuration of the final test","attributes":{"color":"#666666","bold":true}},{"insert":" from this tab. ","attributes":{"color":"#999999"}},{"insert":"\n\n"},{"insert":"When creating a new project, by default we add a section and a subsection so you can start working faster, but you can later add as many as you want with the lower buttons.","attributes":{"color":"#999999"}},{"insert":"\n\n"},{"insert":"If at any time you need to restructure your course, there is no problem! You can drag all the elements to reorganize them as best fits your project.","attributes":{"color":"#999999"}},{"insert":"\n"}]}},"rType":"richtext","vali":"middle","padd":73}},"Sy0qaBjT-":{"id":"Sy0qaBjT-","type":"interactive","subtype":"interactiveCard","setup":{"front":{"selectedKey":"image","fill":{"opac":1,"rgb":"#FFF"},"img":{"filt":{"opac":100,"gray":100,"blur":0,"tint":{"rgb":"#FFF","opac":0}},"pos":{"type":"crop","fit":{"bg":{"color":{"rgb":"#FFF","opac":100}},"vali":"center","hali":"center"},"crop":{"poi":{"x":180,"y":270}}},"measures":{"size":{"width":480,"height":540}},"orig":{"rType":"asset","rSubType":"image","fileName":"structure_editor.jpg","fileSize":48642,"val":"mc-49bf23a69e15a943748b8d1dcc4a623f.jpg","aid":"N6Fs-Z4GHTZ"}}},"back":{"selectedKey":"image","fill":{"opac":1,"rgb":"#FFF"},"img":{"filt":{"opac":100,"gray":100,"blur":0,"tint":{"rgb":"#FFF","opac":0}},"pos":{"type":"fit","fit":{"bg":{"color":{"rgb":"#FFF","opac":100}},"vali":"center","hali":"center"},"crop":{"poi":{"x":309.5,"y":337.5}}},"measures":{"size":{"width":600,"height":676}},"orig":{"rType":"asset","rSubType":"image","fileName":"structure.gif","fileSize":66558,"val":"mc-45aee5b0e8c97b0f7359da2cfea51725.gif","aid":"zIBK0K2BDdp"}},"txt":{"rType":"richtext","val":{"ops":[{"insert":"\n\n","attributes":{"size":"large"}}]}},"rType":"richtext","hali":"center"},"animation":{"selectedKey":"rotateH"}}}},"v":"1"}