{"i":{"rJtYHh40b":{"id":"rJtYHh40b","type":"slide","setup":{"transparentBg":{"selectedKey":false},"bord":{"size":7,"rad":0},"bg":{"selectedKey":"fill","fill":{"opac":1,"rgb":"#FFF"}}}},"HyMVL3V0b":{"id":"HyMVL3V0b","type":"interactive","subtype":"interactiveRichText","setup":{"bg":{"fill":{"opac":0.2,"rgb":"#FFF"}},"txt":{"rType":"richtext","val":{"ops":[{"insert":"Image & Text","attributes":{"color":"#000000","bold":true}},{"insert":"\n","attributes":{"size":"large"}},{"insert":"\n","attributes":{"size":"normal"}},{"insert":"This item allows you to add text to an image with three different styles. You can also add some interaction to your content. You can choose from three different styles for your text layer:","attributes":{"color":"#999999"}},{"insert":"\n","attributes":{"size":"normal"}},{"insert":"Superimposed ","attributes":{"color":"#666666","bold":true}},{"insert":"\n","attributes":{"list":"bullet","size":"normal"}},{"insert":"Boxed ","attributes":{"color":"#666666","bold":true}},{"insert":"\n","attributes":{"list":"bullet","size":"normal"}},{"insert":"Gradient ","attributes":{"color":"#666666","bold":true}},{"insert":"\n","attributes":{"list":"bullet","size":"normal"}},{"insert":"Text box color","attributes":{"color":"#666666","bold":true}},{"insert":"\n"},{"insert":"Set up the color and opacity of the background of your text box. Note that when you activate the emerged text, the box also appears and disappears through an animation. If you want to tint an image independently to the text display animation you can use the ink filter on the image itself.","attributes":{"color":"#999999"}},{"insert":"\n\n"},{"insert":"Background image","attributes":{"color":"#666666","bold":true}},{"insert":"\n"},{"insert":"You have the same set up options as in the image element. ","attributes":{"color":"#999999"}},{"insert":"\n"}]}},"rType":"richtext","padd":31}},"HkNlPnEC-":{"id":"HkNlPnEC-","type":"interactive","subtype":"interactiveImageText","setup":{"animation":{"selectedKey":false},"bg":{"img":{"filt":{"opac":100,"gray":0,"blur":0,"tint":{"rgb":"#e50a4f","opac":0}},"pos":{"type":"crop","fit":{"bg":{"color":{"rgb":"#FFF","opac":100}},"vali":"bottom","hali":"left"},"crop":{"poi":{"x":251,"y":179}}},"measures":{"size":{"width":480,"height":270}},"orig":{"rType":"asset","rSubType":"image","fileName":"boxed_text.jpg","fileSize":38119,"val":"mc-d44b60e61050313ffeb76f8f6bc3796c.jpg","aid":"258l2EcLYcU"}}},"paddV1":0,"rType":"richtext","txt":{"rType":"richtext","val":{"ops":[{"insert":"Boxed","attributes":{"color":"#ffffff","bold":true}},{"insert":"\n","attributes":{"size":"large"}},{"insert":" ","attributes":{"color":"#ffffff","bold":true}},{"insert":"text is fixed to the bottom of the image and the box occupies as much as the text layer","attributes":{"color":"#ffffff"}},{"insert":"\n","attributes":{"size":"normal"}},{"insert":"\n","attributes":{"size":"small"}}]}},"style":{"selectedKey":"boxed"},"padd":26,"txtBg":{"fill":{"opac":0.5,"rgb":"#e50a4f"}},"hali":"center"}},"BkQqHnERW":{"id":"BkQqHnERW","type":"interactive","subtype":"interactiveImageText","setup":{"animation":{"selectedKey":false},"bg":{"img":{"filt":{"opac":100,"gray":0,"blur":0,"tint":{"rgb":"#FFF","opac":0}},"pos":{"type":"crop","fit":{"bg":{"color":{"rgb":"#FFF","opac":100}},"vali":"center","hali":"center"},"crop":{"poi":{"x":246,"y":150}}},"measures":{"size":{"width":480,"height":270}},"orig":{"rType":"asset","rSubType":"image","fileName":"boxed_text.jpg","fileSize":38119,"val":"mc-d44b60e61050313ffeb76f8f6bc3796c.jpg","aid":"78XQeuGUCng"}}},"vali":"middle","rType":"richtext","txt":{"rType":"richtext","val":{"ops":[{"insert":"\n","attributes":{"size":"small"}},{"insert":"Superimposed","attributes":{"color":"#ffffff","bold":true}},{"insert":"\n","attributes":{"size":"large"}},{"insert":"\n","attributes":{"size":"normal"}},{"insert":" ","attributes":{"bold":true,"color":"#ffffff"}},{"insert":"The text box fits into the entire size of the image. You can center the text as you want and set up both the color of the text and the box in order to achieve an attractive layout","attributes":{"color":"#ffffff"}},{"insert":"\n\n","attributes":{"size":"small"}}]}},"style":{"selectedKey":"overlapping"},"padd":22,"txtBg":{"fill":{"opac":0.5,"rgb":"#e50a4f"}},"hali":"center"}},"HkEuv2E0W":{"id":"HkEuv2E0W","type":"interactive","subtype":"interactiveImageText","setup":{"animation":{"selectedKey":true},"bg":{"img":{"filt":{"opac":100,"gray":0,"blur":0,"tint":{"rgb":"#e50a4f","opac":0}},"pos":{"type":"crop","fit":{"bg":{"color":{"rgb":"#FFF","opac":100}},"vali":"center","hali":"center"},"crop":{"poi":{"x":180,"y":270}}},"measures":{"size":{"width":480,"height":540}},"orig":{"rType":"asset","rSubType":"image","fileName":"3.4-img-txt.png","fileSize":140901,"val":"mc-a8c33a9c29df4275daa344401526d23b.png","aid":"CeohznNfhxZ"}}},"vali":"middle","rType":"richtext","txt":{"rType":"richtext","val":{"ops":[{"insert":"Gradient","attributes":{"color":"#ffffff","bold":true}},{"insert":"\n","attributes":{"size":"large"}},{"insert":"\n","attributes":{"size":"medium"}},{"insert":"Same performance as the boxed mode but with a subtle gradient instead of a box","attributes":{"color":"#ffffff"}},{"insert":"\n","attributes":{"size":"normal"}},{"insert":"\n"}]}},"style":{"selectedKey":"overlapping"},"padd":37,"txtBg":{"fill":{"opac":0.5,"rgb":"#e50a4f"}},"hali":"center"}}},"v":"1"}