{"i":{"4VrWo0tux":{"id":"4VrWo0tux","type":"slide","setup":{"bg":{"selectedKey":"image","fill":{"opac":1,"rgb":"#FFF"},"img":{"filt":{"opac":100,"gray":0,"blur":0,"tint":{"rgb":"#FFF","opac":0}},"pos":{"type":"crop","fit":{"bg":{"color":{"rgb":"#FFF","opac":100}},"vali":"center","hali":"center"},"crop":{"poi":{"x":581,"y":214}}},"measures":{"size":{"width":1080,"height":810}},"orig":{"rType":"asset","rSubType":"image","fileName":"unsplash.jpg","fileSize":0,"val":"mc-a29dc26d4982f2a126bdc413993dfb61.jpg","aid":"ST_w76eUk"}}},"transparentBg":{"selectedKey":false},"frmeColo":{"color":{"opac":1,"rgb":"#666"}},"bord":{"size":0,"rad":0}}},"Ym85hLZ73a":{"id":"Ym85hLZ73a","type":"interactive","subtype":"interactiveRichText","setup":{"bg":{"fill":{"opac":0.7,"rgb":"#000000"}},"txt":{"rType":"richtext","val":{"ops":[{"insert":"Words game","attributes":{"color":"#ffffff"}},{"insert":"\n","attributes":{"size":"huge"}}]}},"rType":"richtext","hali":"center","vali":"middle","frmeTp":{"selectedKey":"noneFrame"}}}},"v":"1"}