{"i":{"rkhI7Vi6-":{"id":"rkhI7Vi6-","type":"slide","setup":{"transparentBg":{"selectedKey":false},"bord":{"size":0,"rad":0},"bg":{"selectedKey":"fill","fill":{"opac":1,"rgb":"#FFF"},"img":{"filt":{"opac":100,"gray":0,"blur":0,"tint":{"rgb":"#FFF","opac":0}},"pos":{"type":"crop","fit":{"bg":{"color":{"rgb":"#FFF","opac":100}},"vali":"center","hali":"center"},"crop":{"poi":{"orig":{"x":50,"y":50},"cust":{"x":50,"y":50}}}}}}}},"SJOD7No6b":{"id":"SJOD7No6b","type":"interactive","subtype":"interactiveEmbed","setup":{"embed":{"url":"https://vimeo.com/234317627","iframeUrl":"//cdn.iframe.ly/api/iframe?url=https%3A%2F%2Fvimeo.com%2F234317627&amp;key=7ad3e8783279bdbd7573dd1281baf0fb","service":"Vimeo","thumbnail":"http://i.vimeocdn.com/video/655870104_640.jpg"}}}},"v":"1"}