{"i":{"am4hhgxX6":{"id":"am4hhgxX6","type":"slide","setup":{"bord":{"size":0,"rad":0},"bg":{"selectedKey":"image","fill":{"opac":1,"rgb":"#FFF"},"img":{"filt":{"opac":100,"gray":0,"blur":0,"tint":{"rgb":"#FFF","opac":0}},"pos":{"type":"crop","fit":{"bg":{"color":{"rgb":"#FFF","opac":100}},"vali":"center","hali":"center"},"crop":{"poi":{"x":540,"y":437.5}}},"measures":{"size":{"width":1080,"height":816}},"orig":{"rType":"asset","rSubType":"image","fileName":"mc-316393d2c7f272f1ef64fc87317602ea.jpg","fileSize":197848,"val":"mc-316393d2c7f272f1ef64fc87317602ea.jpg","aid":"myrNnMgVht"}}},"transparentBg":{"selectedKey":false}}},"t574gC5tEf":{"id":"t574gC5tEf","type":"interactive","subtype":"interactiveRichText","setup":{"bg":{"fill":{"opac":0.7,"rgb":"#000000"}},"txt":{"rType":"richtext","val":{"ops":[{"insert":"Learn more about ","attributes":{"color":"#ffffff"}},{"insert":"\n","attributes":{"size":"huge"}},{"insert":"isEazy Author","attributes":{"color":"#e50a4f","bold":true}},{"insert":"\n\n","attributes":{"size":"huge"}}]}},"rType":"richtext","hali":"center","vali":"middle","frmeTp":{"selectedKey":"noneFrame"},"frmeColo":{"color":{"opac":1,"rgb":"#666"}}}}},"v":"1"}