{"i":{"HkAfIq8_z":{"id":"HkAfIq8_z","type":"slide","setup":{"bg":{"selectedKey":"image","fill":{"opac":1,"rgb":"#FFF"},"img":{"filt":{"opac":100,"gray":0,"blur":0,"tint":{"rgb":"#FFF","opac":0}},"pos":{"type":"crop","fit":{"bg":{"color":{"rgb":"#FFF","opac":100}},"vali":"center","hali":"center"},"crop":{"poi":{"x":684,"y":289}}},"measures":{"size":{"width":1400,"height":933}},"orig":{"rType":"asset","rSubType":"image","fileName":"audio.jpg","fileSize":143581,"val":"mc-bd32a735332138e5241c69e318de8971.jpg","aid":"L8BChVAcZRH"}}},"transparentBg":{"selectedKey":false},"bord":{"size":0,"rad":0}}},"S1gRf858dM":{"id":"S1gRf858dM","type":"interactive","subtype":"interactiveRichText","setup":{"bg":{"fill":{"opac":0.7,"rgb":"#000000"}},"txt":{"rType":"richtext","val":{"ops":[{"insert":"Voice-Over","attributes":{"color":"#ffffff"}},{"insert":"\n","attributes":{"size":"huge"}}]}},"rType":"richtext","hali":"center","vali":"middle"}}},"v":"1"}