{"i":{"Je_mfDuVY":{"id":"Je_mfDuVY","type":"slide","setup":{"transparentBg":{"selectedKey":false},"bord":{"size":6,"rad":0},"bg":{"selectedKey":"image","fill":{"opac":0,"rgb":"#ff0000"},"img":{"filt":{"opac":100,"gray":100,"blur":0,"tint":{"rgb":"#ff0000","opac":0}},"pos":{"type":"crop","fit":{"bg":{"color":{"rgb":"#FFF","opac":100}},"vali":"center","hali":"center"},"crop":{"poi":{"x":540,"y":437.5}}},"measures":{"size":{"width":1080,"height":816}},"orig":{"rType":"asset","rSubType":"image","fileName":"mc-316393d2c7f272f1ef64fc87317602ea.jpg","fileSize":197848,"val":"mc-cdfcf95d44f08b8efe52429b3790c913.jpg","aid":"TiUCkIB99"}}}}},"KlwUhDGSXU":{"id":"KlwUhDGSXU","type":"interactive","subtype":"interactiveLink","setup":{"link":{"selectedKey":"external","external":{"val":"https://academy.iseazyauthor.com/register/grt/71e56556ddb148b23f80cd3dae9b7ee5003d0de9752dd66349750be97e72b315"}},"bg":{"selectedKey":"fill","fill":{"opac":0.8,"rgb":"#9066DD"},"img":{"filt":{"opac":100,"gray":0,"blur":0,"tint":{"rgb":"#FFF","opac":0}},"pos":{"type":"crop","fit":{"bg":{"color":{"rgb":"#FFF","opac":100}},"vali":"center","hali":"center"},"crop":{"poi":{"x":718,"y":410}}},"measures":{"size":{"width":1440,"height":803}},"orig":{"rType":"asset","rSubType":"image","fileName":"coverauthor.png","fileSize":306696,"aid":"3N9PgMo5g6","val":"mc-4c9af61ed93557ffb595687c73a4831c.png"}},"gradient":{"angle":0,"opac":1,"stops":[{"color":"#000000","pos":0},{"color":"#000000","pos":100}]}},"title":{"rType":"text","val":"ES: Regístrate"}}},"Lk-khy7y8q":{"id":"Lk-khy7y8q","type":"interactive","subtype":"interactiveLink","setup":{"link":{"selectedKey":"external","external":{"val":"https://academy.iseazyauthor.com/register/grt/71e56556ddb148b23f80cd3dae9b7ee5003d0de9752dd66349750be97e72b315"}},"bg":{"selectedKey":"fill","fill":{"opac":0.8,"rgb":"#e50a4f"},"img":{"filt":{"opac":100,"gray":0,"blur":0,"tint":{"rgb":"#FFF","opac":0}},"pos":{"type":"crop","fit":{"bg":{"color":{"rgb":"#FFF","opac":100}},"vali":"center","hali":"center"},"crop":{"poi":{"x":718,"y":410}}},"measures":{"size":{"width":1440,"height":803}},"orig":{"rType":"asset","rSubType":"image","fileName":"coverauthor.png","fileSize":306696,"aid":"B-s2RjWw19","val":"mc-4c9af61ed93557ffb595687c73a4831c.png"}},"gradient":{"angle":0,"opac":1,"stops":[{"color":"#000000","pos":0},{"color":"#000000","pos":100}]}},"title":{"rType":"text","val":"EN: Register"}}},"p0sdrwRIl1":{"id":"p0sdrwRIl1","type":"interactive","subtype":"interactiveImage","setup":{"img":{"filt":{"opac":100,"gray":0,"blur":0,"tint":{"rgb":"#FFF","opac":0}},"pos":{"type":"fit","fit":{"bg":{"color":{"rgb":"#FFF","opac":1}},"vali":"center","hali":"center"},"crop":{"bg":{"color":{"rgb":"#FFF","opac":0}},"poi":{"x":225,"y":69}},"mask":{"shape":1}},"measures":{"size":{"width":600,"height":140}},"orig":{"rType":"asset","rSubType":"image","fileName":"logo-iseazyauhtor-academy.png","fileSize":21584,"val":"mc-d34dbe7990b2b9bc7254832a31d0a158.png","aid":"9qKn4MOdew"}}}}},"v":"1"}