﻿<?xml version="1.0" encoding="utf-8"?>
<manifest identifier="_5sP7HJC1LWS_course_id" version="1.0" xmlns="http://www.imsproject.org/xsd/imscp_rootv1p1p2" xmlns:adlcp="http://www.adlnet.org/xsd/adlcp_rootv1p2" xmlns:xsi="http://www.w3.org/2001/XMLSchema-instance" xsi:schemaLocation="http://www.imsproject.org/xsd/imscp_rootv1p1p2 imscp_rootv1p1p2.xsd http://www.imsglobal.org/xsd/imsmd_rootv1p2p1 imsmd_rootv1p2p1.xsd http://www.adlnet.org/xsd/adlcp_rootv1p2 adlcp_rootv1p2.xsd">
  <metadata>
    <schema>ADL SCORM</schema>
    <schemaversion>1.2</schemaversion>
    <lom xmlns="http://www.imsglobal.org/xsd/imsmd_rootv1p2p1" xmlns:xsi="http://www.w3.org/2001/XMLSchema-instance" xsi:schemaLocation="http://www.imsglobal.org/xsd/imsmd_rootv1p2p1 imsmd_rootv1p2p1.xsd">
      <general>
        <title>
          <langstring xml:lang="x-none">Personal &amp; Retail Insurance</langstring>
        </title>
      </general>
      <lifecycle>
        <version>
          <langstring xml:lang="x-none">1</langstring>
        </version>
        <status>
          <source>
            <langstring xml:lang="x-none">LOMv1.0</langstring>
          </source>
          <value>
            <langstring xml:lang="x-none">Final</langstring>
          </value>
        </status>
      </lifecycle>
      <metametadata>
        <metadatascheme>ADL SCORM 1.2</metadatascheme>
      </metametadata>
      <educational>
        <typicallearningtime>
          <datetime>PT0H0M0S</datetime>
        </typicallearningtime>
      </educational>
      <rights>
        <cost>
          <source>
            <langstring xml:lang="x-none">LOMv1.0</langstring>
          </source>
          <value>
            <langstring xml:lang="x-none">yes</langstring>
          </value>
        </cost>
        <copyrightandotherrestrictions>
          <source>
            <langstring xml:lang="x-none">LOMv1.0</langstring>
          </source>
          <value>
            <langstring xml:lang="x-none">yes</langstring>
          </value>
        </copyrightandotherrestrictions>
      </rights>
    </lom>
  </metadata>
  <organizations default="Personal_&amp;_Retail_Insurance_ORG">
    <organization identifier="Personal_&amp;_Retail_Insurance_ORG">
      <title>Personal &amp; Retail Insurance</title>
      <item identifier="E-mail_Etiquette_SCO" isvisible="true" identifierref="__5sP7HJC1LWS_course_id_RES">
        <title>Personal &amp; Retail Insurance</title>
      </item>
    </organization>
  </organizations>
  <resources>
    <resource identifier="__5sP7HJC1LWS_course_id_RES" type="webcontent" href="index_lms.html" adlcp:scormtype="sco">
      <file href="story_content/thumbnail.jpg" />
      <file href="mobile/6EVxHd8gItY_80_DX1408_DY1408_CX600_CY704.png" />
      <file href="mobile/5v1ovMvFAf1_80_DX1210_DY1210_CX907_CY795.png" />
      <file href="mobile/67cpIByMZsA_80_DX316_DY316_CX237_CY210.png" />
      <file href="mobile/6i3Txx8r3lA_80_DX140_DY140_CX82_CY103.png" />
      <file href="mobile/6TTKiWCqrea_80_DX168_DY168_CX125_CY120.png" />
      <file href="mobile/5p5tVZSHN82_80_DX168_DY168_CX126_CY113.png" />
      <file href="mobile/64X0DfQyYWc_80_DX168_DY168_CX124_CY91.png" />
      <file href="mobile/6nIkQxO0FE4_80_DX160_DY160_CX120_CY120.png" />
      <file href="mobile/5YfTBztsCUj_80_DX162_DY162_CX121_CY113.png" />
      <file href="mobile/6SnN7p5CWVx_80_DX124_DY124_CX93_CY90.png" />
      <file href="mobile/6ktmJFZNdJ4_80_DX192_DY192_CX143_CY99.png" />
      <file href="mobile/6KtWAsba1UR_80_DX72_DY72_CX54_CY48.png" />
      <file href="mobile/6bUEEs2f4E3_80_DX378_DY378_CX282_CY73.png" />
      <file href="story_content/6GR8rajcBAj_22050_56_0.mp3" />
      <file href="mobile/6jTMln2971r_80_DX188_DY188_CX141_CY54.png" />
      <file href="mobile/613FaztKSJL_80_DX192_DY192_CX96_CY36.png" />
      <file href="mobile/69peZzHZdAg_80_DX188_DY188_CX141_CY53.png" />
      <file href="mobile/63yeZ3rPkli_XY_80_DX28_DY28_CX19_CY21.png" />
      <file href="mobile/63yeZ3rPkli_80_DX28_DY28_CX19_CY21.png" />
      <file href="mobile/6UKXu1JzYFZ_80_DX206_DY206_CX154_CY150.png" />
      <file href="mobile/5sMqh8YaDuK_80_DX144_DY144_CX106_CY90.png" />
      <file href="mobile/6p0vGAGebrP_80_DX362_DY362_CX270_CY151.png" />
      <file href="mobile/5cROyGiZKyi_80_DX700_DY700_CX492_CY316.png" />
      <file href="mobile/5cROyGiZKyi_X_80_DX700_DY700_CX492_CY316.png" />
      <file href="mobile/5vqil66zQ2O_80_DX206_DY206_CX153_CY75.png" />
      <file href="mobile/6aLRShaCUh4_80_DX202_DY202_CX130_CY151.png" />
      <file href="story_content/6Z8MCj8vzPl_22050_56_0.mp3" />
      <file href="story_content/6R4Q3IMzRUG_22050_56_0.mp3" />
      <file href="mobile/63YnHgBDyWp_80_DX240_DY240_CX162_CY180.png" />
      <file href="mobile/5XEvPUTiieT_80_DX216_DY216_CX161_CY109.png" />
      <file href="mobile/6lJY9ktENn4_80_DX240_DY240_CX123_CY180.png" />
      <file href="mobile/5kxBKKmYgZw_80_DX410_DY410_CX307_CY104.png" />
      <file href="mobile/6Vrl4PdN2tq_80_DX304_DY304_CX228_CY228.png" />
      <file href="mobile/6gKpBZm6wM7_80_DX732_DY732_CX127_CY544.png" />
      <file href="mobile/6P10yzvWU6O_80_DX40_DY40_CX29_CY21.png" />
      <file href="mobile/6StIJZA6HYz_80_DX40_DY40_CX21_CY30.png" />
      <file href="mobile/5sxu5JxKNf2_80_DX38_DY38_CX25_CY28.png" />
      <file href="story_content/6c4uutWlPUR_22050_56_0.mp3" />
      <file href="mobile/5u36iKmsaOm_80_DX1488_DY1488_CX1116_CY956.png" />
      <file href="story_content/6FJrespkwOL_22050_56_0.mp3" />
      <file href="mobile/5ws2SyO1ttV_80_DX1382_DY1382_CX547_CY870.png" />
      <file href="mobile/5u0OQhojWta_80_DX332_DY332_CX249_CY62.png" />
      <file href="mobile/6YwBTsCd1Y1_80_DX30_DY30_CX22_CY22.png" />
      <file href="story_content/5pp3zn8mbUh_22050_56_0.mp3" />
      <file href="story_content/5Xg7cQLDL93_22050_56_0.mp3" />
      <file href="mobile/651TkGj9fXQ_80_DX160_DY160_CX103_CY72.png" />
      <file href="mobile/5VvXWajJgCJ_80_DX492_DY492_CX231_CY369.png" />
      <file href="mobile/5rjrWJeoYJP_80_DX142_DY142_CX106_CY74.png" />
      <file href="mobile/5YH8dnqWtL3_80_DX200_DY200_CX133_CY149.png" />
      <file href="mobile/5i4i3Z2PYlD_80_DX342_DY342_CX251_CY256.png" />
      <file href="mobile/5dS2YItXn59_80_DX160_DY160_CX103_CY72.png" />
      <file href="mobile/5ZlvLSfwmhz_80_DX140_DY140_CX82_CY104.png" />
      <file href="mobile/6G6vQlQ5EVa_80_DX342_DY342_CX251_CY256.png" />
      <file href="mobile/6YvillGA0RW_80_DX166_DY166_CX124_CY90.png" />
      <file href="mobile/6QHhIn7LAeA_80_DX168_DY168_CX125_CY60.png" />
      <file href="mobile/6J0vKsf3ucL_80_DX140_DY140_CX97_CY104.png" />
      <file href="mobile/5cINWm1kNZA_80_DX204_DY204_CX153_CY105.png" />
      <file href="story_content/64swVNF25bp_22050_56_0.mp3" />
      <file href="mobile/6mFpZaeDzPj_80_DX176_DY176_CX132_CY132.png" />
      <file href="mobile/5sGZmLpwI4R_80_DX126_DY126_CX94_CY74.png" />
      <file href="mobile/6cKf3GgQBvV_80_DX330_DY330_CX247_CY166.png" />
      <file href="mobile/6g4FIRgWdV8_80_DX328_DY328_CX245_CY202.png" />
      <file href="mobile/6XxemkmrilH_80_DX314_DY314_CX235_CY197.png" />
      <file href="mobile/60ZWSkiFeyw_80_DX258_DY258_CX189_CY193.png" />
      <file href="story_content/67xRuZYyL0y_22050_56_0.mp3" />
      <file href="mobile/6CQiUkHvm0M_X_80_DX326_DY326_CX244_CY139.png" />
      <file href="mobile/5UsvWNeLgSC_X_80_DX160_DY160_CX120_CY120.png" />
      <file href="mobile/5cRiXkjIM7K_80_DX110_DY110_CX82_CY80.png" />
      <file href="mobile/5my6i3CXgne_X_80_DX324_DY324_CX243_CY138.png" />
      <file href="mobile/6NYD6HYirxJ_80_DX132_DY132_CX86_CY99.png" />
      <file href="mobile/6bxot7JL9BS_80_DX116_DY116_CX86_CY85.png" />
      <file href="mobile/66AzQnhCNT5_80_DX116_DY116_CX86_CY84.png" />
      <file href="mobile/5kDPVvmT2UE_80_DX104_DY104_CX75_CY78.png" />
      <file href="mobile/6WCmaOusnKQ_80_DX100_DY100_CX75_CY72.png" />
      <file href="mobile/62VUbmQ6zcx_80_DX100_DY100_CX74_CY72.png" />
      <file href="story_content/5c6ma8M4ZPf_22050_56_0.mp3" />
      <file href="story_content/6E46l5nrwjn_22050_56_0.mp3" />
      <file href="mobile/5sviYUNsaee_80_DX692_DY692_CX515_CY244.png" />
      <file href="mobile/6W91HxW4Vnr_80_DX368_DY368_CX83_CY276.png" />
      <file href="mobile/5nh6MUr1tGb_80_DX134_DY134_CX78_CY100.png" />
      <file href="mobile/6SrEsPPH6Ip_80_DX662_DY662_CX391_CY495.png" />
      <file href="mobile/6bo2er59Cil_80_DX142_DY142_CX106_CY59.png" />
      <file href="mobile/6kamqMNWRR0_80_DX770_DY770_CX577_CY494.png" />
      <file href="mobile/6NXcgMd9uvU_80_DX158_DY158_CX118_CY115.png" />
      <file href="mobile/5d46QfzVbtU_80_DX118_DY118_CX64_CY88.png" />
      <file href="mobile/5bCEQ6cmrgq_80_DX192_DY192_CX144_CY105.png" />
      <file href="mobile/6iRztdFX9qi_80_DX124_DY124_CX93_CY86.png" />
      <file href="mobile/6qHmBb1BUNV_80_DX158_DY158_CX118_CY68.png" />
      <file href="mobile/6BNFY5pfnUJ_80_DX128_DY128_CX73_CY93.png" />
      <file href="story_content/5tGVlgP85ZS_22050_56_0.mp3" />
      <file href="mobile/5rCfLFEKDAA_80_DX590_DY590_CX424_CY333.png" />
      <file href="mobile/6iVaa4LVXSU_80_DX652_DY652_CX489_CY384.png" />
      <file href="mobile/6H99WlZNFE5_80_DX346_DY346_CX259_CY203.png" />
      <file href="mobile/5gQ9nBkoH7j_80_DX346_DY346_CX259_CY203.png" />
      <file href="mobile/6olcJO2ULt7_80_DX468_DY468_CX351_CY276.png" />
      <file href="mobile/6qzzLycwPZ9_80_DX564_DY564_CX330_CY423.png" />
      <file href="mobile/5WJwiLOKg0J_80_DX408_DY408_CX301_CY306.png" />
      <file href="story_content/5vRYGEZnpGX_22050_56_0.mp3" />
      <file href="mobile/6BfbzEHrtxA_80_DX192_DY192_CX124_CY144.png" />
      <file href="mobile/62vap5wioOG_80_DX712_DY712_CX331_CY533.png" />
      <file href="mobile/5m5jOUIsmjH_80_DX56_DY56_CX27_CY42.png" />
      <file href="story_content/6YGUtR5i7WM_22050_56_0.mp3" />
      <file href="story_content/6nvHLIcHfmv_22050_56_0.mp3" />
      <file href="story_content/6ftiRe2sPUA_22050_56_0.mp3" />
      <file href="mobile/5gxolANSn9E_80_DX460_DY460_CX228_CY343.png" />
      <file href="mobile/5mgxaXtzrPz_80_DX1114_DY1114_CX834_CY505.png" />
      <file href="mobile/5VmyneDWuGH_80_DX214_DY214_CX160_CY145.png" />
      <file href="mobile/66r2bTZ8DIB_80_DX260_DY260_CX154_CY193.png" />
      <file href="mobile/5UuRxz0MhlA_80_DX194_DY194_CX145_CY92.png" />
      <file href="mobile/5X9lS7D6uWd_80_DX240_DY240_CX135_CY179.png" />
      <file href="mobile/6dLT2pj2Bm1_80_DX258_DY258_CX193_CY150.png" />
      <file href="mobile/6550nsFrJZR_80_DX320_DY320_CX228_CY240.png" />
      <file href="mobile/5pp8R6pdZQU_80_DX434_DY434_CX325_CY119.png" />
      <file href="mobile/5ohHqALiyye_80_DX290_DY290_CX217_CY209.png" />
      <file href="mobile/6MGqSNzt2du_80_DX194_DY194_CX145_CY135.png" />
      <file href="mobile/5v4xlLAB2vI_80_DX340_DY340_CX243_CY225.png" />
      <file href="mobile/6Hug4EGbJrO_80_DX480_DY480_CX220_CY358.png" />
      <file href="mobile/6iz6bzY9x3D_80_DX80_DY80_CX60_CY60.png" />
      <file href="mobile/5wie4oOvQbJ_80_DX20_DY20_CX15_CY15.png" />
      <file href="mobile/5sNznwfIiBo_80_DX340_DY340_CX216_CY254.png" />
      <file href="mobile/6Q6FcIuTE7W_80_DX226_DY226_CX169_CY75.png" />
      <file href="mobile/6KLUs0Yj6Sc_80_DX722_DY722_CX541_CY345.png" />
      <file href="mobile/5vPXQ36R9MC_80_DX1376_DY1376_CX1032_CY811.png" />
      <file href="mobile/6nM21Qj5z7D_80_DX524_DY524_CX390_CY190.png" />
      <file href="mobile/5XqLJGNguOj_80_DX1304_DY1304_CX974_CY442.png" />
      <file href="story_content/6lorwLRhP3R_22050_56_0.mp3" />
      <file href="mobile/5vPXQ36R9MC_80_DX1374_DY1374_CX532_CY418.png" />
      <file href="mobile/6nM21Qj5z7D_80_DX522_DY522_CX202_CY98.png" />
      <file href="mobile/5XqLJGNguOj_80_DX1302_DY1302_CX503_CY228.png" />
      <file href="mobile/5lcFC1Ylzte_80_DX244_DY244_CX182_CY139.png" />
      <file href="mobile/5ydVTbI8ylo_80_DX246_DY246_CX183_CY102.png" />
      <file href="mobile/6EcBfowka1Q_80_DX246_DY246_CX183_CY93.png" />
      <file href="mobile/6FGChPMgElB_80_DX184_DY184_CX124_CY138.png" />
      <file href="mobile/6K2pGWz9uMx_80_DX408_DY408_CX304_CY144.png" />
      <file href="mobile/6XralGMjNNu_80_DX408_DY408_CX304_CY139.png" />
      <file href="mobile/5eAaCaMI8iJ_80_DX262_DY262_CX196_CY144.png" />
      <file href="mobile/6hEZ5WGpKBb_80_DX302_DY302_CX225_CY127.png" />
      <file href="mobile/6fMDJj2n8jb_80_DX298_DY298_CX223_CY150.png" />
      <file href="mobile/5iAbp7DDRBJ_80_DX276_DY276_CX205_CY130.png" />
      <file href="mobile/5pn9wf7yuHs_80_DX324_DY324_CX243_CY120.png" />
      <file href="story_content/5lx6qAqKXd9_22050_56_0.mp3" />
      <file href="mobile/5t2IOKYFrr2_80_DX528_DY528_CX262_CY396.png" />
      <file href="mobile/5to0qZCVJUM_80_DX132_DY132_CX99_CY27.png" />
      <file href="mobile/5mdOPW0GUKC_80_DX132_DY132_CX75_CY24.png" />
      <file href="mobile/6bsFYS6b1V7_80_DX284_DY284_CX119_CY15.png" />
      <file href="mobile/5vaoeK2CBlC_80_DX126_DY126_CX94_CY60.png" />
      <file href="mobile/6MpikNpdcXD_80_DX140_DY140_CX105_CY83.png" />
      <file href="mobile/5vPXQ36R9MC_80_DX1374_DY1374_CX396_CY311.png" />
      <file href="mobile/6jQM19PfHCM_80_DX590_DY590_CX442_CY201.png" />
      <file href="mobile/6UvO2EaPPAh_80_DX264_DY264_CX198_CY97.png" />
      <file href="story_content/60bw7RZykX2_22050_56_0.mp3" />
      <file href="mobile/6X3Gt629Ndn_80_DX144_DY144_CX76_CY107.png" />
      <file href="mobile/6GAYMazVTpN_80_DX144_DY144_CX108_CY75.png" />
      <file href="mobile/6flBTakFyZY_80_DX154_DY154_CX115_CY62.png" />
      <file href="story_content/6VqL0eyzZ93_22050_56_0.mp3" />
      <file href="story_content/6NH54tDLjDS_22050_56_0.mp3" />
      <file href="story_content/5dtaIXiWS9M_22050_56_0.mp3" />
      <file href="mobile/5qKGVBjZTh0_80_DX156_DY156_CX117_CY102.png" />
      <file href="mobile/6KgKkYm5Y16_80_DX150_DY150_CX112_CY85.png" />
      <file href="mobile/6WLRmzbXN9p_80_DX148_DY148_CX64_CY111.png" />
      <file href="mobile/5VoIsZJdThp_80_DX144_DY144_CX93_CY108.png" />
      <file href="mobile/60FLqhpx0MZ_80_DX164_DY164_CX43_CY121.png" />
      <file href="mobile/5qexnjnem1U_80_DX128_DY128_CX95_CY82.png" />
      <file href="mobile/69RJQ4WoTKm_80_DX336_DY336_CX217_CY252.png" />
      <file href="mobile/6J4yZD8gvRs_80_DX208_DY208_CX134_CY156.png" />
      <file href="story_content/6TA98DkvpJR_22050_56_0.mp3" />
      <file href="story_content/6J3e69Tqulf_22050_56_0.mp3" />
      <file href="mobile/5bOfwut17JA_80_DX306_DY306_CX228_CY220.png" />
      <file href="mobile/5fdWk862nK5_80_RG_DX306_DY306_CX228_CY220.png" />
      <file href="mobile/5fdWk862nK5_80_DX306_DY306_CX228_CY220.png" />
      <file href="mobile/5lHjmgEAEYu_80_DX134_DY134_CX87_CY100.png" />
      <file href="mobile/6oOC8sopEQH_80_DX116_DY116_CX86_CY84.png" />
      <file href="mobile/628BtDLQupq_80_DX128_DY128_CX87_CY95.png" />
      <file href="mobile/60D4QHGUdLo_80_DX116_DY116_CX86_CY84.png" />
      <file href="mobile/6nhbo97LTyL_80_DX116_DY116_CX86_CY84.png" />
      <file href="story_content/5s8sZ5gl2Bp_22050_56_0.mp3" />
      <file href="mobile/6FqDJZSHCPg_80_DX1146_DY1146_CX844_CY691.png" />
      <file href="mobile/5kf3FWjfz5J_80_DX646_DY646_CX484_CY369.png" />
      <file href="mobile/5kZSRD7oeAd_80_DX714_DY714_CX535_CY40.png" />
      <file href="mobile/6hYscNqw9qO_80_DX454_DY454_CX340_CY167.png" />
      <file href="mobile/5bj3nrGr7bP_80_DX174_DY174_CX25_CY66.png" />
      <file href="mobile/6dB6IB7brTu_80_DX184_DY184_CX7_CY69.png" />
      <file href="mobile/6EpeEDgSzee_80_DX184_DY184_CX10_CY70.png" />
      <file href="mobile/5W5TIWUxIkL_80_DX182_DY182_CX22_CY69.png" />
      <file href="mobile/5fHcZn97MGH_80_DX146_DY146_CX75_CY103.png" />
      <file href="mobile/6BOlbQYIN31_80_DX152_DY152_CX114_CY50.png" />
      <file href="mobile/6dhJEvQzEeZ_80_DX196_DY196_CX133_CY142.png" />
      <file href="mobile/5aADdqdGQNk_80_DX130_DY130_CX58_CY97.png" />
      <file href="mobile/5yBLtAiz15l_80_DX180_DY180_CX135_CY102.png" />
      <file href="mobile/5VjpcjUoIvT_80_DX164_DY164_CX114_CY113.png" />
      <file href="mobile/5l3Yakll3qQ_80_DX128_DY128_CX90_CY90.png" />
      <file href="mobile/5l3Yakll3qQ_80_DX128_DY128_CX72_CY72.png" />
      <file href="story_content/5jrm521iJXc_22050_56_0.mp3" />
      <file href="story_content/5xqk7EHqXsa_22050_56_0.mp3" />
      <file href="mobile/6XNy7uksUg4_80_P_986_0_305_299_DX760_DY760_CX135_CY132.png" />
      <file href="mobile/6NAcLYdCsyw_80_DX198_DY198_CX99_CY90.png" />
      <file href="mobile/6hXccS31EVH_80_DX1624_DY1624_CX1218_CY148.png" />
      <file href="mobile/6VckPmQ3e9L_80_DX314_DY314_CX234_CY184.png" />
      <file href="mobile/5ydYSpQ7IQK_80_DX358_DY358_CX268_CY62.png" />
      <file href="mobile/6FCWruboU4C_80_DX358_DY358_CX266_CY61.png" />
      <file href="mobile/6AUFc37Jz5u_80_DX1146_DY1146_CX798_CY112.png" />
      <file href="mobile/5bqrafhcvSO_80_DX224_DY224_CX168_CY167.png" />
      <file href="mobile/5b28M7xyfDT_80_DX130_DY130_CX97_CY88.png" />
      <file href="story_content/5ZQd2ZVTKtX_22050_56_0.mp3" />
      <file href="mobile/6Cpto4Hq5Tj_80_DX144_DY144_CX107_CY88.png" />
      <file href="story_content/65Ekl6gsSrs_22050_56_0.mp3" />
      <file href="story_content/5XB5Nlqng24_22050_56_0.mp3" />
      <file href="story_content/67GCt72M0hs_22050_56_0.mp3" />
      <file href="story_content/6HiYXAYmdXg_22050_56_0.mp3" />
      <file href="story_content/69zrTysH0oa_22050_56_0.mp3" />
      <file href="story_content/5WWOuAs7SNO_22050_56_0.mp3" />
      <file href="story_content/6UHehOaxSnm_22050_56_0.mp3" />
      <file href="story_content/6GOprCnsfwN_22050_56_0.mp3" />
      <file href="story_content/5m7abQba28P_22050_56_0.mp3" />
      <file href="story_content/video_6CJ8FCFfVJi_22_56_1080x700.mp4" />
      <file href="mobile/video_6CJ8FCFfVJi_22_56_1080x700.jpg" />
      <file href="story_content/60oCS6IijOm_22050_56_0.mp3" />
      <file href="story_content/6CNvFici094_22050_56_0.mp3" />
      <file href="story_content/6HeWq1JawG1_22050_56_0.mp3" />
      <file href="mobile/6aOczHpX64R_80_DX560_DY560_CX419_CY400.png" />
      <file href="mobile/6dHQIRpDtTa_80_DX808_DY808_CX606_CY123.png" />
      <file href="mobile/5pFy4HghgwD_80_DX444_DY444_CX333_CY228.png" />
      <file href="mobile/6D6ABEkhjsZ_80_DX192_DY192_CX64_CY144.png" />
      <file href="mobile/5YcIe8rD8os_80_DX288_DY288_CX216_CY77.png" />
      <file href="mobile/6dImuLxiaqd_80_DX208_DY208_CX155_CY126.png" />
      <file href="mobile/5cC7IfoY1sZ_X_80_DX192_DY192_CX144_CY54.png" />
      <file href="mobile/6gzPVF8Orua_80_DX152_DY152_CX46_CY114.png" />
      <file href="story_content/5sBj4Ae8xgu_22050_56_0.mp3" />
      <file href="mobile/6LU3hlCKHEH_80_DX606_DY606_CX413_CY454.png" />
      <file href="mobile/6Nuh0dPyX4Y_80_DX610_DY610_CX455_CY153.png" />
      <file href="mobile/6lo0JEP0rrD_80_DX346_DY346_CX259_CY84.png" />
      <file href="mobile/6cXxZ7sSj7G_80_DX254_DY254_CX190_CY108.png" />
      <file href="mobile/6cXxZ7sSj7G_80_DX252_DY252_CX147_CY84.png" />
      <file href="mobile/6E622ugfGjT_80_DX138_DY138_CX103_CY83.png" />
      <file href="mobile/6lo0JEP0rrD_80_DX344_DY344_CX148_CY48.png" />
      <file href="mobile/6Nuh0dPyX4Y_80_DX608_DY608_CX202_CY68.png" />
      <file href="mobile/6SwghsesIz7_80_DX126_DY126_CX94_CY47.png" />
      <file href="mobile/6J4uxUNCgv8_X_80_DX166_DY166_CX124_CY60.png" />
      <file href="mobile/6LU3hlCKHEH_80_DX606_DY606_CX130_CY143.png" />
      <file href="mobile/5npeugkIDfc_80_DX144_DY144_CX108_CY96.png" />
      <file href="story_content/6ngQroL573G_22050_56_0.mp3" />
      <file href="mobile/6SJBFEFEvhQ_80_DX320_DY320_CX177_CY144.png" />
      <file href="mobile/6DaGj9CQnsX_80_DX224_DY224_CX144_CY167.png" />
      <file href="story_content/6MItJjMtMXE_22050_56_0.mp3" />
      <file href="mobile/5ZJp1NRN1Et_80_DX254_DY254_CX190_CY144.png" />
      <file href="mobile/6VQGquHZPsK_80_DX208_DY208_CX138_CY156.png" />
      <file href="mobile/64KlpLxUae9_80_DX120_DY120_CX90_CY90.png" />
      <file href="mobile/6hqKH0023rE_80_DX120_DY120_CX90_CY90.png" />
      <file href="mobile/6EONvKCFEpO_80_DX142_DY142_CX92_CY106.png" />
      <file href="story_content/69S2YPGk62Q_22050_56_0.mp3" />
      <file href="mobile/5wtsyHTu8Xt_80_DX2192_DY2192_CX783_CY135.png" />
      <file href="mobile/6RQ7Dg2sdIo_80_DX484_DY484_CX363_CY117.png" />
      <file href="mobile/6cR6r6CAOlb_80_DX484_DY484_CX363_CY116.png" />
      <file href="mobile/6RYIiWM5xvJ_80_DX394_DY394_CX295_CY60.png" />
      <file href="mobile/6RYIiWM5xvJ_X_80_DX394_DY394_CX295_CY60.png" />
      <file href="mobile/6RZFA85gBIC_X_80_DX208_DY208_CX70_CY155.png" />
      <file href="mobile/6lPwcwIQBgG_80_DX484_DY484_CX363_CY116.png" />
      <file href="mobile/6cEuK8M2cCY_80_DX460_DY460_CX345_CY117.png" />
      <file href="story_content/6l1qaTc4hKe_22050_56_0.mp3" />
      <file href="story_content/6ApmIrSHGfl_22050_56_0.mp3" />
      <file href="story_content/6eQApzXOd3W_22050_56_0.mp3" />
      <file href="mobile/6Zf69eTL67m_80_DX290_DY290_CX214_CY70.png" />
      <file href="mobile/6gMuKXqsYR1_80_DX254_DY254_CX190_CY120.png" />
      <file href="mobile/6rCGUdXC6UD_80_DX290_DY290_CX216_CY84.png" />
      <file href="mobile/6ewhR7A4ul7_80_DX308_DY308_CX230_CY108.png" />
      <file href="mobile/6aIymve6U66_80_DX290_DY290_CX217_CY68.png" />
      <file href="story_content/6N2ksCZo8sk_22050_56_0.mp3" />
      <file href="story_content/6agapsXL7aV_22050_56_0.mp3" />
      <file href="mobile/6SJBFEFEvhQ_80_DX320_DY320_CX240_CY195.png" />
      <file href="story_content/5g0lnSscrqm_22050_56_0.mp3" />
      <file href="story_content/6ekrpwNOrqI_22050_56_0.mp3" />
      <file href="story_content/62yGpNiWSSP_22050_56_0.mp3" />
      <file href="story_content/6PZ8krw871R_22050_56_0.mp3" />
      <file href="story_content/67XrCWZf8Rv_22050_56_0.mp3" />
      <file href="story_content/5YjxUlMXKzH_22050_56_0.mp3" />
      <file href="mobile/5nS5tqH8OgV_80_DX334_DY334_CX250_CY108.png" />
      <file href="story_content/680mQvhbK8x_22050_56_0.mp3" />
      <file href="mobile/6CnQJpDi8h0_80_DX340_DY340_CX253_CY253.png" />
      <file href="story_content/5fk8drcvgHa_22050_56_0.mp3" />
      <file href="meta.xml" />
      <file href="story_content/user.js" />
      <file href="mobile/txt__default_5WGmALSzMx3.png" />
      <file href="mobile/txt__default_6mQVGymYAdg.png" />
      <file href="mobile/txt__default_6bigSXqKZMd.png" />
      <file href="mobile/txt__default_6HFOlfl2CKk.png" />
      <file href="mobile/txt__default_5gfgCB9HqvE.png" />
      <file href="mobile/txt__default_5a6OggufOMg.png" />
      <file href="mobile/txt__default_6R5l9OcgGQN.png" />
      <file href="mobile/txt__default_6hYSUWJ3tYH.png" />
      <file href="mobile/txt__default_6c37pFeUVsa.png" />
      <file href="mobile/txt__default_6csEIS89FwV.png" />
      <file href="mobile/txt__default_6LPti1hSsff.png" />
      <file href="mobile/txt__default_6JWnEUuOfK0.png" />
      <file href="mobile/txt__default_6daSDx2Jdpf.png" />
      <file href="mobile/txt__default_6kr9VY8X3iZ.png" />
      <file href="mobile/txt__default_6CqZFECtnP8.png" />
      <file href="mobile/txt__default_62zggrT5Wqp.png" />
      <file href="mobile/txt__default_5if3dbAbiic.png" />
      <file href="mobile/txt__default_5ngq0eN33x5.png" />
      <file href="mobile/txt__default_6Ij1YUFJxGV.png" />
      <file href="mobile/txt__default_6VBIiT837Wg.png" />
      <file href="mobile/txt__default_5rCMY0iDKaF.png" />
      <file href="mobile/Shape5mPxs7nylJy.png" />
      <file href="mobile/txt__default_6k9kPX5rhyH.png" />
      <file href="mobile/txt__default_64KCNe6OtHa.png" />
      <file href="mobile/txt__default_5lO0ZHnoz3y.png" />
      <file href="mobile/txt__default_6TE7WqKfSkG.png" />
      <file href="mobile/Shape5vF8RaCaAzb.png" />
      <file href="mobile/Shape6n5WTqmu4Tq.png" />
      <file href="mobile/Shape6UgOWw8JLdT.png" />
      <file href="mobile/Shape5n0v67achR2.png" />
      <file href="mobile/Shape5xJyEqvE4vR.png" />
      <file href="mobile/Shape6bcrCFhW3ON.png" />
      <file href="mobile/Shape5Yw2ar4OVYn.png" />
      <file href="mobile/txt__default_6PnGlROCvEq.png" />
      <file href="mobile/txt__default_5WNbwilic7p.png" />
      <file href="mobile/txt__default_5eNnOzLxc1w.png" />
      <file href="mobile/txt__default_5i2MAM73txh.png" />
      <file href="mobile/txt__default_6gJTW3svzei.png" />
      <file href="mobile/txt__default_6Ea2MCvKhVj.png" />
      <file href="mobile/txt__default_6Du0D6gOzj4.png" />
      <file href="mobile/Shape5ZSxp8eKAag.png" />
      <file href="mobile/Shape6Lo9htZHGRU.png" />
      <file href="mobile/Shape5ueHvp3KMiy.png" />
      <file href="mobile/Shape5fwhh5s98aG.png" />
      <file href="mobile/Shape6ZEbAcpC8p3.png" />
      <file href="mobile/Shape5nGD75d3pB6.png" />
      <file href="mobile/Shape5lX0LwER6Cj.png" />
      <file href="mobile/Shape6Cl32LTbsk9.png" />
      <file href="mobile/txt__default_6Ft6TaWMplp.png" />
      <file href="mobile/txt__default_5hLTnrjJW4g.png" />
      <file href="mobile/Shape6nb21Z917Jt.png" />
      <file href="mobile/txt__default_6KvRacrPbvm.png" />
      <file href="mobile/txt__default_6etqPj52r0t.png" />
      <file href="mobile/txt__default_6iEAAQ4XcAG.png" />
      <file href="mobile/txt__default_5nS1u6MPUn8.png" />
      <file href="mobile/txt__default_5kXZZYGVw3G.png" />
      <file href="mobile/txt__default_5VjiSEZju8n.png" />
      <file href="mobile/txt__default_6haZrX5Jf86.png" />
      <file href="mobile/txt__default_6OTkoMTE1Wd.png" />
      <file href="mobile/txt__default_6oKpCMRp0Xq.png" />
      <file href="mobile/Shape6hqQl1OO6of.png" />
      <file href="mobile/Shape6R0IkPSZlak.png" />
      <file href="mobile/txt__default_5x6RlcjAEDk.png" />
      <file href="mobile/txt__default_6GfLwS4Nwua.png" />
      <file href="mobile/txt__default_5oxAhwviTOi.png" />
      <file href="mobile/txt__default_67aQt8YAv8j.png" />
      <file href="mobile/txt__default_6559EoDpKnh.png" />
      <file href="mobile/txt__default_5Wh68iQyiRX.png" />
      <file href="mobile/txt__default_5pVsXx0SRla.png" />
      <file href="mobile/txt__default_5ilr8IjfRQT.png" />
      <file href="mobile/txt__default_5eWuglsZZe6.png" />
      <file href="mobile/txt__default_6X98JxyTybL.png" />
      <file href="mobile/txt__default_6bGqaAso1hY.png" />
      <file href="mobile/txt__default_5VG0vBkli79.png" />
      <file href="mobile/txt__default_5Wp1Hl9jrmp.png" />
      <file href="mobile/txt__default_5cEH6NBgelY.png" />
      <file href="mobile/txt__default_5WRDsPgNDVa.png" />
      <file href="mobile/txt__default_6g968q9mQOW.png" />
      <file href="mobile/txt__default_5sAacp0CSvl.png" />
      <file href="mobile/txt__default_5vOfaar8CHg.png" />
      <file href="mobile/txt__default_6dKwX0F7zI8.png" />
      <file href="mobile/txt__default_5hKgBVjlAQC.png" />
      <file href="mobile/txt__default_6ozXGMg74hf.png" />
      <file href="mobile/Shape6jnTupRaeLp.png" />
      <file href="mobile/txt__default_64RU1Jd1doG.png" />
      <file href="mobile/txt__default_66wwPfGO3yI.png" />
      <file href="mobile/txt__default_6IJblzp8pOr.png" />
      <file href="mobile/txt__default_6GAA7uzr5Xf.png" />
      <file href="mobile/txt__default_5gS0GhlvLPu.png" />
      <file href="mobile/txt__default_5cgPkmHuJkS.png" />
      <file href="mobile/txt__default_6Yt5P0awdj7.png" />
      <file href="mobile/txt__default_6A96MhIZZlW.png" />
      <file href="mobile/txt__default_659uRkX6kz9.png" />
      <file href="mobile/txt__default_63TrXfu5a8a.png" />
      <file href="mobile/txt__default_6ZbB8sqQzpl.png" />
      <file href="mobile/txt__default_5VTFBfCzzwE.png" />
      <file href="mobile/txt__default_6PtdfvBbThF.png" />
      <file href="mobile/txt__default_5zNxrojVvVl.png" />
      <file href="mobile/txt__default_6YmwSJcaGSy.png" />
      <file href="mobile/txt__default_5mZqTTVAkjf.png" />
      <file href="mobile/Shape5zm7FExqAv3.png" />
      <file href="mobile/txt__default_6FGRLvTdSsz.png" />
      <file href="mobile/txt__default_5WEo8qUiOak.png" />
      <file href="mobile/txt__default_61DofrvqJyu.png" />
      <file href="mobile/txt__default_6j4rdfsYo67.png" />
      <file href="mobile/txt__default_5gW8y30cQqs.png" />
      <file href="mobile/txt__default_6XYXjFbWn0R.png" />
      <file href="mobile/txt__default_5opnQK52O6g.png" />
      <file href="mobile/txt__default_66eyBiQU1uf.png" />
      <file href="mobile/txt__default_5wwQvkkRKQ1.png" />
      <file href="mobile/txt__default_5WKaBSO3LP4.png" />
      <file href="mobile/txt__default_6rHALzhKSUI.png" />
      <file href="mobile/txt__default_64hSrMT8Anm.png" />
      <file href="mobile/txt__default_5xE3iD6V2xY.png" />
      <file href="mobile/txt__default_6ldmwllZpMa.png" />
      <file href="mobile/txt__default_6caNLYuTIgf.png" />
      <file href="mobile/txt__default_65DOmiEJ243.png" />
      <file href="mobile/Shape5Ug7A5se2GG.png" />
      <file href="mobile/txt__default_6hiiXDHQmKK.png" />
      <file href="mobile/txt__default_6TUFGj62ylE.png" />
      <file href="mobile/txt__default_5mp54IK87Ok.png" />
      <file href="mobile/txt__default_6631Rmjqcj2.png" />
      <file href="mobile/txt__default_6XATspWE5H1.png" />
      <file href="mobile/txt__default_5iosyew6oRC.png" />
      <file href="mobile/txt__default_5dIjhLozWSv.png" />
      <file href="mobile/txt__default_6j8IvpWeY0s.png" />
      <file href="mobile/Shape64iCj81n36v.png" />
      <file href="mobile/Shape6iLQGIrdZfR.png" />
      <file href="mobile/txt__default_5z3EqJqTaqn.png" />
      <file href="mobile/txt__default_6Qc02akC9k7.png" />
      <file href="mobile/txt__default_5qRikGjjDO9.png" />
      <file href="mobile/txt__default_5zBgVCvIWQn.png" />
      <file href="mobile/txt__default_5d6tv90XR8j.png" />
      <file href="mobile/txt__default_637VvXEQkis.png" />
      <file href="mobile/txt__default_6ZwXhqJDqqw.png" />
      <file href="mobile/txt__default_662iJuyikCB.png" />
      <file href="mobile/txt__default_6l7kbIVsffv.png" />
      <file href="mobile/txt__default_6TVKPBraK3k.png" />
      <file href="mobile/txt__default_5q79r5iBGWJ.png" />
      <file href="mobile/txt__default_6c5pdGARBvY.png" />
      <file href="mobile/txt__default_6DEZ0eY0ZJe.png" />
      <file href="mobile/txt__default_63VUVA3qcTm.png" />
      <file href="mobile/txt__default_6J0JvAp8FSV.png" />
      <file href="mobile/txt__default_5qE9pmy8emU.png" />
      <file href="mobile/txt__default_5f49KhOcS30.png" />
      <file href="mobile/Shape692LW11XH4J.png" />
      <file href="mobile/txt__default_5iINqNY5JiT.png" />
      <file href="mobile/txt__default_66LC8XCIsdn.png" />
      <file href="mobile/txt__default_61ZcpbJ2afl.png" />
      <file href="mobile/txt__default_5vdqeN7oIcT.png" />
      <file href="mobile/txt__default_5eUizlPUXbg.png" />
      <file href="mobile/txt__default_69ODZsTpvjj.png" />
      <file href="mobile/txt__default_5jMCicjr9Uv.png" />
      <file href="mobile/txt__default_5qGlAsxDZYS.png" />
      <file href="mobile/txt__default_6Tadb4Rrx57.png" />
      <file href="mobile/txt__default_6gDWWsbKJMG.png" />
      <file href="mobile/txt__default_5uf0uCxwh5S.png" />
      <file href="mobile/txt__default_6YAM4klEoGx.png" />
      <file href="mobile/txt__default_5YMS705eIbo.png" />
      <file href="mobile/txt__default_60YGwFxCp7l.png" />
      <file href="mobile/txt__default_6hP4JGhn4wN.png" />
      <file href="mobile/txt__default_6AHlFbQLtdE.png" />
      <file href="mobile/Shape6cMGlxwOLcv.png" />
      <file href="html5/data/css/output.min.css" />
      <file href="html5/data/js/5aCse5L9F1M.js" />
      <file href="html5/data/js/5dpx6Mt1MPp.js" />
      <file href="html5/data/js/5fNjTFTtasu.js" />
      <file href="html5/data/js/5ibFfnUhIUB.js" />
      <file href="html5/data/js/5jQog2Hzf0j.js" />
      <file href="html5/data/js/5kas4XWGoux.js" />
      <file href="html5/data/js/5lIEqwEFnK6.js" />
      <file href="html5/data/js/5n7EELoj5cb.js" />
      <file href="html5/data/js/5pMdAnyQDv9.js" />
      <file href="html5/data/js/5wOWbX78Diu.js" />
      <file href="html5/data/js/5yCFuDLr5nT.js" />
      <file href="html5/data/js/5ZEfZYVkaSs.js" />
      <file href="html5/data/js/62kr8I8P68N.js" />
      <file href="html5/data/js/65E5O8pTT6w.js" />
      <file href="html5/data/js/66C2vv4nMcm.js" />
      <file href="html5/data/js/671WXJqBBPG.js" />
      <file href="html5/data/js/6bSbLwhRA6p.js" />
      <file href="html5/data/js/6D8fsKTRZKS.js" />
      <file href="html5/data/js/6FneLoMqpTu.js" />
      <file href="html5/data/js/6gbo4nQyXig.js" />
      <file href="html5/data/js/6gEVZZb8USS.js" />
      <file href="html5/data/js/6hmVTCtc49X.js" />
      <file href="html5/data/js/6JeumSwIS4D.js" />
      <file href="html5/data/js/6kXq3R6nqTz.js" />
      <file href="html5/data/js/6qwDAx0kUWI.js" />
      <file href="html5/data/js/6TrwC5IBNPl.js" />
      <file href="html5/data/js/6XERLjmwHHJ.js" />
      <file href="html5/data/js/data.js" />
      <file href="html5/data/js/frame.js" />
      <file href="html5/data/js/paths.js" />
      <file href="html5/lib/scripts/app.min.js" />
      <file href="html5/lib/stylesheets/main.min.css" />
      <file href="html5/lib/stylesheets/mobile-fonts/open-sans-bold.woff" />
      <file href="html5/lib/stylesheets/mobile-fonts/open-sans-light.woff" />
      <file href="html5/lib/stylesheets/mobile-fonts/open-sans-regular.woff" />
      <file href="story.html" />
      <file href="story_html5.html" />
      <file href="analytics-frame.html" />
      <file href="story_content/blank.html" />
      <file href="story_content/story.js" />
      <file href="index_lms.html" />
      <file href="index_lms_html5.html" />
      <file href="lms/AICCComm.html" />
      <file href="lms/AICCFunctions.js" />
      <file href="lms/API.js" />
      <file href="lms/APIConstants.js" />
      <file href="lms/blank.html" />
      <file href="lms/browsersniff.js" />
      <file href="lms/Configuration.js" />
      <file href="lms/goodbye.html" />
      <file href="lms/lms.js" />
      <file href="lms/LMSAPI.js" />
      <file href="lms/NONEFunctions.js" />
      <file href="lms/SCORM2004Functions.js" />
      <file href="lms/SCORMFunctions.js" />
      <file href="lms/UtilityFunctions.js" />
    </resource>
  </resources>
</manifest>